[16Feb2025 03:35:13.947] [main/INFO] [cpw.mods.modlauncher.Launcher/MODLAUNCHER]: ModLauncher running: args [--launchTarget, forgeserver, --fml.forgeVersion, 43.4.2, --fml.mcVersion, 1.19.2, --fml.forgeGroup, net.minecraftforge, --fml.mcpVersion, 20220805.130853, nogui]
[16Feb2025 03:35:13.951] [main/INFO] [cpw.mods.modlauncher.Launcher/MODLAUNCHER]: ModLauncher 10.0.8+10.0.8+main.0ef7e830 starting: java version 17.0.14 by Ubuntu; OS Linux arch amd64 version 6.5.0-1025-azure
[16Feb2025 03:35:13.974] [main/DEBUG] [cpw.mods.modlauncher.LaunchServiceHandler/MODLAUNCHER]: Found launch services [fmlclientdev,forgeclient,minecraft,forgegametestserverdev,fmlserveruserdev,fmlclient,fmldatauserdev,forgeserverdev,forgeserveruserdev,forgeclientdev,forgeclientuserdev,forgeserver,forgedatadev,fmlserver,fmlclientuserdev,fmlserverdev,forgedatauserdev,testharness,forgegametestserveruserdev]
[16Feb2025 03:35:13.986] [main/DEBUG] [cpw.mods.modlauncher.NameMappingServiceHandler/MODLAUNCHER]: Found naming services : [srgtomcp]
[16Feb2025 03:35:13.998] [main/DEBUG] [cpw.mods.modlauncher.LaunchPluginHandler/MODLAUNCHER]: Found launch plugins: [mixin,eventbus,slf4jfixer,object_holder_definalize,runtime_enum_extender,capability_token_subclass,accesstransformer,runtimedistcleaner]
[16Feb2025 03:35:14.009] [main/DEBUG] [cpw.mods.modlauncher.TransformationServicesHandler/MODLAUNCHER]: Discovering transformation services
[16Feb2025 03:35:14.615] [main/DEBUG] [cpw.mods.modlauncher.TransformationServicesHandler/MODLAUNCHER]: Found additional transformation services from discovery services: 
[16Feb2025 03:35:14.623] [main/DEBUG] [cpw.mods.modlauncher.TransformationServicesHandler/MODLAUNCHER]: Found transformer services : [mixin,fml]
[16Feb2025 03:35:14.623] [main/DEBUG] [cpw.mods.modlauncher.TransformationServicesHandler/MODLAUNCHER]: Transformation services loading
[16Feb2025 03:35:14.624] [main/DEBUG] [cpw.mods.modlauncher.TransformationServiceDecorator/MODLAUNCHER]: Loading service mixin
[16Feb2025 03:35:14.624] [main/DEBUG] [cpw.mods.modlauncher.TransformationServiceDecorator/MODLAUNCHER]: Loaded service mixin
[16Feb2025 03:35:14.624] [main/DEBUG] [cpw.mods.modlauncher.TransformationServiceDecorator/MODLAUNCHER]: Loading service fml
[16Feb2025 03:35:14.626] [main/DEBUG] [net.minecraftforge.fml.loading.LauncherVersion/CORE]: Found FMLLauncher version 1.0
[16Feb2025 03:35:14.626] [main/DEBUG] [net.minecraftforge.fml.loading.FMLLoader/CORE]: FML 1.0 loading
[16Feb2025 03:35:14.626] [main/DEBUG] [net.minecraftforge.fml.loading.FMLLoader/CORE]: FML found ModLauncher version : 10.0.8+10.0.8+main.0ef7e830
[16Feb2025 03:35:14.627] [main/DEBUG] [net.minecraftforge.fml.loading.FMLLoader/CORE]: FML found AccessTransformer version : 8.0.4+66+master.c09db6d7
[16Feb2025 03:35:14.627] [main/DEBUG] [net.minecraftforge.fml.loading.FMLLoader/CORE]: FML found EventBus version : 6.0.3+6.0.3+master.039e4ea9
[16Feb2025 03:35:14.627] [main/DEBUG] [net.minecraftforge.fml.loading.FMLLoader/CORE]: Found Runtime Dist Cleaner
[16Feb2025 03:35:14.628] [main/DEBUG] [net.minecraftforge.fml.loading.FMLLoader/CORE]: FML found CoreMod version : 5.0.1+15+master.dc5a2922
[16Feb2025 03:35:14.629] [main/DEBUG] [net.minecraftforge.fml.loading.FMLLoader/CORE]: Found ForgeSPI package implementation version 6.0.0+6.0.0+master.42474703
[16Feb2025 03:35:14.629] [main/DEBUG] [net.minecraftforge.fml.loading.FMLLoader/CORE]: Found ForgeSPI package specification 5
[16Feb2025 03:35:14.630] [main/DEBUG] [cpw.mods.modlauncher.TransformationServiceDecorator/MODLAUNCHER]: Loaded service fml
[16Feb2025 03:35:14.631] [main/DEBUG] [cpw.mods.modlauncher.TransformationServicesHandler/MODLAUNCHER]: Configuring option handling for services
[16Feb2025 03:35:14.635] [main/DEBUG] [cpw.mods.modlauncher.TransformationServicesHandler/MODLAUNCHER]: Transformation services initializing
[16Feb2025 03:35:14.635] [main/DEBUG] [cpw.mods.modlauncher.TransformationServiceDecorator/MODLAUNCHER]: Initializing transformation service mixin
[16Feb2025 03:35:14.645] [main/DEBUG] [mixin/]: MixinService [ModLauncher] was successfully booted in cpw.mods.cl.ModuleClassLoader@27a8c74e
[16Feb2025 03:35:14.656] [main/INFO] [mixin/]: SpongePowered MIXIN Subsystem Version=0.8.5 Source=union:/workspaces/trabajopractico/servidor_minecraft/libraries/org/spongepowered/mixin/0.8.5/mixin-0.8.5.jar%2363!/ Service=ModLauncher Env=SERVER
[16Feb2025 03:35:14.659] [main/DEBUG] [mixin/]: Initialising Mixin Platform Manager
[16Feb2025 03:35:14.659] [main/DEBUG] [mixin/]: Adding mixin platform agents for container ModLauncher Root Container(ModLauncher:4f56a0a2)
[16Feb2025 03:35:14.659] [main/DEBUG] [mixin/]: Instancing new MixinPlatformAgentMinecraftForge for ModLauncher Root Container(ModLauncher:4f56a0a2)
[16Feb2025 03:35:14.660] [main/DEBUG] [mixin/]: MixinPlatformAgentMinecraftForge rejected container ModLauncher Root Container(ModLauncher:4f56a0a2)
[16Feb2025 03:35:14.660] [main/DEBUG] [mixin/]: Instancing new MixinPlatformAgentDefault for ModLauncher Root Container(ModLauncher:4f56a0a2)
[16Feb2025 03:35:14.660] [main/DEBUG] [mixin/]: MixinPlatformAgentDefault accepted container ModLauncher Root Container(ModLauncher:4f56a0a2)
[16Feb2025 03:35:14.662] [main/DEBUG] [cpw.mods.modlauncher.TransformationServiceDecorator/MODLAUNCHER]: Initialized transformation service mixin
[16Feb2025 03:35:14.662] [main/DEBUG] [cpw.mods.modlauncher.TransformationServiceDecorator/MODLAUNCHER]: Initializing transformation service fml
[16Feb2025 03:35:14.662] [main/DEBUG] [net.minecraftforge.fml.loading.FMLServiceProvider/CORE]: Setting up basic FML game directories
[16Feb2025 03:35:14.663] [main/DEBUG] [net.minecraftforge.fml.loading.FileUtils/CORE]: Found existing GAMEDIR directory : /workspaces/trabajopractico/servidor_minecraft
[16Feb2025 03:35:14.664] [main/DEBUG] [net.minecraftforge.fml.loading.FMLPaths/CORE]: Path GAMEDIR is /workspaces/trabajopractico/servidor_minecraft
[16Feb2025 03:35:14.664] [main/DEBUG] [net.minecraftforge.fml.loading.FileUtils/CORE]: Found existing MODSDIR directory : /workspaces/trabajopractico/servidor_minecraft/mods
[16Feb2025 03:35:14.664] [main/DEBUG] [net.minecraftforge.fml.loading.FMLPaths/CORE]: Path MODSDIR is /workspaces/trabajopractico/servidor_minecraft/mods
[16Feb2025 03:35:14.664] [main/DEBUG] [net.minecraftforge.fml.loading.FileUtils/CORE]: Found existing CONFIGDIR directory : /workspaces/trabajopractico/servidor_minecraft/config
[16Feb2025 03:35:14.664] [main/DEBUG] [net.minecraftforge.fml.loading.FMLPaths/CORE]: Path CONFIGDIR is /workspaces/trabajopractico/servidor_minecraft/config
[16Feb2025 03:35:14.664] [main/DEBUG] [net.minecraftforge.fml.loading.FMLPaths/CORE]: Path FMLCONFIG is /workspaces/trabajopractico/servidor_minecraft/config/fml.toml
[16Feb2025 03:35:14.664] [main/DEBUG] [net.minecraftforge.fml.loading.FMLServiceProvider/CORE]: Loading configuration
[16Feb2025 03:35:14.693] [main/DEBUG] [net.minecraftforge.fml.loading.FileUtils/CORE]: Found existing default config directory directory : /workspaces/trabajopractico/servidor_minecraft/defaultconfigs
[16Feb2025 03:35:14.693] [main/DEBUG] [net.minecraftforge.fml.loading.FMLServiceProvider/CORE]: Preparing ModFile
[16Feb2025 03:35:14.695] [main/DEBUG] [net.minecraftforge.fml.loading.FMLServiceProvider/CORE]: Preparing launch handler
[16Feb2025 03:35:14.695] [main/DEBUG] [net.minecraftforge.fml.loading.FMLLoader/CORE]: Using forgeserver as launch service
[16Feb2025 03:35:14.711] [main/DEBUG] [net.minecraftforge.fml.loading.FMLLoader/CORE]: Received command line version data  : VersionInfo[forgeVersion=43.4.2, mcVersion=1.19.2, mcpVersion=20220805.130853, forgeGroup=net.minecraftforge]
[16Feb2025 03:35:14.712] [main/DEBUG] [cpw.mods.modlauncher.TransformationServiceDecorator/MODLAUNCHER]: Initialized transformation service fml
[16Feb2025 03:35:14.713] [main/DEBUG] [cpw.mods.modlauncher.NameMappingServiceHandler/MODLAUNCHER]: Current naming domain is 'srg'
[16Feb2025 03:35:14.713] [main/DEBUG] [cpw.mods.modlauncher.NameMappingServiceHandler/MODLAUNCHER]: Identified name mapping providers {}
[16Feb2025 03:35:14.713] [main/DEBUG] [cpw.mods.modlauncher.TransformationServicesHandler/MODLAUNCHER]: Transformation services begin scanning
[16Feb2025 03:35:14.714] [main/DEBUG] [cpw.mods.modlauncher.TransformationServiceDecorator/MODLAUNCHER]: Beginning scan trigger - transformation service mixin
[16Feb2025 03:35:14.714] [main/DEBUG] [cpw.mods.modlauncher.TransformationServiceDecorator/MODLAUNCHER]: End scan trigger - transformation service mixin
[16Feb2025 03:35:14.714] [main/DEBUG] [cpw.mods.modlauncher.TransformationServiceDecorator/MODLAUNCHER]: Beginning scan trigger - transformation service fml
[16Feb2025 03:35:14.714] [main/DEBUG] [net.minecraftforge.fml.loading.FMLServiceProvider/CORE]: Initiating mod scan
[16Feb2025 03:35:14.722] [main/DEBUG] [net.minecraftforge.fml.loading.moddiscovery.ModListHandler/CORE]: Found mod coordinates from lists: []
[16Feb2025 03:35:14.725] [main/DEBUG] [net.minecraftforge.fml.loading.moddiscovery.ModDiscoverer/CORE]: Found Mod Locators : (mods folder:null),(maven libs:null),(exploded directory:null),(minecraft:null),(userdev classpath:null)
[16Feb2025 03:35:14.725] [main/DEBUG] [net.minecraftforge.fml.loading.moddiscovery.ModDiscoverer/CORE]: Found Dependency Locators : (JarInJar:null)
[16Feb2025 03:35:14.734] [main/DEBUG] [net.minecraftforge.fml.loading.moddiscovery.ModFileParser/LOADING]: Considering mod file candidate /workspaces/trabajopractico/servidor_minecraft/mods/[1.19.2] SecurityCraft v1.9.6.1.jar
[16Feb2025 03:35:14.769] [main/DEBUG] [net.minecraftforge.fml.loading.moddiscovery.ModFileInfo/LOADING]: Found valid mod file [1.19.2] SecurityCraft v1.9.6.1.jar with {securitycraft} mods - versions {1.9.6.1}
[16Feb2025 03:35:14.772] [main/DEBUG] [net.minecraftforge.fml.loading.moddiscovery.ModFileParser/LOADING]: Considering mod file candidate /workspaces/trabajopractico/servidor_minecraft/mods/alexsmobs-1.21.1.jar
[16Feb2025 03:35:14.773] [main/DEBUG] [net.minecraftforge.fml.loading.moddiscovery.ModFileInfo/LOADING]: Found valid mod file alexsmobs-1.21.1.jar with {alexsmobs} mods - versions {1.21.1}
[16Feb2025 03:35:14.774] [main/DEBUG] [net.minecraftforge.fml.loading.moddiscovery.ModFileParser/LOADING]: Considering mod file candidate /workspaces/trabajopractico/servidor_minecraft/mods/anti-xray-1.3.0-Forge-1.19.2.jar
[16Feb2025 03:35:14.775] [main/DEBUG] [net.minecraftforge.fml.loading.moddiscovery.ModFileInfo/LOADING]: Found valid mod file anti-xray-1.3.0-Forge-1.19.2.jar with {antixray} mods - versions {1.3.0}
[16Feb2025 03:35:14.776] [main/DEBUG] [net.minecraftforge.fml.loading.moddiscovery.ModFileParser/LOADING]: Considering mod file candidate /workspaces/trabajopractico/servidor_minecraft/mods/appleskin-forge-mc1.19-2.4.2.jar
[16Feb2025 03:35:14.777] [main/DEBUG] [net.minecraftforge.fml.loading.moddiscovery.ModFileInfo/LOADING]: Found valid mod file appleskin-forge-mc1.19-2.4.2.jar with {appleskin} mods - versions {2.4.2+mc1.19}
[16Feb2025 03:35:14.778] [main/DEBUG] [net.minecraftforge.fml.loading.moddiscovery.ModFileParser/LOADING]: Considering mod file candidate /workspaces/trabajopractico/servidor_minecraft/mods/architectury-6.6.92-forge.jar
[16Feb2025 03:35:14.779] [main/DEBUG] [net.minecraftforge.fml.loading.moddiscovery.ModFileInfo/LOADING]: Found valid mod file architectury-6.6.92-forge.jar with {architectury} mods - versions {6.6.92}
[16Feb2025 03:35:14.780] [main/DEBUG] [net.minecraftforge.fml.loading.moddiscovery.ModFileParser/LOADING]: Considering mod file candidate /workspaces/trabajopractico/servidor_minecraft/mods/artifacts-1.19.2-5.0.6.jar
[16Feb2025 03:35:14.781] [main/DEBUG] [net.minecraftforge.fml.loading.moddiscovery.ModFileInfo/LOADING]: Found valid mod file artifacts-1.19.2-5.0.6.jar with {artifacts} mods - versions {1.19.2-5.0.6}
[16Feb2025 03:35:14.782] [main/DEBUG] [net.minecraftforge.fml.loading.moddiscovery.ModFileParser/LOADING]: Considering mod file candidate /workspaces/trabajopractico/servidor_minecraft/mods/AutoRegLib-1.8.2-55.jar
[16Feb2025 03:35:14.783] [main/DEBUG] [net.minecraftforge.fml.loading.moddiscovery.ModFileInfo/LOADING]: Found valid mod file AutoRegLib-1.8.2-55.jar with {autoreglib} mods - versions {1.8.2-55}
[16Feb2025 03:35:14.783] [main/DEBUG] [net.minecraftforge.fml.loading.moddiscovery.ModFileParser/LOADING]: Considering mod file candidate /workspaces/trabajopractico/servidor_minecraft/mods/canary-mc1.19.2-0.3.3.jar
[16Feb2025 03:35:14.784] [main/DEBUG] [net.minecraftforge.fml.loading.moddiscovery.ModFileInfo/LOADING]: Found valid mod file canary-mc1.19.2-0.3.3.jar with {canary} mods - versions {0.3.3}
[16Feb2025 03:35:14.786] [main/DEBUG] [net.minecraftforge.fml.loading.moddiscovery.ModFileParser/LOADING]: Considering mod file candidate /workspaces/trabajopractico/servidor_minecraft/mods/citadel-2.1.4-1.19.jar
[16Feb2025 03:35:14.787] [main/DEBUG] [net.minecraftforge.fml.loading.moddiscovery.ModFileInfo/LOADING]: Found valid mod file citadel-2.1.4-1.19.jar with {citadel} mods - versions {2.1.4}
[16Feb2025 03:35:14.788] [main/DEBUG] [net.minecraftforge.fml.loading.moddiscovery.ModFileParser/LOADING]: Considering mod file candidate /workspaces/trabajopractico/servidor_minecraft/mods/cloth-config-8.3.134-forge.jar
[16Feb2025 03:35:14.789] [main/DEBUG] [net.minecraftforge.fml.loading.moddiscovery.ModFileInfo/LOADING]: Found valid mod file cloth-config-8.3.134-forge.jar with {cloth_config} mods - versions {8.3.134}
[16Feb2025 03:35:14.789] [main/DEBUG] [net.minecraftforge.fml.loading.moddiscovery.ModFileParser/LOADING]: Considering mod file candidate /workspaces/trabajopractico/servidor_minecraft/mods/corpse-forge-1.19.2-1.0.17.jar
[16Feb2025 03:35:14.790] [main/DEBUG] [net.minecraftforge.fml.loading.moddiscovery.ModFileInfo/LOADING]: Found valid mod file corpse-forge-1.19.2-1.0.17.jar with {corpse} mods - versions {1.19.2-1.0.17}
[16Feb2025 03:35:14.791] [main/DEBUG] [net.minecraftforge.fml.loading.moddiscovery.ModFileParser/LOADING]: Considering mod file candidate /workspaces/trabajopractico/servidor_minecraft/mods/CreativeCore_FORGE_v2.11.28_mc1.19.2.jar
[16Feb2025 03:35:14.792] [main/DEBUG] [net.minecraftforge.fml.loading.moddiscovery.ModFileInfo/LOADING]: Found valid mod file CreativeCore_FORGE_v2.11.28_mc1.19.2.jar with {creativecore} mods - versions {2.11.28}
[16Feb2025 03:35:14.794] [main/DEBUG] [net.minecraftforge.fml.loading.moddiscovery.ModFileParser/LOADING]: Considering mod file candidate /workspaces/trabajopractico/servidor_minecraft/mods/Croptopia-1.19.2-FORGE-2.2.2.jar
[16Feb2025 03:35:14.795] [main/DEBUG] [net.minecraftforge.fml.loading.moddiscovery.ModFileInfo/LOADING]: Found valid mod file Croptopia-1.19.2-FORGE-2.2.2.jar with {croptopia} mods - versions {2.2.2}
[16Feb2025 03:35:14.795] [main/DEBUG] [net.minecraftforge.fml.loading.moddiscovery.ModFileParser/LOADING]: Considering mod file candidate /workspaces/trabajopractico/servidor_minecraft/mods/curios-forge-1.19.2-5.1.6.4.jar
[16Feb2025 03:35:14.796] [main/DEBUG] [net.minecraftforge.fml.loading.moddiscovery.ModFileInfo/LOADING]: Found valid mod file curios-forge-1.19.2-5.1.6.4.jar with {curios} mods - versions {1.19.2-5.1.6.4}
[16Feb2025 03:35:14.798] [main/DEBUG] [net.minecraftforge.fml.loading.moddiscovery.ModFileParser/LOADING]: Considering mod file candidate /workspaces/trabajopractico/servidor_minecraft/mods/deeperdarker-forge-1.19.2-1.2.2.jar
[16Feb2025 03:35:14.799] [main/DEBUG] [net.minecraftforge.fml.loading.moddiscovery.ModFileInfo/LOADING]: Found valid mod file deeperdarker-forge-1.19.2-1.2.2.jar with {deeperdarker} mods - versions {1.2.2}
[16Feb2025 03:35:14.801] [main/DEBUG] [net.minecraftforge.fml.loading.moddiscovery.ModFileParser/LOADING]: Considering mod file candidate /workspaces/trabajopractico/servidor_minecraft/mods/embeddium-0.3.18.1+mc1.19.2.jar
[16Feb2025 03:35:14.802] [main/DEBUG] [net.minecraftforge.fml.loading.moddiscovery.ModFileInfo/LOADING]: Found valid mod file embeddium-0.3.18.1+mc1.19.2.jar with {embeddium,rubidium} mods - versions {0.3.18.1+mc1.19.2,0.6.2c}
[16Feb2025 03:35:14.803] [main/DEBUG] [net.minecraftforge.fml.loading.moddiscovery.ModFileParser/LOADING]: Considering mod file candidate /workspaces/trabajopractico/servidor_minecraft/mods/epicsamurai-0.0.16-1.19.2-forge.jar
[16Feb2025 03:35:14.804] [main/DEBUG] [net.minecraftforge.fml.loading.moddiscovery.ModFileInfo/LOADING]: Found valid mod file epicsamurai-0.0.16-1.19.2-forge.jar with {epicsamurai} mods - versions {0.0.16-1.19.2-forge}
[16Feb2025 03:35:14.809] [main/DEBUG] [net.minecraftforge.fml.loading.moddiscovery.ModFileParser/LOADING]: Considering mod file candidate /workspaces/trabajopractico/servidor_minecraft/mods/ferritecore-5.0.3-forge.jar
[16Feb2025 03:35:14.809] [main/DEBUG] [net.minecraftforge.fml.loading.moddiscovery.ModFileInfo/LOADING]: Found valid mod file ferritecore-5.0.3-forge.jar with {ferritecore} mods - versions {5.0.3}
[16Feb2025 03:35:14.810] [main/DEBUG] [net.minecraftforge.fml.loading.moddiscovery.ModFileParser/LOADING]: Considering mod file candidate /workspaces/trabajopractico/servidor_minecraft/mods/geckolib-forge-1.19-3.1.40.jar
[16Feb2025 03:35:14.811] [main/DEBUG] [net.minecraftforge.fml.loading.moddiscovery.ModFileInfo/LOADING]: Found valid mod file geckolib-forge-1.19-3.1.40.jar with {geckolib3} mods - versions {3.1.40}
[16Feb2025 03:35:14.813] [main/DEBUG] [net.minecraftforge.fml.loading.moddiscovery.ModFileParser/LOADING]: Considering mod file candidate /workspaces/trabajopractico/servidor_minecraft/mods/handcrafted-forge-1.19.2-2.0.6.jar
[16Feb2025 03:35:14.813] [main/DEBUG] [net.minecraftforge.fml.loading.moddiscovery.ModFileInfo/LOADING]: Found valid mod file handcrafted-forge-1.19.2-2.0.6.jar with {handcrafted} mods - versions {2.0.6}
[16Feb2025 03:35:14.815] [main/DEBUG] [net.minecraftforge.fml.loading.moddiscovery.ModFileParser/LOADING]: Considering mod file candidate /workspaces/trabajopractico/servidor_minecraft/mods/iceandfire-1.19.2-2.1.13-beta-3.jar
[16Feb2025 03:35:14.816] [main/DEBUG] [net.minecraftforge.fml.loading.moddiscovery.ModFileInfo/LOADING]: Found valid mod file iceandfire-1.19.2-2.1.13-beta-3.jar with {iceandfire} mods - versions {1.19.2-2.1.13+build.beta-3}
[16Feb2025 03:35:14.816] [main/DEBUG] [net.minecraftforge.fml.loading.moddiscovery.ModFileParser/LOADING]: Considering mod file candidate /workspaces/trabajopractico/servidor_minecraft/mods/Jade-1.19.1-forge-8.9.2.jar
[16Feb2025 03:35:14.817] [main/DEBUG] [net.minecraftforge.fml.loading.moddiscovery.ModFileInfo/LOADING]: Found valid mod file Jade-1.19.1-forge-8.9.2.jar with {jade} mods - versions {8.9.2}
[16Feb2025 03:35:14.818] [main/DEBUG] [net.minecraftforge.fml.loading.moddiscovery.ModFileParser/LOADING]: Considering mod file candidate /workspaces/trabajopractico/servidor_minecraft/mods/jei-1.19.2-forge-11.8.1.1034.jar
[16Feb2025 03:35:14.819] [main/DEBUG] [net.minecraftforge.fml.loading.moddiscovery.ModFileInfo/LOADING]: Found valid mod file jei-1.19.2-forge-11.8.1.1034.jar with {jei} mods - versions {11.8.1.1034}
[16Feb2025 03:35:14.819] [main/DEBUG] [net.minecraftforge.fml.loading.moddiscovery.ModFileParser/LOADING]: Considering mod file candidate /workspaces/trabajopractico/servidor_minecraft/mods/Mantle-1.19.2-1.10.48.jar
[16Feb2025 03:35:14.820] [main/DEBUG] [net.minecraftforge.fml.loading.moddiscovery.ModFileInfo/LOADING]: Found valid mod file Mantle-1.19.2-1.10.48.jar with {mantle} mods - versions {1.10.48}
[16Feb2025 03:35:14.822] [main/DEBUG] [net.minecraftforge.fml.loading.moddiscovery.ModFileParser/LOADING]: Considering mod file candidate /workspaces/trabajopractico/servidor_minecraft/mods/MobLassos-v4.0.0-1.19.2-Forge.jar
[16Feb2025 03:35:14.822] [main/DEBUG] [net.minecraftforge.fml.loading.moddiscovery.ModFileInfo/LOADING]: Found valid mod file MobLassos-v4.0.0-1.19.2-Forge.jar with {moblassos} mods - versions {4.0.0}
[16Feb2025 03:35:14.823] [main/DEBUG] [net.minecraftforge.fml.loading.moddiscovery.ModFileParser/LOADING]: Considering mod file candidate /workspaces/trabajopractico/servidor_minecraft/mods/PlayerRevive_FORGE_v2.0.17_mc1.19.2.jar
[16Feb2025 03:35:14.823] [main/DEBUG] [net.minecraftforge.fml.loading.moddiscovery.ModFileInfo/LOADING]: Found valid mod file PlayerRevive_FORGE_v2.0.17_mc1.19.2.jar with {playerrevive} mods - versions {2.0.17}
[16Feb2025 03:35:14.826] [main/DEBUG] [net.minecraftforge.fml.loading.moddiscovery.ModFileParser/LOADING]: Considering mod file candidate /workspaces/trabajopractico/servidor_minecraft/mods/PuzzlesLib-v4.4.3-1.19.2-Forge.jar
[16Feb2025 03:35:14.826] [main/DEBUG] [net.minecraftforge.fml.loading.moddiscovery.ModFileInfo/LOADING]: Found valid mod file PuzzlesLib-v4.4.3-1.19.2-Forge.jar with {puzzleslib} mods - versions {4.4.3}
[16Feb2025 03:35:14.830] [main/DEBUG] [net.minecraftforge.fml.loading.moddiscovery.ModFileParser/LOADING]: Considering mod file candidate /workspaces/trabajopractico/servidor_minecraft/mods/Quark-3.4-418.jar
[16Feb2025 03:35:14.831] [main/DEBUG] [net.minecraftforge.fml.loading.moddiscovery.ModFileInfo/LOADING]: Found valid mod file Quark-3.4-418.jar with {quark} mods - versions {3.4-418}
[16Feb2025 03:35:14.831] [main/DEBUG] [net.minecraftforge.fml.loading.moddiscovery.ModFileParser/LOADING]: Considering mod file candidate /workspaces/trabajopractico/servidor_minecraft/mods/resourcefullib-forge-1.19.2-1.1.24.jar
[16Feb2025 03:35:14.832] [main/DEBUG] [net.minecraftforge.fml.loading.moddiscovery.ModFileInfo/LOADING]: Found valid mod file resourcefullib-forge-1.19.2-1.1.24.jar with {resourcefullib} mods - versions {1.1.24}
[16Feb2025 03:35:14.833] [main/DEBUG] [net.minecraftforge.fml.loading.moddiscovery.ModFileParser/LOADING]: Considering mod file candidate /workspaces/trabajopractico/servidor_minecraft/mods/spartanshields-1.19.2-3.0.1 (1).jar
[16Feb2025 03:35:14.833] [main/DEBUG] [net.minecraftforge.fml.loading.moddiscovery.ModFileInfo/LOADING]: Found valid mod file spartanshields-1.19.2-3.0.1 (1).jar with {spartanshields} mods - versions {3.0.1}
[16Feb2025 03:35:14.848] [main/DEBUG] [net.minecraftforge.fml.loading.moddiscovery.ModFileParser/LOADING]: Considering mod file candidate /workspaces/trabajopractico/servidor_minecraft/mods/TConstruct-1.19.2-3.8.5.58.jar
[16Feb2025 03:35:14.849] [main/DEBUG] [net.minecraftforge.fml.loading.moddiscovery.ModFileInfo/LOADING]: Found valid mod file TConstruct-1.19.2-3.8.5.58.jar with {tconstruct} mods - versions {3.8.5.58}
[16Feb2025 03:35:14.850] [main/DEBUG] [net.minecraftforge.fml.loading.moddiscovery.ModFileParser/LOADING]: Considering mod file candidate /workspaces/trabajopractico/servidor_minecraft/mods/THEUNDEADREVAMPED_1.0b_1.19.2[LAST 1.19.2].jar
[16Feb2025 03:35:14.851] [main/DEBUG] [net.minecraftforge.fml.loading.moddiscovery.ModFileInfo/LOADING]: Found valid mod file THEUNDEADREVAMPED_1.0b_1.19.2[LAST 1.19.2].jar with {undead_revamp2} mods - versions {1.0.0}
[16Feb2025 03:35:14.852] [main/DEBUG] [net.minecraftforge.fml.loading.moddiscovery.ModFileParser/LOADING]: Considering mod file candidate /workspaces/trabajopractico/servidor_minecraft/mods/travelersbackpack-forge-1.19.2-8.2.41.jar
[16Feb2025 03:35:14.852] [main/DEBUG] [net.minecraftforge.fml.loading.moddiscovery.ModFileInfo/LOADING]: Found valid mod file travelersbackpack-forge-1.19.2-8.2.41.jar with {travelersbackpack} mods - versions {8.2.41}
[16Feb2025 03:35:14.853] [main/DEBUG] [net.minecraftforge.fml.loading.moddiscovery.ModFileParser/LOADING]: Considering mod file candidate /workspaces/trabajopractico/servidor_minecraft/mods/TreeChop-1.19.2-forge-0.19.1.jar
[16Feb2025 03:35:14.853] [main/DEBUG] [net.minecraftforge.fml.loading.moddiscovery.ModFileInfo/LOADING]: Found valid mod file TreeChop-1.19.2-forge-0.19.1.jar with {treechop} mods - versions {0.19.0}
[16Feb2025 03:35:14.854] [main/DEBUG] [net.minecraftforge.fml.loading.moddiscovery.ModFileParser/LOADING]: Considering mod file candidate /workspaces/trabajopractico/servidor_minecraft/mods/uniquedungeons-0.69-43.2.3.jar
[16Feb2025 03:35:14.855] [main/DEBUG] [net.minecraftforge.fml.loading.moddiscovery.ModFileInfo/LOADING]: Found valid mod file uniquedungeons-0.69-43.2.3.jar with {uniquedungeons} mods - versions {0.69}
[16Feb2025 03:35:14.855] [main/DEBUG] [net.minecraftforge.fml.loading.moddiscovery.ModFileParser/LOADING]: Considering mod file candidate /workspaces/trabajopractico/servidor_minecraft/mods/Xaeros_Minimap_25.0.0_Forge_1.19.1.jar
[16Feb2025 03:35:14.856] [main/DEBUG] [net.minecraftforge.fml.loading.moddiscovery.ModFileInfo/LOADING]: Found valid mod file Xaeros_Minimap_25.0.0_Forge_1.19.1.jar with {xaerominimap} mods - versions {25.0.0}
[16Feb2025 03:35:14.857] [main/DEBUG] [net.minecraftforge.fml.loading.moddiscovery.ModFileParser/LOADING]: Considering mod file candidate /workspaces/trabajopractico/servidor_minecraft/mods/XaerosWorldMap_1.39.2_Forge_1.19.1.jar
[16Feb2025 03:35:14.857] [main/DEBUG] [net.minecraftforge.fml.loading.moddiscovery.ModFileInfo/LOADING]: Found valid mod file XaerosWorldMap_1.39.2_Forge_1.19.1.jar with {xaeroworldmap} mods - versions {1.39.2}
[16Feb2025 03:35:14.974] [main/DEBUG] [net.minecraftforge.fml.loading.moddiscovery.ModFileInfo/LOADING]: Found valid mod file server-1.19.2-20220805.130853-srg.jar with {minecraft} mods - versions {1.19.2}
[16Feb2025 03:35:14.976] [main/DEBUG] [net.minecraftforge.fml.loading.moddiscovery.ModFileParser/LOADING]: Considering mod file candidate /workspaces/trabajopractico/servidor_minecraft/libraries/net/minecraftforge/fmlcore/1.19.2-43.4.2/fmlcore-1.19.2-43.4.2.jar
[16Feb2025 03:35:14.976] [main/WARN] [net.minecraftforge.fml.loading.moddiscovery.ModFileParser/LOADING]: Mod file /workspaces/trabajopractico/servidor_minecraft/libraries/net/minecraftforge/fmlcore/1.19.2-43.4.2/fmlcore-1.19.2-43.4.2.jar is missing mods.toml file
[16Feb2025 03:35:14.977] [main/DEBUG] [net.minecraftforge.fml.loading.moddiscovery.ModFileParser/LOADING]: Considering mod file candidate /workspaces/trabajopractico/servidor_minecraft/libraries/net/minecraftforge/javafmllanguage/1.19.2-43.4.2/javafmllanguage-1.19.2-43.4.2.jar
[16Feb2025 03:35:14.977] [main/WARN] [net.minecraftforge.fml.loading.moddiscovery.ModFileParser/LOADING]: Mod file /workspaces/trabajopractico/servidor_minecraft/libraries/net/minecraftforge/javafmllanguage/1.19.2-43.4.2/javafmllanguage-1.19.2-43.4.2.jar is missing mods.toml file
[16Feb2025 03:35:14.978] [main/DEBUG] [net.minecraftforge.fml.loading.moddiscovery.ModFileParser/LOADING]: Considering mod file candidate /workspaces/trabajopractico/servidor_minecraft/libraries/net/minecraftforge/lowcodelanguage/1.19.2-43.4.2/lowcodelanguage-1.19.2-43.4.2.jar
[16Feb2025 03:35:14.978] [main/WARN] [net.minecraftforge.fml.loading.moddiscovery.ModFileParser/LOADING]: Mod file /workspaces/trabajopractico/servidor_minecraft/libraries/net/minecraftforge/lowcodelanguage/1.19.2-43.4.2/lowcodelanguage-1.19.2-43.4.2.jar is missing mods.toml file
[16Feb2025 03:35:14.979] [main/DEBUG] [net.minecraftforge.fml.loading.moddiscovery.ModFileParser/LOADING]: Considering mod file candidate /workspaces/trabajopractico/servidor_minecraft/libraries/net/minecraftforge/mclanguage/1.19.2-43.4.2/mclanguage-1.19.2-43.4.2.jar
[16Feb2025 03:35:14.980] [main/WARN] [net.minecraftforge.fml.loading.moddiscovery.ModFileParser/LOADING]: Mod file /workspaces/trabajopractico/servidor_minecraft/libraries/net/minecraftforge/mclanguage/1.19.2-43.4.2/mclanguage-1.19.2-43.4.2.jar is missing mods.toml file
[16Feb2025 03:35:15.015] [main/DEBUG] [net.minecraftforge.fml.loading.moddiscovery.ModFileParser/LOADING]: Considering mod file candidate /workspaces/trabajopractico/servidor_minecraft/libraries/net/minecraftforge/forge/1.19.2-43.4.2/forge-1.19.2-43.4.2-universal.jar
[16Feb2025 03:35:15.015] [main/DEBUG] [net.minecraftforge.fml.loading.moddiscovery.ModFileInfo/LOADING]: Found valid mod file forge-1.19.2-43.4.2-universal.jar with {forge} mods - versions {43.4.2}
[16Feb2025 03:35:15.026] [main/DEBUG] [net.minecraftforge.fml.loading.moddiscovery.AbstractJarFileDependencyLocator/]: Failed to load resource META-INF/jarjar/metadata.json from server-1.19.2-20220805.130853-srg.jar, it does not contain dependency information.
[16Feb2025 03:35:15.026] [main/DEBUG] [net.minecraftforge.fml.loading.moddiscovery.AbstractJarFileDependencyLocator/]: Failed to load resource META-INF/jarjar/metadata.json from TConstruct-1.19.2-3.8.5.58.jar, it does not contain dependency information.
[16Feb2025 03:35:15.026] [main/DEBUG] [net.minecraftforge.fml.loading.moddiscovery.AbstractJarFileDependencyLocator/]: Failed to load resource META-INF/jarjar/metadata.json from uniquedungeons-0.69-43.2.3.jar, it does not contain dependency information.
[16Feb2025 03:35:15.027] [main/DEBUG] [net.minecraftforge.fml.loading.moddiscovery.AbstractJarFileDependencyLocator/]: Failed to load resource META-INF/jarjar/metadata.json from TreeChop-1.19.2-forge-0.19.1.jar, it does not contain dependency information.
[16Feb2025 03:35:15.027] [main/DEBUG] [net.minecraftforge.fml.loading.moddiscovery.AbstractJarFileDependencyLocator/]: Failed to load resource META-INF/jarjar/metadata.json from handcrafted-forge-1.19.2-2.0.6.jar, it does not contain dependency information.
[16Feb2025 03:35:15.027] [main/DEBUG] [net.minecraftforge.fml.loading.moddiscovery.AbstractJarFileDependencyLocator/]: Failed to load resource META-INF/jarjar/metadata.json from alexsmobs-1.21.1.jar, it does not contain dependency information.
[16Feb2025 03:35:15.027] [main/DEBUG] [net.minecraftforge.fml.loading.moddiscovery.AbstractJarFileDependencyLocator/]: Failed to load resource META-INF/jarjar/metadata.json from Jade-1.19.1-forge-8.9.2.jar, it does not contain dependency information.
[16Feb2025 03:35:15.027] [main/DEBUG] [net.minecraftforge.fml.loading.moddiscovery.AbstractJarFileDependencyLocator/]: Failed to load resource META-INF/jarjar/metadata.json from CreativeCore_FORGE_v2.11.28_mc1.19.2.jar, it does not contain dependency information.
[16Feb2025 03:35:15.027] [main/DEBUG] [net.minecraftforge.fml.loading.moddiscovery.AbstractJarFileDependencyLocator/]: Failed to load resource META-INF/jarjar/metadata.json from jei-1.19.2-forge-11.8.1.1034.jar, it does not contain dependency information.
[16Feb2025 03:35:15.027] [main/DEBUG] [net.minecraftforge.fml.loading.moddiscovery.AbstractJarFileDependencyLocator/]: Failed to load resource META-INF/jarjar/metadata.json from epicsamurai-0.0.16-1.19.2-forge.jar, it does not contain dependency information.
[16Feb2025 03:35:15.027] [main/DEBUG] [net.minecraftforge.fml.loading.moddiscovery.AbstractJarFileDependencyLocator/]: Failed to load resource META-INF/jarjar/metadata.json from curios-forge-1.19.2-5.1.6.4.jar, it does not contain dependency information.
[16Feb2025 03:35:15.028] [main/DEBUG] [net.minecraftforge.fml.loading.moddiscovery.AbstractJarFileDependencyLocator/]: Failed to load resource META-INF/jarjar/metadata.json from spartanshields-1.19.2-3.0.1 (1).jar, it does not contain dependency information.
[16Feb2025 03:35:15.028] [main/DEBUG] [net.minecraftforge.fml.loading.moddiscovery.AbstractJarFileDependencyLocator/]: Failed to load resource META-INF/jarjar/metadata.json from Mantle-1.19.2-1.10.48.jar, it does not contain dependency information.
[16Feb2025 03:35:15.028] [main/DEBUG] [net.minecraftforge.fml.loading.moddiscovery.AbstractJarFileDependencyLocator/]: Failed to load resource META-INF/jarjar/metadata.json from Xaeros_Minimap_25.0.0_Forge_1.19.1.jar, it does not contain dependency information.
[16Feb2025 03:35:15.028] [main/DEBUG] [net.minecraftforge.fml.loading.moddiscovery.AbstractJarFileDependencyLocator/]: Failed to load resource META-INF/jarjar/metadata.json from Croptopia-1.19.2-FORGE-2.2.2.jar, it does not contain dependency information.
[16Feb2025 03:35:15.028] [main/DEBUG] [net.minecraftforge.fml.loading.moddiscovery.AbstractJarFileDependencyLocator/]: Failed to load resource META-INF/jarjar/metadata.json from XaerosWorldMap_1.39.2_Forge_1.19.1.jar, it does not contain dependency information.
[16Feb2025 03:35:15.028] [main/DEBUG] [net.minecraftforge.fml.loading.moddiscovery.AbstractJarFileDependencyLocator/]: Failed to load resource META-INF/jarjar/metadata.json from citadel-2.1.4-1.19.jar, it does not contain dependency information.
[16Feb2025 03:35:15.029] [main/DEBUG] [net.minecraftforge.fml.loading.moddiscovery.AbstractJarFileDependencyLocator/]: Failed to load resource META-INF/jarjar/metadata.json from AutoRegLib-1.8.2-55.jar, it does not contain dependency information.
[16Feb2025 03:35:15.029] [main/DEBUG] [net.minecraftforge.fml.loading.moddiscovery.AbstractJarFileDependencyLocator/]: Failed to load resource META-INF/jarjar/metadata.json from [1.19.2] SecurityCraft v1.9.6.1.jar, it does not contain dependency information.
[16Feb2025 03:35:15.029] [main/DEBUG] [net.minecraftforge.fml.loading.moddiscovery.AbstractJarFileDependencyLocator/]: Failed to load resource META-INF/jarjar/metadata.json from travelersbackpack-forge-1.19.2-8.2.41.jar, it does not contain dependency information.
[16Feb2025 03:35:15.029] [main/DEBUG] [net.minecraftforge.fml.loading.moddiscovery.AbstractJarFileDependencyLocator/]: Failed to load resource META-INF/jarjar/metadata.json from canary-mc1.19.2-0.3.3.jar, it does not contain dependency information.
[16Feb2025 03:35:15.029] [main/DEBUG] [net.minecraftforge.fml.loading.moddiscovery.AbstractJarFileDependencyLocator/]: Failed to load resource META-INF/jarjar/metadata.json from anti-xray-1.3.0-Forge-1.19.2.jar, it does not contain dependency information.
[16Feb2025 03:35:15.029] [main/DEBUG] [net.minecraftforge.fml.loading.moddiscovery.AbstractJarFileDependencyLocator/]: Failed to load resource META-INF/jarjar/metadata.json from resourcefullib-forge-1.19.2-1.1.24.jar, it does not contain dependency information.
[16Feb2025 03:35:15.029] [main/DEBUG] [net.minecraftforge.fml.loading.moddiscovery.AbstractJarFileDependencyLocator/]: Failed to load resource META-INF/jarjar/metadata.json from deeperdarker-forge-1.19.2-1.2.2.jar, it does not contain dependency information.
[16Feb2025 03:35:15.030] [main/DEBUG] [net.minecraftforge.fml.loading.moddiscovery.AbstractJarFileDependencyLocator/]: Failed to load resource META-INF/jarjar/metadata.json from architectury-6.6.92-forge.jar, it does not contain dependency information.
[16Feb2025 03:35:15.030] [main/DEBUG] [net.minecraftforge.fml.loading.moddiscovery.AbstractJarFileDependencyLocator/]: Failed to load resource META-INF/jarjar/metadata.json from appleskin-forge-mc1.19-2.4.2.jar, it does not contain dependency information.
[16Feb2025 03:35:15.030] [main/DEBUG] [net.minecraftforge.fml.loading.moddiscovery.AbstractJarFileDependencyLocator/]: Failed to load resource META-INF/jarjar/metadata.json from ferritecore-5.0.3-forge.jar, it does not contain dependency information.
[16Feb2025 03:35:15.030] [main/DEBUG] [net.minecraftforge.fml.loading.moddiscovery.AbstractJarFileDependencyLocator/]: Failed to load resource META-INF/jarjar/metadata.json from iceandfire-1.19.2-2.1.13-beta-3.jar, it does not contain dependency information.
[16Feb2025 03:35:15.030] [main/DEBUG] [net.minecraftforge.fml.loading.moddiscovery.AbstractJarFileDependencyLocator/]: Failed to load resource META-INF/jarjar/metadata.json from PuzzlesLib-v4.4.3-1.19.2-Forge.jar, it does not contain dependency information.
[16Feb2025 03:35:15.030] [main/DEBUG] [net.minecraftforge.fml.loading.moddiscovery.AbstractJarFileDependencyLocator/]: Failed to load resource META-INF/jarjar/metadata.json from cloth-config-8.3.134-forge.jar, it does not contain dependency information.
[16Feb2025 03:35:15.030] [main/DEBUG] [net.minecraftforge.fml.loading.moddiscovery.AbstractJarFileDependencyLocator/]: Failed to load resource META-INF/jarjar/metadata.json from forge-1.19.2-43.4.2-universal.jar, it does not contain dependency information.
[16Feb2025 03:35:15.030] [main/DEBUG] [net.minecraftforge.fml.loading.moddiscovery.AbstractJarFileDependencyLocator/]: Failed to load resource META-INF/jarjar/metadata.json from MobLassos-v4.0.0-1.19.2-Forge.jar, it does not contain dependency information.
[16Feb2025 03:35:15.031] [main/DEBUG] [net.minecraftforge.fml.loading.moddiscovery.AbstractJarFileDependencyLocator/]: Failed to load resource META-INF/jarjar/metadata.json from PlayerRevive_FORGE_v2.0.17_mc1.19.2.jar, it does not contain dependency information.
[16Feb2025 03:35:15.031] [main/DEBUG] [net.minecraftforge.fml.loading.moddiscovery.AbstractJarFileDependencyLocator/]: Failed to load resource META-INF/jarjar/metadata.json from geckolib-forge-1.19-3.1.40.jar, it does not contain dependency information.
[16Feb2025 03:35:15.031] [main/DEBUG] [net.minecraftforge.fml.loading.moddiscovery.AbstractJarFileDependencyLocator/]: Failed to load resource META-INF/jarjar/metadata.json from embeddium-0.3.18.1+mc1.19.2.jar, it does not contain dependency information.
[16Feb2025 03:35:15.031] [main/DEBUG] [net.minecraftforge.fml.loading.moddiscovery.AbstractJarFileDependencyLocator/]: Failed to load resource META-INF/jarjar/metadata.json from THEUNDEADREVAMPED_1.0b_1.19.2[LAST 1.19.2].jar, it does not contain dependency information.
[16Feb2025 03:35:15.031] [main/DEBUG] [net.minecraftforge.fml.loading.moddiscovery.AbstractJarFileDependencyLocator/]: Failed to load resource META-INF/jarjar/metadata.json from corpse-forge-1.19.2-1.0.17.jar, it does not contain dependency information.
[16Feb2025 03:35:15.031] [main/DEBUG] [net.minecraftforge.fml.loading.moddiscovery.AbstractJarFileDependencyLocator/]: Failed to load resource META-INF/jarjar/metadata.json from mclanguage-1.19.2-43.4.2.jar, it does not contain dependency information.
[16Feb2025 03:35:15.031] [main/DEBUG] [net.minecraftforge.fml.loading.moddiscovery.AbstractJarFileDependencyLocator/]: Failed to load resource META-INF/jarjar/metadata.json from javafmllanguage-1.19.2-43.4.2.jar, it does not contain dependency information.
[16Feb2025 03:35:15.032] [main/DEBUG] [net.minecraftforge.fml.loading.moddiscovery.AbstractJarFileDependencyLocator/]: Failed to load resource META-INF/jarjar/metadata.json from fmlcore-1.19.2-43.4.2.jar, it does not contain dependency information.
[16Feb2025 03:35:15.032] [main/DEBUG] [net.minecraftforge.fml.loading.moddiscovery.AbstractJarFileDependencyLocator/]: Failed to load resource META-INF/jarjar/metadata.json from lowcodelanguage-1.19.2-43.4.2.jar, it does not contain dependency information.
[16Feb2025 03:35:15.082] [main/DEBUG] [net.minecraftforge.fml.loading.moddiscovery.ModFileParser/LOADING]: Considering mod file candidate 
[16Feb2025 03:35:15.082] [main/DEBUG] [net.minecraftforge.fml.loading.moddiscovery.ModFileInfo/LOADING]: Found valid mod file expandability-forge-7.0.0.jar with {expandability} mods - versions {7.0.0}
[16Feb2025 03:35:15.084] [main/DEBUG] [net.minecraftforge.fml.loading.moddiscovery.ModFileParser/LOADING]: Considering mod file candidate 
[16Feb2025 03:35:15.084] [main/DEBUG] [net.minecraftforge.fml.loading.moddiscovery.ModFileInfo/LOADING]: Found valid mod file mixinextras-forge-0.2.0-beta.9.jar with {mixinextras} mods - versions {0.2.0-beta.9}
[16Feb2025 03:35:15.091] [main/DEBUG] [net.minecraftforge.fml.loading.moddiscovery.AbstractJarFileDependencyLocator/]: Failed to load resource META-INF/jarjar/metadata.json from MixinExtras-0.1.0-rc5.jar, it does not contain dependency information.
[16Feb2025 03:35:15.091] [main/DEBUG] [net.minecraftforge.fml.loading.moddiscovery.AbstractJarFileDependencyLocator/]: Failed to load resource META-INF/jarjar/metadata.json from MixinExtras-0.2.0-beta.9.jar, it does not contain dependency information.
[16Feb2025 03:35:15.116] [main/DEBUG] [net.minecraftforge.fml.loading.moddiscovery.ModFileParser/LOADING]: Considering mod file candidate 
[16Feb2025 03:35:15.117] [main/DEBUG] [net.minecraftforge.fml.loading.moddiscovery.ModFileInfo/LOADING]: Found valid mod file mixinextras-forge-0.2.0-beta.9.jar with {mixinextras} mods - versions {0.2.0-beta.9}
[16Feb2025 03:35:15.118] [main/DEBUG] [net.minecraftforge.fml.loading.moddiscovery.ModFileParser/LOADING]: Considering mod file candidate 
[16Feb2025 03:35:15.119] [main/DEBUG] [net.minecraftforge.fml.loading.moddiscovery.ModFileInfo/LOADING]: Found valid mod file expandability-forge-7.0.0.jar with {expandability} mods - versions {7.0.0}
[16Feb2025 03:35:15.123] [main/INFO] [net.minecraftforge.fml.loading.moddiscovery.JarInJarDependencyLocator/]: Found 3 dependencies adding them to mods collection
[16Feb2025 03:35:15.125] [main/DEBUG] [net.minecraftforge.fml.loading.moddiscovery.ModFileParser/LOADING]: Considering mod file candidate /workspaces/trabajopractico/servidor_minecraft/mods/TConstruct-1.19.2-3.8.5.58.jar
[16Feb2025 03:35:15.125] [main/DEBUG] [net.minecraftforge.fml.loading.moddiscovery.ModFileInfo/LOADING]: Found valid mod file TConstruct-1.19.2-3.8.5.58.jar with {tconstruct} mods - versions {3.8.5.58}
[16Feb2025 03:35:15.129] [main/DEBUG] [net.minecraftforge.fml.loading.moddiscovery.ModFile/LOADING]: Loading mod file /workspaces/trabajopractico/servidor_minecraft/mods/TConstruct-1.19.2-3.8.5.58.jar with languages [LanguageSpec[languageName=javafml, acceptedVersions=[43,)]]
[16Feb2025 03:35:15.130] [main/DEBUG] [net.minecraftforge.fml.loading.moddiscovery.ModFileInfo/LOADING]: Found valid mod file server-1.19.2-20220805.130853-srg.jar with {minecraft} mods - versions {1.19.2}
[16Feb2025 03:35:15.130] [main/DEBUG] [net.minecraftforge.fml.loading.moddiscovery.ModFile/LOADING]: Loading mod file /workspaces/trabajopractico/servidor_minecraft/libraries/net/minecraft/server/1.19.2-20220805.130853/server-1.19.2-20220805.130853-srg.jar with languages [LanguageSpec[languageName=minecraft, acceptedVersions=1]]
[16Feb2025 03:35:15.130] [main/DEBUG] [net.minecraftforge.fml.loading.moddiscovery.ModFileParser/LOADING]: Considering mod file candidate /workspaces/trabajopractico/servidor_minecraft/mods/handcrafted-forge-1.19.2-2.0.6.jar
[16Feb2025 03:35:15.131] [main/DEBUG] [net.minecraftforge.fml.loading.moddiscovery.ModFileInfo/LOADING]: Found valid mod file handcrafted-forge-1.19.2-2.0.6.jar with {handcrafted} mods - versions {2.0.6}
[16Feb2025 03:35:15.131] [main/DEBUG] [net.minecraftforge.fml.loading.moddiscovery.ModFile/LOADING]: Loading mod file /workspaces/trabajopractico/servidor_minecraft/mods/handcrafted-forge-1.19.2-2.0.6.jar with languages [LanguageSpec[languageName=javafml, acceptedVersions=[43,)]]
[16Feb2025 03:35:15.131] [main/DEBUG] [net.minecraftforge.fml.loading.moddiscovery.ModFileParser/LOADING]: Considering mod file candidate /workspaces/trabajopractico/servidor_minecraft/mods/TreeChop-1.19.2-forge-0.19.1.jar
[16Feb2025 03:35:15.132] [main/DEBUG] [net.minecraftforge.fml.loading.moddiscovery.ModFileInfo/LOADING]: Found valid mod file TreeChop-1.19.2-forge-0.19.1.jar with {treechop} mods - versions {0.19.0}
[16Feb2025 03:35:15.132] [main/DEBUG] [net.minecraftforge.fml.loading.moddiscovery.ModFile/LOADING]: Loading mod file /workspaces/trabajopractico/servidor_minecraft/mods/TreeChop-1.19.2-forge-0.19.1.jar with languages [LanguageSpec[languageName=javafml, acceptedVersions=[32,)]]
[16Feb2025 03:35:15.132] [main/DEBUG] [net.minecraftforge.fml.loading.moddiscovery.ModFileParser/LOADING]: Considering mod file candidate /workspaces/trabajopractico/servidor_minecraft/mods/uniquedungeons-0.69-43.2.3.jar
[16Feb2025 03:35:15.133] [main/DEBUG] [net.minecraftforge.fml.loading.moddiscovery.ModFileInfo/LOADING]: Found valid mod file uniquedungeons-0.69-43.2.3.jar with {uniquedungeons} mods - versions {0.69}
[16Feb2025 03:35:15.133] [main/DEBUG] [net.minecraftforge.fml.loading.moddiscovery.ModFile/LOADING]: Loading mod file /workspaces/trabajopractico/servidor_minecraft/mods/uniquedungeons-0.69-43.2.3.jar with languages [LanguageSpec[languageName=javafml, acceptedVersions=[36,)]]
[16Feb2025 03:35:15.133] [main/DEBUG] [net.minecraftforge.fml.loading.moddiscovery.ModFileParser/LOADING]: Considering mod file candidate /workspaces/trabajopractico/servidor_minecraft/mods/alexsmobs-1.21.1.jar
[16Feb2025 03:35:15.133] [main/DEBUG] [net.minecraftforge.fml.loading.moddiscovery.ModFileInfo/LOADING]: Found valid mod file alexsmobs-1.21.1.jar with {alexsmobs} mods - versions {1.21.1}
[16Feb2025 03:35:15.134] [main/DEBUG] [net.minecraftforge.fml.loading.moddiscovery.ModFile/LOADING]: Loading mod file /workspaces/trabajopractico/servidor_minecraft/mods/alexsmobs-1.21.1.jar with languages [LanguageSpec[languageName=javafml, acceptedVersions=[42,)]]
[16Feb2025 03:35:15.134] [main/DEBUG] [net.minecraftforge.fml.loading.moddiscovery.ModFileParser/LOADING]: Considering mod file candidate /workspaces/trabajopractico/servidor_minecraft/mods/Jade-1.19.1-forge-8.9.2.jar
[16Feb2025 03:35:15.134] [main/DEBUG] [net.minecraftforge.fml.loading.moddiscovery.ModFileInfo/LOADING]: Found valid mod file Jade-1.19.1-forge-8.9.2.jar with {jade} mods - versions {8.9.2}
[16Feb2025 03:35:15.134] [main/DEBUG] [net.minecraftforge.fml.loading.moddiscovery.ModFile/LOADING]: Loading mod file /workspaces/trabajopractico/servidor_minecraft/mods/Jade-1.19.1-forge-8.9.2.jar with languages [LanguageSpec[languageName=javafml, acceptedVersions=[42,)]]
[16Feb2025 03:35:15.134] [main/DEBUG] [net.minecraftforge.fml.loading.moddiscovery.ModFileParser/LOADING]: Considering mod file candidate /workspaces/trabajopractico/servidor_minecraft/mods/CreativeCore_FORGE_v2.11.28_mc1.19.2.jar
[16Feb2025 03:35:15.135] [main/DEBUG] [net.minecraftforge.fml.loading.moddiscovery.ModFileInfo/LOADING]: Found valid mod file CreativeCore_FORGE_v2.11.28_mc1.19.2.jar with {creativecore} mods - versions {2.11.28}
[16Feb2025 03:35:15.135] [main/DEBUG] [net.minecraftforge.fml.loading.moddiscovery.ModFile/LOADING]: Loading mod file /workspaces/trabajopractico/servidor_minecraft/mods/CreativeCore_FORGE_v2.11.28_mc1.19.2.jar with languages [LanguageSpec[languageName=javafml, acceptedVersions=[43,)]]
[16Feb2025 03:35:15.135] [main/DEBUG] [net.minecraftforge.fml.loading.moddiscovery.ModFileParser/LOADING]: Considering mod file candidate /workspaces/trabajopractico/servidor_minecraft/mods/jei-1.19.2-forge-11.8.1.1034.jar
[16Feb2025 03:35:15.136] [main/DEBUG] [net.minecraftforge.fml.loading.moddiscovery.ModFileInfo/LOADING]: Found valid mod file jei-1.19.2-forge-11.8.1.1034.jar with {jei} mods - versions {11.8.1.1034}
[16Feb2025 03:35:15.136] [main/DEBUG] [net.minecraftforge.fml.loading.moddiscovery.ModFile/LOADING]: Loading mod file /workspaces/trabajopractico/servidor_minecraft/mods/jei-1.19.2-forge-11.8.1.1034.jar with languages [LanguageSpec[languageName=javafml, acceptedVersions=[41,)]]
[16Feb2025 03:35:15.136] [main/DEBUG] [net.minecraftforge.fml.loading.moddiscovery.ModFileParser/LOADING]: Considering mod file candidate /workspaces/trabajopractico/servidor_minecraft/mods/epicsamurai-0.0.16-1.19.2-forge.jar
[16Feb2025 03:35:15.137] [main/DEBUG] [net.minecraftforge.fml.loading.moddiscovery.ModFileInfo/LOADING]: Found valid mod file epicsamurai-0.0.16-1.19.2-forge.jar with {epicsamurai} mods - versions {0.0.16-1.19.2-forge}
[16Feb2025 03:35:15.137] [main/DEBUG] [net.minecraftforge.fml.loading.moddiscovery.ModFile/LOADING]: Loading mod file /workspaces/trabajopractico/servidor_minecraft/mods/epicsamurai-0.0.16-1.19.2-forge.jar with languages [LanguageSpec[languageName=javafml, acceptedVersions=[43,)]]
[16Feb2025 03:35:15.137] [main/DEBUG] [net.minecraftforge.fml.loading.moddiscovery.ModFileParser/LOADING]: Considering mod file candidate /workspaces/trabajopractico/servidor_minecraft/mods/curios-forge-1.19.2-5.1.6.4.jar
[16Feb2025 03:35:15.138] [main/DEBUG] [net.minecraftforge.fml.loading.moddiscovery.ModFileInfo/LOADING]: Found valid mod file curios-forge-1.19.2-5.1.6.4.jar with {curios} mods - versions {1.19.2-5.1.6.4}
[16Feb2025 03:35:15.138] [main/DEBUG] [net.minecraftforge.fml.loading.moddiscovery.ModFile/LOADING]: Loading mod file /workspaces/trabajopractico/servidor_minecraft/mods/curios-forge-1.19.2-5.1.6.4.jar with languages [LanguageSpec[languageName=javafml, acceptedVersions=[41,)]]
[16Feb2025 03:35:15.138] [main/DEBUG] [net.minecraftforge.fml.loading.moddiscovery.ModFileParser/LOADING]: Considering mod file candidate /workspaces/trabajopractico/servidor_minecraft/mods/Mantle-1.19.2-1.10.48.jar
[16Feb2025 03:35:15.138] [main/DEBUG] [net.minecraftforge.fml.loading.moddiscovery.ModFileInfo/LOADING]: Found valid mod file Mantle-1.19.2-1.10.48.jar with {mantle} mods - versions {1.10.48}
[16Feb2025 03:35:15.139] [main/DEBUG] [net.minecraftforge.fml.loading.moddiscovery.ModFile/LOADING]: Loading mod file /workspaces/trabajopractico/servidor_minecraft/mods/Mantle-1.19.2-1.10.48.jar with languages [LanguageSpec[languageName=javafml, acceptedVersions=[43,)]]
[16Feb2025 03:35:15.139] [main/DEBUG] [net.minecraftforge.fml.loading.moddiscovery.ModFileParser/LOADING]: Considering mod file candidate /workspaces/trabajopractico/servidor_minecraft/mods/Quark-3.4-418.jar
[16Feb2025 03:35:15.139] [main/DEBUG] [net.minecraftforge.fml.loading.moddiscovery.ModFileInfo/LOADING]: Found valid mod file Quark-3.4-418.jar with {quark} mods - versions {3.4-418}
[16Feb2025 03:35:15.139] [main/DEBUG] [net.minecraftforge.fml.loading.moddiscovery.ModFile/LOADING]: Loading mod file /workspaces/trabajopractico/servidor_minecraft/mods/Quark-3.4-418.jar with languages [LanguageSpec[languageName=javafml, acceptedVersions=[41,)]]
[16Feb2025 03:35:15.140] [main/DEBUG] [net.minecraftforge.fml.loading.moddiscovery.ModFileParser/LOADING]: Considering mod file candidate /workspaces/trabajopractico/servidor_minecraft/mods/spartanshields-1.19.2-3.0.1 (1).jar
[16Feb2025 03:35:15.140] [main/DEBUG] [net.minecraftforge.fml.loading.moddiscovery.ModFileInfo/LOADING]: Found valid mod file spartanshields-1.19.2-3.0.1 (1).jar with {spartanshields} mods - versions {3.0.1}
[16Feb2025 03:35:15.140] [main/DEBUG] [net.minecraftforge.fml.loading.moddiscovery.ModFile/LOADING]: Loading mod file /workspaces/trabajopractico/servidor_minecraft/mods/spartanshields-1.19.2-3.0.1 (1).jar with languages [LanguageSpec[languageName=javafml, acceptedVersions=[43,)]]
[16Feb2025 03:35:15.140] [main/DEBUG] [net.minecraftforge.fml.loading.moddiscovery.ModFileParser/LOADING]: Considering mod file candidate /workspaces/trabajopractico/servidor_minecraft/mods/Xaeros_Minimap_25.0.0_Forge_1.19.1.jar
[16Feb2025 03:35:15.141] [main/DEBUG] [net.minecraftforge.fml.loading.moddiscovery.ModFileInfo/LOADING]: Found valid mod file Xaeros_Minimap_25.0.0_Forge_1.19.1.jar with {xaerominimap} mods - versions {25.0.0}
[16Feb2025 03:35:15.141] [main/DEBUG] [net.minecraftforge.fml.loading.moddiscovery.ModFile/LOADING]: Loading mod file /workspaces/trabajopractico/servidor_minecraft/mods/Xaeros_Minimap_25.0.0_Forge_1.19.1.jar with languages [LanguageSpec[languageName=javafml, acceptedVersions=[42,)]]
[16Feb2025 03:35:15.143] [main/DEBUG] [net.minecraftforge.fml.loading.moddiscovery.ModFileParser/LOADING]: Found coremod xaerohud_core with Javascript path META-INF/xaerohud_core.js
[16Feb2025 03:35:15.144] [main/DEBUG] [net.minecraftforge.fml.loading.moddiscovery.ModFile/LOADING]: Found coremod META-INF/xaerohud_core.js
[16Feb2025 03:35:15.144] [main/DEBUG] [net.minecraftforge.fml.loading.moddiscovery.ModFileParser/LOADING]: Considering mod file candidate /workspaces/trabajopractico/servidor_minecraft/mods/Croptopia-1.19.2-FORGE-2.2.2.jar
[16Feb2025 03:35:15.144] [main/DEBUG] [net.minecraftforge.fml.loading.moddiscovery.ModFileInfo/LOADING]: Found valid mod file Croptopia-1.19.2-FORGE-2.2.2.jar with {croptopia} mods - versions {2.2.2}
[16Feb2025 03:35:15.144] [main/DEBUG] [net.minecraftforge.fml.loading.moddiscovery.ModFile/LOADING]: Loading mod file /workspaces/trabajopractico/servidor_minecraft/mods/Croptopia-1.19.2-FORGE-2.2.2.jar with languages [LanguageSpec[languageName=javafml, acceptedVersions=[37,)]]
[16Feb2025 03:35:15.145] [main/DEBUG] [net.minecraftforge.fml.loading.moddiscovery.ModFileParser/LOADING]: Considering mod file candidate /workspaces/trabajopractico/servidor_minecraft/mods/XaerosWorldMap_1.39.2_Forge_1.19.1.jar
[16Feb2025 03:35:15.145] [main/DEBUG] [net.minecraftforge.fml.loading.moddiscovery.ModFileInfo/LOADING]: Found valid mod file XaerosWorldMap_1.39.2_Forge_1.19.1.jar with {xaeroworldmap} mods - versions {1.39.2}
[16Feb2025 03:35:15.145] [main/DEBUG] [net.minecraftforge.fml.loading.moddiscovery.ModFile/LOADING]: Loading mod file /workspaces/trabajopractico/servidor_minecraft/mods/XaerosWorldMap_1.39.2_Forge_1.19.1.jar with languages [LanguageSpec[languageName=javafml, acceptedVersions=[42,)]]
[16Feb2025 03:35:15.146] [main/DEBUG] [net.minecraftforge.fml.loading.moddiscovery.ModFileParser/LOADING]: Found coremod xaeroworldmap_core with Javascript path META-INF/xaeroworldmap_core.js
[16Feb2025 03:35:15.146] [main/DEBUG] [net.minecraftforge.fml.loading.moddiscovery.ModFile/LOADING]: Found coremod META-INF/xaeroworldmap_core.js
[16Feb2025 03:35:15.146] [main/DEBUG] [net.minecraftforge.fml.loading.moddiscovery.ModFileParser/LOADING]: Considering mod file candidate /workspaces/trabajopractico/servidor_minecraft/mods/[1.19.2] SecurityCraft v1.9.6.1.jar
[16Feb2025 03:35:15.147] [main/DEBUG] [net.minecraftforge.fml.loading.moddiscovery.ModFileInfo/LOADING]: Found valid mod file [1.19.2] SecurityCraft v1.9.6.1.jar with {securitycraft} mods - versions {1.9.6.1}
[16Feb2025 03:35:15.147] [main/DEBUG] [net.minecraftforge.fml.loading.moddiscovery.ModFile/LOADING]: Loading mod file /workspaces/trabajopractico/servidor_minecraft/mods/[1.19.2] SecurityCraft v1.9.6.1.jar with languages [LanguageSpec[languageName=javafml, acceptedVersions=[43,)]]
[16Feb2025 03:35:15.147] [main/DEBUG] [net.minecraftforge.fml.loading.moddiscovery.ModFileParser/LOADING]: Considering mod file candidate /workspaces/trabajopractico/servidor_minecraft/mods/AutoRegLib-1.8.2-55.jar
[16Feb2025 03:35:15.147] [main/DEBUG] [net.minecraftforge.fml.loading.moddiscovery.ModFileInfo/LOADING]: Found valid mod file AutoRegLib-1.8.2-55.jar with {autoreglib} mods - versions {1.8.2-55}
[16Feb2025 03:35:15.147] [main/DEBUG] [net.minecraftforge.fml.loading.moddiscovery.ModFile/LOADING]: Loading mod file /workspaces/trabajopractico/servidor_minecraft/mods/AutoRegLib-1.8.2-55.jar with languages [LanguageSpec[languageName=javafml, acceptedVersions=[38,)]]
[16Feb2025 03:35:15.148] [main/DEBUG] [net.minecraftforge.fml.loading.moddiscovery.ModFileParser/LOADING]: Considering mod file candidate /workspaces/trabajopractico/servidor_minecraft/mods/citadel-2.1.4-1.19.jar
[16Feb2025 03:35:15.148] [main/DEBUG] [net.minecraftforge.fml.loading.moddiscovery.ModFileInfo/LOADING]: Found valid mod file citadel-2.1.4-1.19.jar with {citadel} mods - versions {2.1.4}
[16Feb2025 03:35:15.148] [main/DEBUG] [net.minecraftforge.fml.loading.moddiscovery.ModFile/LOADING]: Loading mod file /workspaces/trabajopractico/servidor_minecraft/mods/citadel-2.1.4-1.19.jar with languages [LanguageSpec[languageName=javafml, acceptedVersions=[41,)]]
[16Feb2025 03:35:15.148] [main/DEBUG] [net.minecraftforge.fml.loading.moddiscovery.ModFileParser/LOADING]: Considering mod file candidate /workspaces/trabajopractico/servidor_minecraft/mods/artifacts-1.19.2-5.0.6.jar
[16Feb2025 03:35:15.149] [main/DEBUG] [net.minecraftforge.fml.loading.moddiscovery.ModFileInfo/LOADING]: Found valid mod file artifacts-1.19.2-5.0.6.jar with {artifacts} mods - versions {1.19.2-5.0.6}
[16Feb2025 03:35:15.149] [main/DEBUG] [net.minecraftforge.fml.loading.moddiscovery.ModFile/LOADING]: Loading mod file /workspaces/trabajopractico/servidor_minecraft/mods/artifacts-1.19.2-5.0.6.jar with languages [LanguageSpec[languageName=javafml, acceptedVersions=[43,)]]
[16Feb2025 03:35:15.149] [main/DEBUG] [net.minecraftforge.fml.loading.moddiscovery.ModFileParser/LOADING]: Considering mod file candidate /workspaces/trabajopractico/servidor_minecraft/mods/travelersbackpack-forge-1.19.2-8.2.41.jar
[16Feb2025 03:35:15.150] [main/DEBUG] [net.minecraftforge.fml.loading.moddiscovery.ModFileInfo/LOADING]: Found valid mod file travelersbackpack-forge-1.19.2-8.2.41.jar with {travelersbackpack} mods - versions {8.2.41}
[16Feb2025 03:35:15.150] [main/DEBUG] [net.minecraftforge.fml.loading.moddiscovery.ModFile/LOADING]: Loading mod file /workspaces/trabajopractico/servidor_minecraft/mods/travelersbackpack-forge-1.19.2-8.2.41.jar with languages [LanguageSpec[languageName=javafml, acceptedVersions=[42,)]]
[16Feb2025 03:35:15.150] [main/DEBUG] [net.minecraftforge.fml.loading.moddiscovery.ModFileParser/LOADING]: Considering mod file candidate /workspaces/trabajopractico/servidor_minecraft/mods/canary-mc1.19.2-0.3.3.jar
[16Feb2025 03:35:15.150] [main/DEBUG] [net.minecraftforge.fml.loading.moddiscovery.ModFileInfo/LOADING]: Found valid mod file canary-mc1.19.2-0.3.3.jar with {canary} mods - versions {0.3.3}
[16Feb2025 03:35:15.151] [main/DEBUG] [net.minecraftforge.fml.loading.moddiscovery.ModFile/LOADING]: Loading mod file /workspaces/trabajopractico/servidor_minecraft/mods/canary-mc1.19.2-0.3.3.jar with languages [LanguageSpec[languageName=javafml, acceptedVersions=[43,)]]
[16Feb2025 03:35:15.151] [main/DEBUG] [net.minecraftforge.fml.loading.moddiscovery.ModFileParser/LOADING]: Considering mod file candidate /workspaces/trabajopractico/servidor_minecraft/mods/anti-xray-1.3.0-Forge-1.19.2.jar
[16Feb2025 03:35:15.151] [main/DEBUG] [net.minecraftforge.fml.loading.moddiscovery.ModFileInfo/LOADING]: Found valid mod file anti-xray-1.3.0-Forge-1.19.2.jar with {antixray} mods - versions {1.3.0}
[16Feb2025 03:35:15.151] [main/DEBUG] [net.minecraftforge.fml.loading.moddiscovery.ModFile/LOADING]: Loading mod file /workspaces/trabajopractico/servidor_minecraft/mods/anti-xray-1.3.0-Forge-1.19.2.jar with languages [LanguageSpec[languageName=javafml, acceptedVersions=[43,)]]
[16Feb2025 03:35:15.151] [main/DEBUG] [net.minecraftforge.fml.loading.moddiscovery.ModFileParser/LOADING]: Considering mod file candidate /workspaces/trabajopractico/servidor_minecraft/mods/resourcefullib-forge-1.19.2-1.1.24.jar
[16Feb2025 03:35:15.152] [main/DEBUG] [net.minecraftforge.fml.loading.moddiscovery.ModFileInfo/LOADING]: Found valid mod file resourcefullib-forge-1.19.2-1.1.24.jar with {resourcefullib} mods - versions {1.1.24}
[16Feb2025 03:35:15.152] [main/DEBUG] [net.minecraftforge.fml.loading.moddiscovery.ModFile/LOADING]: Loading mod file /workspaces/trabajopractico/servidor_minecraft/mods/resourcefullib-forge-1.19.2-1.1.24.jar with languages [LanguageSpec[languageName=javafml, acceptedVersions=[41,)]]
[16Feb2025 03:35:15.152] [main/DEBUG] [net.minecraftforge.fml.loading.moddiscovery.ModFileParser/LOADING]: Considering mod file candidate /workspaces/trabajopractico/servidor_minecraft/mods/appleskin-forge-mc1.19-2.4.2.jar
[16Feb2025 03:35:15.153] [main/DEBUG] [net.minecraftforge.fml.loading.moddiscovery.ModFileInfo/LOADING]: Found valid mod file appleskin-forge-mc1.19-2.4.2.jar with {appleskin} mods - versions {2.4.2+mc1.19}
[16Feb2025 03:35:15.153] [main/DEBUG] [net.minecraftforge.fml.loading.moddiscovery.ModFile/LOADING]: Loading mod file /workspaces/trabajopractico/servidor_minecraft/mods/appleskin-forge-mc1.19-2.4.2.jar with languages [LanguageSpec[languageName=javafml, acceptedVersions=[41,)]]
[16Feb2025 03:35:15.153] [main/DEBUG] [net.minecraftforge.fml.loading.moddiscovery.ModFileParser/LOADING]: Considering mod file candidate /workspaces/trabajopractico/servidor_minecraft/mods/architectury-6.6.92-forge.jar
[16Feb2025 03:35:15.153] [main/DEBUG] [net.minecraftforge.fml.loading.moddiscovery.ModFileInfo/LOADING]: Found valid mod file architectury-6.6.92-forge.jar with {architectury} mods - versions {6.6.92}
[16Feb2025 03:35:15.153] [main/DEBUG] [net.minecraftforge.fml.loading.moddiscovery.ModFile/LOADING]: Loading mod file /workspaces/trabajopractico/servidor_minecraft/mods/architectury-6.6.92-forge.jar with languages [LanguageSpec[languageName=javafml, acceptedVersions=[43,)]]
[16Feb2025 03:35:15.154] [main/DEBUG] [net.minecraftforge.fml.loading.moddiscovery.ModFileParser/LOADING]: Considering mod file candidate /workspaces/trabajopractico/servidor_minecraft/mods/deeperdarker-forge-1.19.2-1.2.2.jar
[16Feb2025 03:35:15.154] [main/DEBUG] [net.minecraftforge.fml.loading.moddiscovery.ModFileInfo/LOADING]: Found valid mod file deeperdarker-forge-1.19.2-1.2.2.jar with {deeperdarker} mods - versions {1.2.2}
[16Feb2025 03:35:15.154] [main/DEBUG] [net.minecraftforge.fml.loading.moddiscovery.ModFile/LOADING]: Loading mod file /workspaces/trabajopractico/servidor_minecraft/mods/deeperdarker-forge-1.19.2-1.2.2.jar with languages [LanguageSpec[languageName=javafml, acceptedVersions=[43,44)]]
[16Feb2025 03:35:15.154] [main/DEBUG] [net.minecraftforge.fml.loading.moddiscovery.ModFileParser/LOADING]: Considering mod file candidate /workspaces/trabajopractico/servidor_minecraft/mods/ferritecore-5.0.3-forge.jar
[16Feb2025 03:35:15.155] [main/DEBUG] [net.minecraftforge.fml.loading.moddiscovery.ModFileInfo/LOADING]: Found valid mod file ferritecore-5.0.3-forge.jar with {ferritecore} mods - versions {5.0.3}
[16Feb2025 03:35:15.155] [main/DEBUG] [net.minecraftforge.fml.loading.moddiscovery.ModFile/LOADING]: Loading mod file /workspaces/trabajopractico/servidor_minecraft/mods/ferritecore-5.0.3-forge.jar with languages [LanguageSpec[languageName=javafml, acceptedVersions=[28,)]]
[16Feb2025 03:35:15.155] [main/DEBUG] [net.minecraftforge.fml.loading.moddiscovery.ModFileParser/LOADING]: Considering mod file candidate /workspaces/trabajopractico/servidor_minecraft/mods/iceandfire-1.19.2-2.1.13-beta-3.jar
[16Feb2025 03:35:15.156] [main/DEBUG] [net.minecraftforge.fml.loading.moddiscovery.ModFileInfo/LOADING]: Found valid mod file iceandfire-1.19.2-2.1.13-beta-3.jar with {iceandfire} mods - versions {1.19.2-2.1.13+build.beta-3}
[16Feb2025 03:35:15.156] [main/DEBUG] [net.minecraftforge.fml.loading.moddiscovery.ModFile/LOADING]: Loading mod file /workspaces/trabajopractico/servidor_minecraft/mods/iceandfire-1.19.2-2.1.13-beta-3.jar with languages [LanguageSpec[languageName=javafml, acceptedVersions=[37.0,)]]
[16Feb2025 03:35:15.156] [main/DEBUG] [net.minecraftforge.fml.loading.moddiscovery.ModFileParser/LOADING]: Considering mod file candidate /workspaces/trabajopractico/servidor_minecraft/mods/PuzzlesLib-v4.4.3-1.19.2-Forge.jar
[16Feb2025 03:35:15.156] [main/DEBUG] [net.minecraftforge.fml.loading.moddiscovery.ModFileInfo/LOADING]: Found valid mod file PuzzlesLib-v4.4.3-1.19.2-Forge.jar with {puzzleslib} mods - versions {4.4.3}
[16Feb2025 03:35:15.156] [main/DEBUG] [net.minecraftforge.fml.loading.moddiscovery.ModFile/LOADING]: Loading mod file /workspaces/trabajopractico/servidor_minecraft/mods/PuzzlesLib-v4.4.3-1.19.2-Forge.jar with languages [LanguageSpec[languageName=javafml, acceptedVersions=[43,)]]
[16Feb2025 03:35:15.157] [main/DEBUG] [net.minecraftforge.fml.loading.moddiscovery.ModFileParser/LOADING]: Considering mod file candidate /workspaces/trabajopractico/servidor_minecraft/mods/cloth-config-8.3.134-forge.jar
[16Feb2025 03:35:15.157] [main/DEBUG] [net.minecraftforge.fml.loading.moddiscovery.ModFileInfo/LOADING]: Found valid mod file cloth-config-8.3.134-forge.jar with {cloth_config} mods - versions {8.3.134}
[16Feb2025 03:35:15.157] [main/DEBUG] [net.minecraftforge.fml.loading.moddiscovery.ModFile/LOADING]: Loading mod file /workspaces/trabajopractico/servidor_minecraft/mods/cloth-config-8.3.134-forge.jar with languages [LanguageSpec[languageName=javafml, acceptedVersions=[34,)]]
[16Feb2025 03:35:15.157] [main/DEBUG] [net.minecraftforge.fml.loading.moddiscovery.ModFileParser/LOADING]: Considering mod file candidate /workspaces/trabajopractico/servidor_minecraft/libraries/net/minecraftforge/forge/1.19.2-43.4.2/forge-1.19.2-43.4.2-universal.jar
[16Feb2025 03:35:15.158] [main/DEBUG] [net.minecraftforge.fml.loading.moddiscovery.ModFileInfo/LOADING]: Found valid mod file forge-1.19.2-43.4.2-universal.jar with {forge} mods - versions {43.4.2}
[16Feb2025 03:35:15.158] [main/DEBUG] [net.minecraftforge.fml.loading.moddiscovery.ModFile/LOADING]: Loading mod file /workspaces/trabajopractico/servidor_minecraft/libraries/net/minecraftforge/forge/1.19.2-43.4.2/forge-1.19.2-43.4.2-universal.jar with languages [LanguageSpec[languageName=javafml, acceptedVersions=[24,]]]
[16Feb2025 03:35:15.158] [main/DEBUG] [net.minecraftforge.fml.loading.moddiscovery.ModFileParser/LOADING]: Found coremod field_to_method with Javascript path coremods/field_to_method.js
[16Feb2025 03:35:15.158] [main/DEBUG] [net.minecraftforge.fml.loading.moddiscovery.ModFileParser/LOADING]: Found coremod field_to_instanceof with Javascript path coremods/field_to_instanceof.js
[16Feb2025 03:35:15.158] [main/DEBUG] [net.minecraftforge.fml.loading.moddiscovery.ModFileParser/LOADING]: Found coremod add_bouncer_method with Javascript path coremods/add_bouncer_method.js
[16Feb2025 03:35:15.158] [main/DEBUG] [net.minecraftforge.fml.loading.moddiscovery.ModFile/LOADING]: Found coremod coremods/field_to_method.js
[16Feb2025 03:35:15.159] [main/DEBUG] [net.minecraftforge.fml.loading.moddiscovery.ModFile/LOADING]: Found coremod coremods/field_to_instanceof.js
[16Feb2025 03:35:15.159] [main/DEBUG] [net.minecraftforge.fml.loading.moddiscovery.ModFile/LOADING]: Found coremod coremods/add_bouncer_method.js
[16Feb2025 03:35:15.159] [main/DEBUG] [net.minecraftforge.fml.loading.moddiscovery.ModFileParser/LOADING]: Considering mod file candidate 
[16Feb2025 03:35:15.159] [main/DEBUG] [net.minecraftforge.fml.loading.moddiscovery.ModFileInfo/LOADING]: Found valid mod file expandability-forge-7.0.0.jar with {expandability} mods - versions {7.0.0}
[16Feb2025 03:35:15.159] [main/DEBUG] [net.minecraftforge.fml.loading.moddiscovery.ModFile/LOADING]: Loading mod file  with languages [LanguageSpec[languageName=javafml, acceptedVersions=[41,)]]
[16Feb2025 03:35:15.159] [main/DEBUG] [net.minecraftforge.fml.loading.moddiscovery.ModFileParser/LOADING]: Considering mod file candidate /workspaces/trabajopractico/servidor_minecraft/mods/MobLassos-v4.0.0-1.19.2-Forge.jar
[16Feb2025 03:35:15.160] [main/DEBUG] [net.minecraftforge.fml.loading.moddiscovery.ModFileInfo/LOADING]: Found valid mod file MobLassos-v4.0.0-1.19.2-Forge.jar with {moblassos} mods - versions {4.0.0}
[16Feb2025 03:35:15.160] [main/DEBUG] [net.minecraftforge.fml.loading.moddiscovery.ModFile/LOADING]: Loading mod file /workspaces/trabajopractico/servidor_minecraft/mods/MobLassos-v4.0.0-1.19.2-Forge.jar with languages [LanguageSpec[languageName=javafml, acceptedVersions=[43,)]]
[16Feb2025 03:35:15.160] [main/DEBUG] [net.minecraftforge.fml.loading.moddiscovery.ModFileParser/LOADING]: Considering mod file candidate /workspaces/trabajopractico/servidor_minecraft/mods/embeddium-0.3.18.1+mc1.19.2.jar
[16Feb2025 03:35:15.161] [main/DEBUG] [net.minecraftforge.fml.loading.moddiscovery.ModFileInfo/LOADING]: Found valid mod file embeddium-0.3.18.1+mc1.19.2.jar with {embeddium,rubidium} mods - versions {0.3.18.1+mc1.19.2,0.6.2c}
[16Feb2025 03:35:15.161] [main/DEBUG] [net.minecraftforge.fml.loading.moddiscovery.ModFile/LOADING]: Loading mod file /workspaces/trabajopractico/servidor_minecraft/mods/embeddium-0.3.18.1+mc1.19.2.jar with languages [LanguageSpec[languageName=javafml, acceptedVersions=[39,)]]
[16Feb2025 03:35:15.161] [main/DEBUG] [net.minecraftforge.fml.loading.moddiscovery.ModFileParser/LOADING]: Considering mod file candidate /workspaces/trabajopractico/servidor_minecraft/mods/geckolib-forge-1.19-3.1.40.jar
[16Feb2025 03:35:15.161] [main/DEBUG] [net.minecraftforge.fml.loading.moddiscovery.ModFileInfo/LOADING]: Found valid mod file geckolib-forge-1.19-3.1.40.jar with {geckolib3} mods - versions {3.1.40}
[16Feb2025 03:35:15.162] [main/DEBUG] [net.minecraftforge.fml.loading.moddiscovery.ModFile/LOADING]: Loading mod file /workspaces/trabajopractico/servidor_minecraft/mods/geckolib-forge-1.19-3.1.40.jar with languages [LanguageSpec[languageName=javafml, acceptedVersions=[41,)]]
[16Feb2025 03:35:15.162] [main/DEBUG] [net.minecraftforge.fml.loading.moddiscovery.ModFileParser/LOADING]: Considering mod file candidate /workspaces/trabajopractico/servidor_minecraft/mods/PlayerRevive_FORGE_v2.0.17_mc1.19.2.jar
[16Feb2025 03:35:15.162] [main/DEBUG] [net.minecraftforge.fml.loading.moddiscovery.ModFileInfo/LOADING]: Found valid mod file PlayerRevive_FORGE_v2.0.17_mc1.19.2.jar with {playerrevive} mods - versions {2.0.17}
[16Feb2025 03:35:15.162] [main/DEBUG] [net.minecraftforge.fml.loading.moddiscovery.ModFile/LOADING]: Loading mod file /workspaces/trabajopractico/servidor_minecraft/mods/PlayerRevive_FORGE_v2.0.17_mc1.19.2.jar with languages [LanguageSpec[languageName=javafml, acceptedVersions=[43,)]]
[16Feb2025 03:35:15.162] [main/DEBUG] [net.minecraftforge.fml.loading.moddiscovery.ModFileParser/LOADING]: Considering mod file candidate /workspaces/trabajopractico/servidor_minecraft/mods/THEUNDEADREVAMPED_1.0b_1.19.2[LAST 1.19.2].jar
[16Feb2025 03:35:15.163] [main/DEBUG] [net.minecraftforge.fml.loading.moddiscovery.ModFileInfo/LOADING]: Found valid mod file THEUNDEADREVAMPED_1.0b_1.19.2[LAST 1.19.2].jar with {undead_revamp2} mods - versions {1.0.0}
[16Feb2025 03:35:15.163] [main/DEBUG] [net.minecraftforge.fml.loading.moddiscovery.ModFile/LOADING]: Loading mod file /workspaces/trabajopractico/servidor_minecraft/mods/THEUNDEADREVAMPED_1.0b_1.19.2[LAST 1.19.2].jar with languages [LanguageSpec[languageName=javafml, acceptedVersions=[43,)]]
[16Feb2025 03:35:15.163] [main/DEBUG] [net.minecraftforge.fml.loading.moddiscovery.ModFileParser/LOADING]: Considering mod file candidate /workspaces/trabajopractico/servidor_minecraft/mods/corpse-forge-1.19.2-1.0.17.jar
[16Feb2025 03:35:15.164] [main/DEBUG] [net.minecraftforge.fml.loading.moddiscovery.ModFileInfo/LOADING]: Found valid mod file corpse-forge-1.19.2-1.0.17.jar with {corpse} mods - versions {1.19.2-1.0.17}
[16Feb2025 03:35:15.164] [main/DEBUG] [net.minecraftforge.fml.loading.moddiscovery.ModFile/LOADING]: Loading mod file /workspaces/trabajopractico/servidor_minecraft/mods/corpse-forge-1.19.2-1.0.17.jar with languages [LanguageSpec[languageName=javafml, acceptedVersions=*]]
[16Feb2025 03:35:15.164] [main/DEBUG] [net.minecraftforge.fml.loading.moddiscovery.ModFile/LOADING]: Loading mod file  with languages []
[16Feb2025 03:35:15.164] [main/DEBUG] [net.minecraftforge.fml.loading.moddiscovery.ModFileParser/LOADING]: Considering mod file candidate 
[16Feb2025 03:35:15.165] [main/DEBUG] [net.minecraftforge.fml.loading.moddiscovery.ModFileInfo/LOADING]: Found valid mod file mixinextras-forge-0.2.0-beta.9.jar with {mixinextras} mods - versions {0.2.0-beta.9}
[16Feb2025 03:35:15.165] [main/DEBUG] [net.minecraftforge.fml.loading.moddiscovery.ModFile/LOADING]: Loading mod file  with languages [LanguageSpec[languageName=javafml, acceptedVersions=*]]
[16Feb2025 03:35:15.166] [main/DEBUG] [cpw.mods.modlauncher.TransformationServiceDecorator/MODLAUNCHER]: End scan trigger - transformation service fml
[16Feb2025 03:35:15.176] [main/DEBUG] [net.minecraftforge.fml.loading.LanguageLoadingProvider/CORE]: Found 3 language providers
[16Feb2025 03:35:15.177] [main/DEBUG] [net.minecraftforge.fml.loading.LanguageLoadingProvider/CORE]: Found language provider minecraft, version 1.0
[16Feb2025 03:35:15.177] [main/DEBUG] [net.minecraftforge.fml.loading.LanguageLoadingProvider/CORE]: Found language provider lowcodefml, version 43
[16Feb2025 03:35:15.178] [main/DEBUG] [net.minecraftforge.fml.loading.LanguageLoadingProvider/CORE]: Found language provider javafml, version 43
[16Feb2025 03:35:15.182] [main/DEBUG] [net.minecraftforge.fml.loading.ModSorter/]: Configured system mods: [minecraft, forge]
[16Feb2025 03:35:15.182] [main/DEBUG] [net.minecraftforge.fml.loading.ModSorter/]: Found system mod: minecraft
[16Feb2025 03:35:15.182] [main/DEBUG] [net.minecraftforge.fml.loading.ModSorter/]: Found system mod: forge
[16Feb2025 03:35:15.185] [main/DEBUG] [net.minecraftforge.fml.loading.ModSorter/LOADING]: Found 78 mod requirements (70 mandatory, 8 optional)
[16Feb2025 03:35:15.186] [main/DEBUG] [net.minecraftforge.fml.loading.ModSorter/LOADING]: Found 0 mod requirements missing (0 mandatory, 0 optional)
[16Feb2025 03:35:15.698] [main/DEBUG] [cpw.mods.modlauncher.TransformationServicesHandler/MODLAUNCHER]: Transformation services loading transformers
[16Feb2025 03:35:15.699] [main/DEBUG] [cpw.mods.modlauncher.TransformationServiceDecorator/MODLAUNCHER]: Initializing transformers for transformation service mixin
[16Feb2025 03:35:15.699] [main/DEBUG] [cpw.mods.modlauncher.TransformationServiceDecorator/MODLAUNCHER]: Initialized transformers for transformation service mixin
[16Feb2025 03:35:15.700] [main/DEBUG] [cpw.mods.modlauncher.TransformationServiceDecorator/MODLAUNCHER]: Initializing transformers for transformation service fml
[16Feb2025 03:35:15.700] [main/DEBUG] [net.minecraftforge.fml.loading.FMLServiceProvider/CORE]: Loading coremod transformers
[16Feb2025 03:35:15.700] [main/DEBUG] [net.minecraftforge.coremod.CoreModEngine/COREMOD]: Loading CoreMod from META-INF/xaerohud_core.js
[16Feb2025 03:35:16.110] [main/DEBUG] [net.minecraftforge.coremod.CoreModEngine/COREMOD]: CoreMod loaded successfully
[16Feb2025 03:35:16.110] [main/DEBUG] [net.minecraftforge.coremod.CoreModEngine/COREMOD]: Loading CoreMod from META-INF/xaeroworldmap_core.js
[16Feb2025 03:35:16.193] [main/DEBUG] [net.minecraftforge.coremod.CoreModEngine/COREMOD]: CoreMod loaded successfully
[16Feb2025 03:35:16.193] [main/DEBUG] [net.minecraftforge.coremod.CoreModEngine/COREMOD]: Loading CoreMod from coremods/field_to_method.js
[16Feb2025 03:35:16.210] [main/DEBUG] [net.minecraftforge.coremod.CoreModEngine/COREMOD]: CoreMod loaded successfully
[16Feb2025 03:35:16.211] [main/DEBUG] [net.minecraftforge.coremod.CoreModEngine/COREMOD]: Loading CoreMod from coremods/field_to_instanceof.js
[16Feb2025 03:35:16.249] [main/DEBUG] [net.minecraftforge.coremod.CoreModEngine/COREMOD]: CoreMod loaded successfully
[16Feb2025 03:35:16.249] [main/DEBUG] [net.minecraftforge.coremod.CoreModEngine/COREMOD]: Loading CoreMod from coremods/add_bouncer_method.js
[16Feb2025 03:35:16.275] [main/DEBUG] [net.minecraftforge.coremod.CoreModEngine/COREMOD]: CoreMod loaded successfully
[16Feb2025 03:35:16.289] [main/DEBUG] [cpw.mods.modlauncher.TransformStore/MODLAUNCHER]: Adding transformer net.minecraftforge.coremod.transformer.CoreModClassTransformer@461c3709 to Target : CLASS {Lnet/minecraft/world/level/chunk/LevelChunk;} {} {V}
[16Feb2025 03:35:16.290] [main/DEBUG] [cpw.mods.modlauncher.TransformStore/MODLAUNCHER]: Adding transformer net.minecraftforge.coremod.transformer.CoreModClassTransformer@5d152bcd to Target : CLASS {Lnet/minecraft/client/multiplayer/ClientPacketListener;} {} {V}
[16Feb2025 03:35:16.290] [main/DEBUG] [cpw.mods.modlauncher.TransformStore/MODLAUNCHER]: Adding transformer net.minecraftforge.coremod.transformer.CoreModClassTransformer@43cb5f38 to Target : CLASS {Lnet/minecraft/client/multiplayer/ClientLevel;} {} {V}
[16Feb2025 03:35:16.290] [main/DEBUG] [cpw.mods.modlauncher.TransformStore/MODLAUNCHER]: Adding transformer net.minecraftforge.coremod.transformer.CoreModClassTransformer@6435fa1c to Target : CLASS {Lnet/minecraft/network/protocol/game/ClientboundSectionBlocksUpdatePacket;} {} {V}
[16Feb2025 03:35:16.290] [main/DEBUG] [cpw.mods.modlauncher.TransformStore/MODLAUNCHER]: Adding transformer net.minecraftforge.coremod.transformer.CoreModClassTransformer@7944b8b4 to Target : CLASS {Lnet/minecraft/client/gui/components/CycleButton;} {} {V}
[16Feb2025 03:35:16.290] [main/DEBUG] [cpw.mods.modlauncher.TransformStore/MODLAUNCHER]: Adding transformer net.minecraftforge.coremod.transformer.CoreModClassTransformer@d7bbf12 to Target : CLASS {Lnet/minecraft/server/MinecraftServer;} {} {V}
[16Feb2025 03:35:16.291] [main/DEBUG] [cpw.mods.modlauncher.TransformStore/MODLAUNCHER]: Adding transformer net.minecraftforge.coremod.transformer.CoreModClassTransformer@1450131a to Target : CLASS {Lnet/minecraft/server/level/ServerPlayer;} {} {V}
[16Feb2025 03:35:16.291] [main/DEBUG] [cpw.mods.modlauncher.TransformStore/MODLAUNCHER]: Adding transformer net.minecraftforge.coremod.transformer.CoreModClassTransformer@5f7eee96 to Target : CLASS {Lnet/minecraft/client/Minecraft;} {} {V}
[16Feb2025 03:35:16.291] [main/DEBUG] [cpw.mods.modlauncher.TransformStore/MODLAUNCHER]: Adding transformer net.minecraftforge.coremod.transformer.CoreModClassTransformer@3a36cd5 to Target : CLASS {Lnet/minecraft/client/gui/components/AbstractSelectionList;} {} {V}
[16Feb2025 03:35:16.291] [main/DEBUG] [cpw.mods.modlauncher.TransformStore/MODLAUNCHER]: Adding transformer net.minecraftforge.coremod.transformer.CoreModClassTransformer@53f0d09c to Target : CLASS {Lnet/minecraft/world/level/chunk/LevelChunk;} {} {V}
[16Feb2025 03:35:16.291] [main/DEBUG] [cpw.mods.modlauncher.TransformStore/MODLAUNCHER]: Adding transformer net.minecraftforge.coremod.transformer.CoreModClassTransformer@47acd13b to Target : CLASS {Lnet/minecraft/client/multiplayer/ClientPacketListener;} {} {V}
[16Feb2025 03:35:16.292] [main/DEBUG] [cpw.mods.modlauncher.TransformStore/MODLAUNCHER]: Adding transformer net.minecraftforge.coremod.transformer.CoreModClassTransformer@6f8e9d06 to Target : CLASS {Lnet/minecraft/client/multiplayer/ClientLevel;} {} {V}
[16Feb2025 03:35:16.292] [main/DEBUG] [cpw.mods.modlauncher.TransformStore/MODLAUNCHER]: Adding transformer net.minecraftforge.coremod.transformer.CoreModClassTransformer@77d381e6 to Target : CLASS {Lnet/minecraft/network/protocol/game/ClientboundSectionBlocksUpdatePacket;} {} {V}
[16Feb2025 03:35:16.292] [main/DEBUG] [cpw.mods.modlauncher.TransformStore/MODLAUNCHER]: Adding transformer net.minecraftforge.coremod.transformer.CoreModClassTransformer@2272cbb0 to Target : CLASS {Lnet/minecraft/client/gui/components/CycleButton;} {} {V}
[16Feb2025 03:35:16.292] [main/DEBUG] [cpw.mods.modlauncher.TransformStore/MODLAUNCHER]: Adding transformer net.minecraftforge.coremod.transformer.CoreModClassTransformer@3f6f3cc to Target : CLASS {Lnet/minecraft/server/MinecraftServer;} {} {V}
[16Feb2025 03:35:16.293] [main/DEBUG] [cpw.mods.modlauncher.TransformStore/MODLAUNCHER]: Adding transformer net.minecraftforge.coremod.transformer.CoreModClassTransformer@180b3819 to Target : CLASS {Lnet/minecraft/server/level/ServerPlayer;} {} {V}
[16Feb2025 03:35:16.293] [main/DEBUG] [cpw.mods.modlauncher.TransformStore/MODLAUNCHER]: Adding transformer net.minecraftforge.coremod.transformer.CoreModClassTransformer@733c464f to Target : CLASS {Lnet/minecraft/client/Minecraft;} {} {V}
[16Feb2025 03:35:16.293] [main/DEBUG] [cpw.mods.modlauncher.TransformStore/MODLAUNCHER]: Adding transformer net.minecraftforge.coremod.transformer.CoreModClassTransformer@47272cd3 to Target : CLASS {Lnet/minecraft/server/level/ServerLevel;} {} {V}
[16Feb2025 03:35:16.293] [main/DEBUG] [cpw.mods.modlauncher.TransformStore/MODLAUNCHER]: Adding transformer net.minecraftforge.coremod.transformer.CoreModClassTransformer@73fbdf68 to Target : CLASS {Lnet/minecraft/world/level/biome/Biome;} {} {V}
[16Feb2025 03:35:16.294] [main/DEBUG] [cpw.mods.modlauncher.TransformStore/MODLAUNCHER]: Adding transformer net.minecraftforge.coremod.transformer.CoreModClassTransformer@32f1fafe to Target : CLASS {Lnet/minecraft/world/level/levelgen/structure/Structure;} {} {V}
[16Feb2025 03:35:16.294] [main/DEBUG] [cpw.mods.modlauncher.TransformStore/MODLAUNCHER]: Adding transformer net.minecraftforge.coremod.transformer.CoreModClassTransformer@236eccd1 to Target : CLASS {Lnet/minecraft/world/effect/MobEffectInstance;} {} {V}
[16Feb2025 03:35:16.294] [main/DEBUG] [cpw.mods.modlauncher.TransformStore/MODLAUNCHER]: Adding transformer net.minecraftforge.coremod.transformer.CoreModClassTransformer@5d512ddb to Target : CLASS {Lnet/minecraft/world/level/block/LiquidBlock;} {} {V}
[16Feb2025 03:35:16.294] [main/DEBUG] [cpw.mods.modlauncher.TransformStore/MODLAUNCHER]: Adding transformer net.minecraftforge.coremod.transformer.CoreModClassTransformer@707ca986 to Target : CLASS {Lnet/minecraft/world/item/BucketItem;} {} {V}
[16Feb2025 03:35:16.294] [main/DEBUG] [cpw.mods.modlauncher.TransformStore/MODLAUNCHER]: Adding transformer net.minecraftforge.coremod.transformer.CoreModClassTransformer@4de79b7d to Target : CLASS {Lnet/minecraft/world/level/block/StairBlock;} {} {V}
[16Feb2025 03:35:16.295] [main/DEBUG] [cpw.mods.modlauncher.TransformStore/MODLAUNCHER]: Adding transformer net.minecraftforge.coremod.transformer.CoreModClassTransformer@183ade54 to Target : CLASS {Lnet/minecraft/world/level/block/FlowerPotBlock;} {} {V}
[16Feb2025 03:35:16.295] [main/DEBUG] [cpw.mods.modlauncher.TransformStore/MODLAUNCHER]: Adding transformer net.minecraftforge.coremod.transformer.CoreModClassTransformer@4c51077d to Target : CLASS {Lnet/minecraft/world/item/ItemStack;} {} {V}
[16Feb2025 03:35:16.295] [main/DEBUG] [cpw.mods.modlauncher.TransformStore/MODLAUNCHER]: Adding transformer net.minecraftforge.coremod.transformer.CoreModClassTransformer@5974b7e8 to Target : CLASS {Lnet/minecraft/network/play/client/CClientSettingsPacket;} {} {V}
[16Feb2025 03:35:16.295] [main/DEBUG] [cpw.mods.modlauncher.TransformStore/MODLAUNCHER]: Adding transformer net.minecraftforge.coremod.transformer.CoreModMethodTransformer@66bf40e5 to Target : METHOD {Lnet/minecraft/client/multiplayer/ClientPacketListener;} {m_6773_} {(Lnet/minecraft/network/protocol/game/ClientboundBlockUpdatePacket;)V}
[16Feb2025 03:35:16.295] [main/DEBUG] [cpw.mods.modlauncher.TransformStore/MODLAUNCHER]: Adding transformer net.minecraftforge.coremod.transformer.CoreModMethodTransformer@2291d9a0 to Target : METHOD {Lnet/minecraft/client/multiplayer/ClientPacketListener;} {m_5771_} {(Lnet/minecraft/network/protocol/game/ClientboundSectionBlocksUpdatePacket;)V}
[16Feb2025 03:35:16.295] [main/DEBUG] [cpw.mods.modlauncher.TransformStore/MODLAUNCHER]: Adding transformer net.minecraftforge.coremod.transformer.CoreModMethodTransformer@5e26f1ed to Target : METHOD {Lnet/minecraft/client/multiplayer/ClientPacketListener;} {m_194198_} {(IILnet/minecraft/network/protocol/game/ClientboundLevelChunkPacketData;)V}
[16Feb2025 03:35:16.296] [main/DEBUG] [cpw.mods.modlauncher.TransformStore/MODLAUNCHER]: Adding transformer net.minecraftforge.coremod.transformer.CoreModMethodTransformer@39666e42 to Target : METHOD {Lnet/minecraft/client/multiplayer/ClientPacketListener;} {m_194202_} {(IILnet/minecraft/network/protocol/game/ClientboundLightUpdatePacketData;)V}
[16Feb2025 03:35:16.296] [main/DEBUG] [cpw.mods.modlauncher.TransformStore/MODLAUNCHER]: Adding transformer net.minecraftforge.coremod.transformer.CoreModMethodTransformer@25c2a9e3 to Target : METHOD {Lnet/minecraft/client/multiplayer/ClientPacketListener;} {m_6571_} {(Lnet/minecraft/network/protocol/game/ClientboundSetDefaultSpawnPositionPacket;)V}
[16Feb2025 03:35:16.296] [main/DEBUG] [cpw.mods.modlauncher.TransformStore/MODLAUNCHER]: Adding transformer net.minecraftforge.coremod.transformer.CoreModMethodTransformer@9b23822 to Target : METHOD {Lnet/minecraft/client/player/AbstractClientPlayer;} {m_108561_} {()Lnet/minecraft/resources/ResourceLocation;}
[16Feb2025 03:35:16.296] [main/DEBUG] [cpw.mods.modlauncher.TransformStore/MODLAUNCHER]: Adding transformer net.minecraftforge.coremod.transformer.CoreModMethodTransformer@60f21960 to Target : METHOD {Lnet/minecraft/world/entity/player/Player;} {m_36170_} {(Lnet/minecraft/world/entity/player/PlayerModelPart;)Z}
[16Feb2025 03:35:16.296] [main/DEBUG] [cpw.mods.modlauncher.TransformStore/MODLAUNCHER]: Adding transformer net.minecraftforge.coremod.transformer.CoreModMethodTransformer@6a6c7f42 to Target : METHOD {Lnet/minecraft/client/multiplayer/ClientPacketListener;} {m_5998_} {(Lnet/minecraft/network/protocol/game/ClientboundLoginPacket;)V}
[16Feb2025 03:35:16.296] [main/DEBUG] [cpw.mods.modlauncher.TransformStore/MODLAUNCHER]: Adding transformer net.minecraftforge.coremod.transformer.CoreModMethodTransformer@5a515e5d to Target : METHOD {Lnet/minecraft/client/multiplayer/ClientPacketListener;} {m_105140_} {()V}
[16Feb2025 03:35:16.297] [main/DEBUG] [cpw.mods.modlauncher.TransformStore/MODLAUNCHER]: Adding transformer net.minecraftforge.coremod.transformer.CoreModMethodTransformer@423a0e1d to Target : METHOD {Lnet/minecraft/client/player/LocalPlayer;} {m_7583_} {()V}
[16Feb2025 03:35:16.297] [main/DEBUG] [cpw.mods.modlauncher.TransformStore/MODLAUNCHER]: Adding transformer net.minecraftforge.coremod.transformer.CoreModMethodTransformer@32f32623 to Target : METHOD {Lnet/minecraft/server/players/PlayerList;} {m_11229_} {(Lnet/minecraft/server/level/ServerPlayer;Lnet/minecraft/server/level/ServerLevel;)V}
[16Feb2025 03:35:16.297] [main/DEBUG] [cpw.mods.modlauncher.TransformStore/MODLAUNCHER]: Adding transformer net.minecraftforge.coremod.transformer.CoreModMethodTransformer@3becc950 to Target : METHOD {Lnet/minecraft/client/gui/components/BossHealthOverlay;} {m_93704_} {(Lcom/mojang/blaze3d/vertex/PoseStack;)V}
[16Feb2025 03:35:16.297] [main/DEBUG] [cpw.mods.modlauncher.TransformStore/MODLAUNCHER]: Adding transformer net.minecraftforge.coremod.transformer.CoreModMethodTransformer@6b9fdbc6 to Target : METHOD {Lnet/minecraft/client/model/ListModel;} {m_7695_} {(Lcom/mojang/blaze3d/vertex/PoseStack;Lcom/mojang/blaze3d/vertex/VertexConsumer;IIFFFF)V}
[16Feb2025 03:35:16.297] [main/DEBUG] [cpw.mods.modlauncher.TransformStore/MODLAUNCHER]: Adding transformer net.minecraftforge.coremod.transformer.CoreModMethodTransformer@79476a4e to Target : METHOD {Lnet/minecraft/client/model/AgeableListModel;} {m_7695_} {(Lcom/mojang/blaze3d/vertex/PoseStack;Lcom/mojang/blaze3d/vertex/VertexConsumer;IIFFFF)V}
[16Feb2025 03:35:16.297] [main/DEBUG] [cpw.mods.modlauncher.TransformStore/MODLAUNCHER]: Adding transformer net.minecraftforge.coremod.transformer.CoreModMethodTransformer@52ae997b to Target : METHOD {Lnet/minecraft/client/model/LlamaModel;} {m_7695_} {(Lcom/mojang/blaze3d/vertex/PoseStack;Lcom/mojang/blaze3d/vertex/VertexConsumer;IIFFFF)V}
[16Feb2025 03:35:16.298] [main/DEBUG] [cpw.mods.modlauncher.TransformStore/MODLAUNCHER]: Adding transformer net.minecraftforge.coremod.transformer.CoreModMethodTransformer@f557c37 to Target : METHOD {Lnet/minecraft/client/model/RabbitModel;} {m_7695_} {(Lcom/mojang/blaze3d/vertex/PoseStack;Lcom/mojang/blaze3d/vertex/VertexConsumer;IIFFFF)V}
[16Feb2025 03:35:16.298] [main/DEBUG] [cpw.mods.modlauncher.TransformStore/MODLAUNCHER]: Adding transformer net.minecraftforge.coremod.transformer.CoreModMethodTransformer@1a01d7f0 to Target : METHOD {Lnet/minecraft/client/renderer/entity/EnderDragonRenderer$DragonModel;} {m_7695_} {(Lcom/mojang/blaze3d/vertex/PoseStack;Lcom/mojang/blaze3d/vertex/VertexConsumer;IIFFFF)V}
[16Feb2025 03:35:16.298] [main/DEBUG] [cpw.mods.modlauncher.TransformStore/MODLAUNCHER]: Adding transformer net.minecraftforge.coremod.transformer.CoreModMethodTransformer@5856dbe4 to Target : METHOD {Lnet/minecraft/client/model/HierarchicalModel;} {m_7695_} {(Lcom/mojang/blaze3d/vertex/PoseStack;Lcom/mojang/blaze3d/vertex/VertexConsumer;IIFFFF)V}
[16Feb2025 03:35:16.298] [main/DEBUG] [cpw.mods.modlauncher.TransformStore/MODLAUNCHER]: Adding transformer net.minecraftforge.coremod.transformer.CoreModMethodTransformer@7e15f4d4 to Target : METHOD {Lnet/minecraft/client/model/geom/ModelPart;} {m_104290_} {(Lcom/mojang/blaze3d/vertex/PoseStack$Pose;Lcom/mojang/blaze3d/vertex/VertexConsumer;IIFFFF)V}
[16Feb2025 03:35:16.298] [main/DEBUG] [cpw.mods.modlauncher.TransformStore/MODLAUNCHER]: Adding transformer net.minecraftforge.coremod.transformer.CoreModMethodTransformer@5a058be5 to Target : METHOD {Lnet/minecraft/world/level/storage/LevelStorageSource$LevelStorageAccess;} {m_78311_} {()V}
[16Feb2025 03:35:16.298] [main/DEBUG] [cpw.mods.modlauncher.TransformStore/MODLAUNCHER]: Adding transformer net.minecraftforge.coremod.transformer.CoreModMethodTransformer@4eaf7902 to Target : METHOD {Lnet/minecraft/client/player/LocalPlayer;} {m_241110_} {(Ljava/lang/String;Lnet/minecraft/network/chat/Component;)V}
[16Feb2025 03:35:16.299] [main/DEBUG] [cpw.mods.modlauncher.TransformStore/MODLAUNCHER]: Adding transformer net.minecraftforge.coremod.transformer.CoreModMethodTransformer@20c812c8 to Target : METHOD {Lnet/minecraft/client/player/LocalPlayer;} {m_242614_} {(Ljava/lang/String;)Z}
[16Feb2025 03:35:16.299] [main/DEBUG] [cpw.mods.modlauncher.TransformStore/MODLAUNCHER]: Adding transformer net.minecraftforge.coremod.transformer.CoreModMethodTransformer@71aaf151 to Target : METHOD {Lnet/minecraft/client/multiplayer/chat/ChatListener;} {m_240494_} {(Lnet/minecraft/network/chat/Component;Z)V}
[16Feb2025 03:35:16.299] [main/DEBUG] [cpw.mods.modlauncher.TransformStore/MODLAUNCHER]: Adding transformer net.minecraftforge.coremod.transformer.CoreModMethodTransformer@7061622 to Target : METHOD {Lnet/minecraft/client/multiplayer/chat/ChatListener;} {m_241171_} {(Lnet/minecraft/network/chat/ChatType$Bound;Lnet/minecraft/network/chat/PlayerChatMessage;Lnet/minecraft/network/chat/Component;)Z}
[16Feb2025 03:35:16.299] [main/DEBUG] [cpw.mods.modlauncher.TransformStore/MODLAUNCHER]: Adding transformer net.minecraftforge.coremod.transformer.CoreModMethodTransformer@32d418a9 to Target : METHOD {Lnet/minecraft/client/multiplayer/ClientPacketListener;} {m_6773_} {(Lnet/minecraft/network/protocol/game/ClientboundBlockUpdatePacket;)V}
[16Feb2025 03:35:16.299] [main/DEBUG] [cpw.mods.modlauncher.TransformStore/MODLAUNCHER]: Adding transformer net.minecraftforge.coremod.transformer.CoreModMethodTransformer@52ea0269 to Target : METHOD {Lnet/minecraft/client/multiplayer/ClientPacketListener;} {m_5771_} {(Lnet/minecraft/network/protocol/game/ClientboundSectionBlocksUpdatePacket;)V}
[16Feb2025 03:35:16.299] [main/DEBUG] [cpw.mods.modlauncher.TransformStore/MODLAUNCHER]: Adding transformer net.minecraftforge.coremod.transformer.CoreModMethodTransformer@746c411c to Target : METHOD {Lnet/minecraft/client/multiplayer/ClientPacketListener;} {m_194198_} {(IILnet/minecraft/network/protocol/game/ClientboundLevelChunkPacketData;)V}
[16Feb2025 03:35:16.300] [main/DEBUG] [cpw.mods.modlauncher.TransformStore/MODLAUNCHER]: Adding transformer net.minecraftforge.coremod.transformer.CoreModMethodTransformer@43ecfeb5 to Target : METHOD {Lnet/minecraft/client/multiplayer/ClientPacketListener;} {m_194202_} {(IILnet/minecraft/network/protocol/game/ClientboundLightUpdatePacketData;)V}
[16Feb2025 03:35:16.300] [main/DEBUG] [cpw.mods.modlauncher.TransformStore/MODLAUNCHER]: Adding transformer net.minecraftforge.coremod.transformer.CoreModMethodTransformer@51efb731 to Target : METHOD {Lnet/minecraft/client/player/AbstractClientPlayer;} {m_108561_} {()Lnet/minecraft/resources/ResourceLocation;}
[16Feb2025 03:35:16.300] [main/DEBUG] [cpw.mods.modlauncher.TransformStore/MODLAUNCHER]: Adding transformer net.minecraftforge.coremod.transformer.CoreModMethodTransformer@53940e2f to Target : METHOD {Lnet/minecraft/world/entity/player/Player;} {m_36170_} {(Lnet/minecraft/world/entity/player/PlayerModelPart;)Z}
[16Feb2025 03:35:16.300] [main/DEBUG] [cpw.mods.modlauncher.TransformStore/MODLAUNCHER]: Adding transformer net.minecraftforge.coremod.transformer.CoreModMethodTransformer@45e6d1e0 to Target : METHOD {Lnet/minecraft/client/multiplayer/ClientPacketListener;} {m_5998_} {(Lnet/minecraft/network/protocol/game/ClientboundLoginPacket;)V}
[16Feb2025 03:35:16.300] [main/DEBUG] [cpw.mods.modlauncher.TransformStore/MODLAUNCHER]: Adding transformer net.minecraftforge.coremod.transformer.CoreModMethodTransformer@61db86bf to Target : METHOD {Lnet/minecraft/client/multiplayer/ClientPacketListener;} {m_105140_} {()V}
[16Feb2025 03:35:16.300] [main/DEBUG] [cpw.mods.modlauncher.TransformStore/MODLAUNCHER]: Adding transformer net.minecraftforge.coremod.transformer.CoreModMethodTransformer@4da1f38a to Target : METHOD {Lnet/minecraft/server/players/PlayerList;} {m_11229_} {(Lnet/minecraft/server/level/ServerPlayer;Lnet/minecraft/server/level/ServerLevel;)V}
[16Feb2025 03:35:16.300] [main/DEBUG] [cpw.mods.modlauncher.TransformStore/MODLAUNCHER]: Adding transformer net.minecraftforge.coremod.transformer.CoreModMethodTransformer@3e377967 to Target : METHOD {Lnet/minecraft/world/level/storage/LevelStorageSource$LevelStorageAccess;} {m_78311_} {()V}
[16Feb2025 03:35:16.301] [main/DEBUG] [cpw.mods.modlauncher.TransformStore/MODLAUNCHER]: Adding transformer net.minecraftforge.coremod.transformer.CoreModMethodTransformer@4dadd690 to Target : METHOD {Lnet/minecraft/client/Minecraft;} {m_91383_} {(Z)V}
[16Feb2025 03:35:16.301] [main/DEBUG] [cpw.mods.modlauncher.TransformStore/MODLAUNCHER]: Adding transformer net.minecraftforge.coremod.transformer.CoreModMethodTransformer@707e4fe4 to Target : METHOD {Lnet/minecraft/client/Minecraft;} {m_91383_} {(Z)V}
[16Feb2025 03:35:16.301] [main/DEBUG] [cpw.mods.modlauncher.TransformStore/MODLAUNCHER]: Adding transformer net.minecraftforge.coremod.transformer.CoreModMethodTransformer@3281dfc2 to Target : METHOD {Lnet/minecraft/client/multiplayer/chat/ChatListener;} {m_240494_} {(Lnet/minecraft/network/chat/Component;Z)V}
[16Feb2025 03:35:16.301] [main/DEBUG] [cpw.mods.modlauncher.TransformStore/MODLAUNCHER]: Adding transformer net.minecraftforge.coremod.transformer.CoreModMethodTransformer@377874b4 to Target : METHOD {Lnet/minecraft/client/multiplayer/chat/ChatListener;} {m_241171_} {(Lnet/minecraft/network/chat/ChatType$Bound;Lnet/minecraft/network/chat/PlayerChatMessage;Lnet/minecraft/network/chat/Component;)Z}
[16Feb2025 03:35:16.301] [main/DEBUG] [cpw.mods.modlauncher.TransformStore/MODLAUNCHER]: Adding transformer net.minecraftforge.coremod.transformer.CoreModMethodTransformer@14422d9d to Target : METHOD {Lnet/minecraft/client/multiplayer/ClientPacketListener;} {m_6571_} {(Lnet/minecraft/network/protocol/game/ClientboundSetDefaultSpawnPositionPacket;)V}
[16Feb2025 03:35:16.301] [main/DEBUG] [cpw.mods.modlauncher.TransformationServiceDecorator/MODLAUNCHER]: Initialized transformers for transformation service fml
[16Feb2025 03:35:17.180] [main/DEBUG] [mixin/]: Processing prepare() for PlatformAgent[MixinPlatformAgentDefault:ModLauncher Root Container(ModLauncher:4f56a0a2)]
[16Feb2025 03:35:17.180] [main/DEBUG] [mixin/]: Processing launch tasks for PlatformAgent[MixinPlatformAgentDefault:ModLauncher Root Container(ModLauncher:4f56a0a2)]
[16Feb2025 03:35:17.180] [main/DEBUG] [mixin/]: Adding mixin platform agents for container SecureJarResource(tconstruct)
[16Feb2025 03:35:17.180] [main/DEBUG] [mixin/]: Instancing new MixinPlatformAgentMinecraftForge for SecureJarResource(tconstruct)
[16Feb2025 03:35:17.180] [main/DEBUG] [mixin/]: MixinPlatformAgentMinecraftForge rejected container SecureJarResource(tconstruct)
[16Feb2025 03:35:17.181] [main/DEBUG] [mixin/]: Instancing new MixinPlatformAgentDefault for SecureJarResource(tconstruct)
[16Feb2025 03:35:17.181] [main/DEBUG] [mixin/]: MixinPlatformAgentDefault accepted container SecureJarResource(tconstruct)
[16Feb2025 03:35:17.181] [main/DEBUG] [mixin/]: Processing prepare() for PlatformAgent[MixinPlatformAgentDefault:SecureJarResource(tconstruct)]
[16Feb2025 03:35:17.181] [main/DEBUG] [mixin/]: Adding mixin platform agents for container SecureJarResource(minecraft)
[16Feb2025 03:35:17.181] [main/DEBUG] [mixin/]: Instancing new MixinPlatformAgentMinecraftForge for SecureJarResource(minecraft)
[16Feb2025 03:35:17.181] [main/DEBUG] [mixin/]: MixinPlatformAgentMinecraftForge rejected container SecureJarResource(minecraft)
[16Feb2025 03:35:17.181] [main/DEBUG] [mixin/]: Instancing new MixinPlatformAgentDefault for SecureJarResource(minecraft)
[16Feb2025 03:35:17.181] [main/DEBUG] [mixin/]: MixinPlatformAgentDefault accepted container SecureJarResource(minecraft)
[16Feb2025 03:35:17.181] [main/DEBUG] [mixin/]: Processing prepare() for PlatformAgent[MixinPlatformAgentDefault:SecureJarResource(minecraft)]
[16Feb2025 03:35:17.182] [main/DEBUG] [mixin/]: Adding mixin platform agents for container SecureJarResource(handcrafted)
[16Feb2025 03:35:17.182] [main/DEBUG] [mixin/]: Instancing new MixinPlatformAgentMinecraftForge for SecureJarResource(handcrafted)
[16Feb2025 03:35:17.182] [main/DEBUG] [mixin/]: MixinPlatformAgentMinecraftForge rejected container SecureJarResource(handcrafted)
[16Feb2025 03:35:17.182] [main/DEBUG] [mixin/]: Instancing new MixinPlatformAgentDefault for SecureJarResource(handcrafted)
[16Feb2025 03:35:17.182] [main/DEBUG] [mixin/]: MixinPlatformAgentDefault accepted container SecureJarResource(handcrafted)
[16Feb2025 03:35:17.182] [main/DEBUG] [mixin/]: Processing prepare() for PlatformAgent[MixinPlatformAgentDefault:SecureJarResource(handcrafted)]
[16Feb2025 03:35:17.182] [main/DEBUG] [mixin/]: Registering mixin config: handcrafted-common.mixins.json
[16Feb2025 03:35:17.194] [main/DEBUG] [mixin/]: Compatibility level JAVA_17 specified by handcrafted-common.mixins.json is higher than the maximum level supported by this version of mixin (JAVA_13).
[16Feb2025 03:35:17.197] [main/INFO] [mixin/]: Compatibility level set to JAVA_17
[16Feb2025 03:35:17.198] [main/DEBUG] [mixin/]: Registering mixin config: handcrafted.mixins.json
[16Feb2025 03:35:17.200] [main/DEBUG] [mixin/]: Adding mixin platform agents for container SecureJarResource(treechop)
[16Feb2025 03:35:17.200] [main/DEBUG] [mixin/]: Instancing new MixinPlatformAgentMinecraftForge for SecureJarResource(treechop)
[16Feb2025 03:35:17.200] [main/DEBUG] [mixin/]: MixinPlatformAgentMinecraftForge rejected container SecureJarResource(treechop)
[16Feb2025 03:35:17.200] [main/DEBUG] [mixin/]: Instancing new MixinPlatformAgentDefault for SecureJarResource(treechop)
[16Feb2025 03:35:17.200] [main/DEBUG] [mixin/]: MixinPlatformAgentDefault accepted container SecureJarResource(treechop)
[16Feb2025 03:35:17.200] [main/DEBUG] [mixin/]: Processing prepare() for PlatformAgent[MixinPlatformAgentDefault:SecureJarResource(treechop)]
[16Feb2025 03:35:17.200] [main/DEBUG] [mixin/]: Registering mixin config: treechop.mixins.json
[16Feb2025 03:35:17.202] [main/DEBUG] [mixin/]: Registering mixin config: treechop.forge.compat.mixins.json
[16Feb2025 03:35:17.204] [main/DEBUG] [mixin/]: Adding mixin platform agents for container SecureJarResource(uniquedungeons)
[16Feb2025 03:35:17.204] [main/DEBUG] [mixin/]: Instancing new MixinPlatformAgentMinecraftForge for SecureJarResource(uniquedungeons)
[16Feb2025 03:35:17.204] [main/DEBUG] [mixin/]: MixinPlatformAgentMinecraftForge rejected container SecureJarResource(uniquedungeons)
[16Feb2025 03:35:17.204] [main/DEBUG] [mixin/]: Instancing new MixinPlatformAgentDefault for SecureJarResource(uniquedungeons)
[16Feb2025 03:35:17.204] [main/DEBUG] [mixin/]: MixinPlatformAgentDefault accepted container SecureJarResource(uniquedungeons)
[16Feb2025 03:35:17.204] [main/DEBUG] [mixin/]: Processing prepare() for PlatformAgent[MixinPlatformAgentDefault:SecureJarResource(uniquedungeons)]
[16Feb2025 03:35:17.204] [main/DEBUG] [mixin/]: Registering mixin config: uniquedungeons.mixin.json
[16Feb2025 03:35:17.206] [main/DEBUG] [mixin/]: Adding mixin platform agents for container SecureJarResource(alexsmobs)
[16Feb2025 03:35:17.206] [main/DEBUG] [mixin/]: Instancing new MixinPlatformAgentMinecraftForge for SecureJarResource(alexsmobs)
[16Feb2025 03:35:17.206] [main/DEBUG] [mixin/]: MixinPlatformAgentMinecraftForge rejected container SecureJarResource(alexsmobs)
[16Feb2025 03:35:17.206] [main/DEBUG] [mixin/]: Instancing new MixinPlatformAgentDefault for SecureJarResource(alexsmobs)
[16Feb2025 03:35:17.206] [main/DEBUG] [mixin/]: MixinPlatformAgentDefault accepted container SecureJarResource(alexsmobs)
[16Feb2025 03:35:17.206] [main/DEBUG] [mixin/]: Processing prepare() for PlatformAgent[MixinPlatformAgentDefault:SecureJarResource(alexsmobs)]
[16Feb2025 03:35:17.207] [main/DEBUG] [mixin/]: Adding mixin platform agents for container SecureJarResource(jade)
[16Feb2025 03:35:17.207] [main/DEBUG] [mixin/]: Instancing new MixinPlatformAgentMinecraftForge for SecureJarResource(jade)
[16Feb2025 03:35:17.207] [main/DEBUG] [mixin/]: MixinPlatformAgentMinecraftForge rejected container SecureJarResource(jade)
[16Feb2025 03:35:17.207] [main/DEBUG] [mixin/]: Instancing new MixinPlatformAgentDefault for SecureJarResource(jade)
[16Feb2025 03:35:17.207] [main/DEBUG] [mixin/]: MixinPlatformAgentDefault accepted container SecureJarResource(jade)
[16Feb2025 03:35:17.207] [main/DEBUG] [mixin/]: Processing prepare() for PlatformAgent[MixinPlatformAgentDefault:SecureJarResource(jade)]
[16Feb2025 03:35:17.207] [main/DEBUG] [mixin/]: Adding mixin platform agents for container SecureJarResource(creativecore)
[16Feb2025 03:35:17.207] [main/DEBUG] [mixin/]: Instancing new MixinPlatformAgentMinecraftForge for SecureJarResource(creativecore)
[16Feb2025 03:35:17.207] [main/DEBUG] [mixin/]: MixinPlatformAgentMinecraftForge rejected container SecureJarResource(creativecore)
[16Feb2025 03:35:17.207] [main/DEBUG] [mixin/]: Instancing new MixinPlatformAgentDefault for SecureJarResource(creativecore)
[16Feb2025 03:35:17.208] [main/DEBUG] [mixin/]: MixinPlatformAgentDefault accepted container SecureJarResource(creativecore)
[16Feb2025 03:35:17.208] [main/DEBUG] [mixin/]: Processing prepare() for PlatformAgent[MixinPlatformAgentDefault:SecureJarResource(creativecore)]
[16Feb2025 03:35:17.208] [main/DEBUG] [mixin/]: Registering mixin config: creativecore.mixins.json
[16Feb2025 03:35:17.209] [main/DEBUG] [mixin/]: Registering mixin config: creativecore.forge.mixins.json
[16Feb2025 03:35:17.210] [main/DEBUG] [mixin/]: Adding mixin platform agents for container SecureJarResource(jei)
[16Feb2025 03:35:17.210] [main/DEBUG] [mixin/]: Instancing new MixinPlatformAgentMinecraftForge for SecureJarResource(jei)
[16Feb2025 03:35:17.211] [main/DEBUG] [mixin/]: MixinPlatformAgentMinecraftForge rejected container SecureJarResource(jei)
[16Feb2025 03:35:17.211] [main/DEBUG] [mixin/]: Instancing new MixinPlatformAgentDefault for SecureJarResource(jei)
[16Feb2025 03:35:17.211] [main/DEBUG] [mixin/]: MixinPlatformAgentDefault accepted container SecureJarResource(jei)
[16Feb2025 03:35:17.211] [main/DEBUG] [mixin/]: Processing prepare() for PlatformAgent[MixinPlatformAgentDefault:SecureJarResource(jei)]
[16Feb2025 03:35:17.211] [main/DEBUG] [mixin/]: Adding mixin platform agents for container SecureJarResource(epicsamurai)
[16Feb2025 03:35:17.212] [main/DEBUG] [mixin/]: Instancing new MixinPlatformAgentMinecraftForge for SecureJarResource(epicsamurai)
[16Feb2025 03:35:17.212] [main/DEBUG] [mixin/]: MixinPlatformAgentMinecraftForge rejected container SecureJarResource(epicsamurai)
[16Feb2025 03:35:17.212] [main/DEBUG] [mixin/]: Instancing new MixinPlatformAgentDefault for SecureJarResource(epicsamurai)
[16Feb2025 03:35:17.212] [main/DEBUG] [mixin/]: MixinPlatformAgentDefault accepted container SecureJarResource(epicsamurai)
[16Feb2025 03:35:17.212] [main/DEBUG] [mixin/]: Processing prepare() for PlatformAgent[MixinPlatformAgentDefault:SecureJarResource(epicsamurai)]
[16Feb2025 03:35:17.213] [main/DEBUG] [mixin/]: Registering mixin config: epicsamurai.mixins.json
[16Feb2025 03:35:17.214] [main/DEBUG] [mixin/]: Compatibility level JAVA_8 specified by epicsamurai.mixins.json is lower than the default level supported by the current mixin service (JAVA_16).
[16Feb2025 03:35:17.214] [main/DEBUG] [mixin/]: Adding mixin platform agents for container SecureJarResource(curios)
[16Feb2025 03:35:17.214] [main/DEBUG] [mixin/]: Instancing new MixinPlatformAgentMinecraftForge for SecureJarResource(curios)
[16Feb2025 03:35:17.215] [main/DEBUG] [mixin/]: MixinPlatformAgentMinecraftForge rejected container SecureJarResource(curios)
[16Feb2025 03:35:17.215] [main/DEBUG] [mixin/]: Instancing new MixinPlatformAgentDefault for SecureJarResource(curios)
[16Feb2025 03:35:17.215] [main/DEBUG] [mixin/]: MixinPlatformAgentDefault accepted container SecureJarResource(curios)
[16Feb2025 03:35:17.215] [main/DEBUG] [mixin/]: Processing prepare() for PlatformAgent[MixinPlatformAgentDefault:SecureJarResource(curios)]
[16Feb2025 03:35:17.215] [main/DEBUG] [mixin/]: Registering mixin config: curios.mixins.json
[16Feb2025 03:35:17.217] [main/DEBUG] [mixin/]: Adding mixin platform agents for container SecureJarResource(mantle)
[16Feb2025 03:35:17.217] [main/DEBUG] [mixin/]: Instancing new MixinPlatformAgentMinecraftForge for SecureJarResource(mantle)
[16Feb2025 03:35:17.217] [main/DEBUG] [mixin/]: MixinPlatformAgentMinecraftForge rejected container SecureJarResource(mantle)
[16Feb2025 03:35:17.217] [main/DEBUG] [mixin/]: Instancing new MixinPlatformAgentDefault for SecureJarResource(mantle)
[16Feb2025 03:35:17.218] [main/DEBUG] [mixin/]: MixinPlatformAgentDefault accepted container SecureJarResource(mantle)
[16Feb2025 03:35:17.218] [main/DEBUG] [mixin/]: Processing prepare() for PlatformAgent[MixinPlatformAgentDefault:SecureJarResource(mantle)]
[16Feb2025 03:35:17.218] [main/DEBUG] [mixin/]: Adding mixin platform agents for container SecureJarResource(quark)
[16Feb2025 03:35:17.218] [main/DEBUG] [mixin/]: Instancing new MixinPlatformAgentMinecraftForge for SecureJarResource(quark)
[16Feb2025 03:35:17.218] [main/DEBUG] [mixin/]: MixinPlatformAgentMinecraftForge rejected container SecureJarResource(quark)
[16Feb2025 03:35:17.219] [main/DEBUG] [mixin/]: Instancing new MixinPlatformAgentDefault for SecureJarResource(quark)
[16Feb2025 03:35:17.219] [main/DEBUG] [mixin/]: MixinPlatformAgentDefault accepted container SecureJarResource(quark)
[16Feb2025 03:35:17.219] [main/DEBUG] [mixin/]: Processing prepare() for PlatformAgent[MixinPlatformAgentDefault:SecureJarResource(quark)]
[16Feb2025 03:35:17.219] [main/DEBUG] [mixin/]: Registering mixin config: quark.mixins.json
[16Feb2025 03:35:17.221] [main/DEBUG] [mixin/]: Registering mixin config: quark_integrations.mixins.json
[16Feb2025 03:35:17.222] [main/DEBUG] [mixin/]: Adding mixin platform agents for container SecureJarResource(spartanshields)
[16Feb2025 03:35:17.222] [main/DEBUG] [mixin/]: Instancing new MixinPlatformAgentMinecraftForge for SecureJarResource(spartanshields)
[16Feb2025 03:35:17.223] [main/DEBUG] [mixin/]: MixinPlatformAgentMinecraftForge rejected container SecureJarResource(spartanshields)
[16Feb2025 03:35:17.223] [main/DEBUG] [mixin/]: Instancing new MixinPlatformAgentDefault for SecureJarResource(spartanshields)
[16Feb2025 03:35:17.223] [main/DEBUG] [mixin/]: MixinPlatformAgentDefault accepted container SecureJarResource(spartanshields)
[16Feb2025 03:35:17.224] [main/DEBUG] [mixin/]: Processing prepare() for PlatformAgent[MixinPlatformAgentDefault:SecureJarResource(spartanshields)]
[16Feb2025 03:35:17.224] [main/DEBUG] [mixin/]: Adding mixin platform agents for container SecureJarResource(xaerominimap)
[16Feb2025 03:35:17.224] [main/DEBUG] [mixin/]: Instancing new MixinPlatformAgentMinecraftForge for SecureJarResource(xaerominimap)
[16Feb2025 03:35:17.224] [main/DEBUG] [mixin/]: MixinPlatformAgentMinecraftForge rejected container SecureJarResource(xaerominimap)
[16Feb2025 03:35:17.224] [main/DEBUG] [mixin/]: Instancing new MixinPlatformAgentDefault for SecureJarResource(xaerominimap)
[16Feb2025 03:35:17.225] [main/DEBUG] [mixin/]: MixinPlatformAgentDefault accepted container SecureJarResource(xaerominimap)
[16Feb2025 03:35:17.225] [main/DEBUG] [mixin/]: Processing prepare() for PlatformAgent[MixinPlatformAgentDefault:SecureJarResource(xaerominimap)]
[16Feb2025 03:35:17.225] [main/DEBUG] [mixin/]: Adding mixin platform agents for container SecureJarResource(croptopia)
[16Feb2025 03:35:17.225] [main/DEBUG] [mixin/]: Instancing new MixinPlatformAgentMinecraftForge for SecureJarResource(croptopia)
[16Feb2025 03:35:17.226] [main/DEBUG] [mixin/]: MixinPlatformAgentMinecraftForge rejected container SecureJarResource(croptopia)
[16Feb2025 03:35:17.226] [main/DEBUG] [mixin/]: Instancing new MixinPlatformAgentDefault for SecureJarResource(croptopia)
[16Feb2025 03:35:17.226] [main/DEBUG] [mixin/]: MixinPlatformAgentDefault accepted container SecureJarResource(croptopia)
[16Feb2025 03:35:17.226] [main/DEBUG] [mixin/]: Processing prepare() for PlatformAgent[MixinPlatformAgentDefault:SecureJarResource(croptopia)]
[16Feb2025 03:35:17.226] [main/DEBUG] [mixin/]: Registering mixin config: croptopia.mixins.json
[16Feb2025 03:35:17.227] [main/DEBUG] [mixin/]: Compatibility level JAVA_8 specified by croptopia.mixins.json is lower than the default level supported by the current mixin service (JAVA_16).
[16Feb2025 03:35:17.227] [main/DEBUG] [mixin/]: Adding mixin platform agents for container SecureJarResource(xaeroworldmap)
[16Feb2025 03:35:17.227] [main/DEBUG] [mixin/]: Instancing new MixinPlatformAgentMinecraftForge for SecureJarResource(xaeroworldmap)
[16Feb2025 03:35:17.228] [main/DEBUG] [mixin/]: MixinPlatformAgentMinecraftForge rejected container SecureJarResource(xaeroworldmap)
[16Feb2025 03:35:17.228] [main/DEBUG] [mixin/]: Instancing new MixinPlatformAgentDefault for SecureJarResource(xaeroworldmap)
[16Feb2025 03:35:17.228] [main/DEBUG] [mixin/]: MixinPlatformAgentDefault accepted container SecureJarResource(xaeroworldmap)
[16Feb2025 03:35:17.228] [main/DEBUG] [mixin/]: Processing prepare() for PlatformAgent[MixinPlatformAgentDefault:SecureJarResource(xaeroworldmap)]
[16Feb2025 03:35:17.228] [main/DEBUG] [mixin/]: Adding mixin platform agents for container SecureJarResource(securitycraft)
[16Feb2025 03:35:17.228] [main/DEBUG] [mixin/]: Instancing new MixinPlatformAgentMinecraftForge for SecureJarResource(securitycraft)
[16Feb2025 03:35:17.228] [main/DEBUG] [mixin/]: MixinPlatformAgentMinecraftForge rejected container SecureJarResource(securitycraft)
[16Feb2025 03:35:17.228] [main/DEBUG] [mixin/]: Instancing new MixinPlatformAgentDefault for SecureJarResource(securitycraft)
[16Feb2025 03:35:17.228] [main/DEBUG] [mixin/]: MixinPlatformAgentDefault accepted container SecureJarResource(securitycraft)
[16Feb2025 03:35:17.228] [main/DEBUG] [mixin/]: Processing prepare() for PlatformAgent[MixinPlatformAgentDefault:SecureJarResource(securitycraft)]
[16Feb2025 03:35:17.229] [main/DEBUG] [mixin/]: Registering mixin config: securitycraft.mixins.json
[16Feb2025 03:35:17.230] [main/DEBUG] [mixin/]: Adding mixin platform agents for container SecureJarResource(autoreglib)
[16Feb2025 03:35:17.230] [main/DEBUG] [mixin/]: Instancing new MixinPlatformAgentMinecraftForge for SecureJarResource(autoreglib)
[16Feb2025 03:35:17.230] [main/DEBUG] [mixin/]: MixinPlatformAgentMinecraftForge rejected container SecureJarResource(autoreglib)
[16Feb2025 03:35:17.230] [main/DEBUG] [mixin/]: Instancing new MixinPlatformAgentDefault for SecureJarResource(autoreglib)
[16Feb2025 03:35:17.230] [main/DEBUG] [mixin/]: MixinPlatformAgentDefault accepted container SecureJarResource(autoreglib)
[16Feb2025 03:35:17.230] [main/DEBUG] [mixin/]: Processing prepare() for PlatformAgent[MixinPlatformAgentDefault:SecureJarResource(autoreglib)]
[16Feb2025 03:35:17.230] [main/DEBUG] [mixin/]: Adding mixin platform agents for container SecureJarResource(citadel)
[16Feb2025 03:35:17.230] [main/DEBUG] [mixin/]: Instancing new MixinPlatformAgentMinecraftForge for SecureJarResource(citadel)
[16Feb2025 03:35:17.231] [main/DEBUG] [mixin/]: MixinPlatformAgentMinecraftForge rejected container SecureJarResource(citadel)
[16Feb2025 03:35:17.231] [main/DEBUG] [mixin/]: Instancing new MixinPlatformAgentDefault for SecureJarResource(citadel)
[16Feb2025 03:35:17.231] [main/DEBUG] [mixin/]: MixinPlatformAgentDefault accepted container SecureJarResource(citadel)
[16Feb2025 03:35:17.231] [main/DEBUG] [mixin/]: Processing prepare() for PlatformAgent[MixinPlatformAgentDefault:SecureJarResource(citadel)]
[16Feb2025 03:35:17.231] [main/DEBUG] [mixin/]: Registering mixin config: citadel.mixins.json
[16Feb2025 03:35:17.232] [main/DEBUG] [mixin/]: Adding mixin platform agents for container SecureJarResource(artifacts)
[16Feb2025 03:35:17.232] [main/DEBUG] [mixin/]: Instancing new MixinPlatformAgentMinecraftForge for SecureJarResource(artifacts)
[16Feb2025 03:35:17.232] [main/DEBUG] [mixin/]: MixinPlatformAgentMinecraftForge rejected container SecureJarResource(artifacts)
[16Feb2025 03:35:17.232] [main/DEBUG] [mixin/]: Instancing new MixinPlatformAgentDefault for SecureJarResource(artifacts)
[16Feb2025 03:35:17.232] [main/DEBUG] [mixin/]: MixinPlatformAgentDefault accepted container SecureJarResource(artifacts)
[16Feb2025 03:35:17.232] [main/DEBUG] [mixin/]: Processing prepare() for PlatformAgent[MixinPlatformAgentDefault:SecureJarResource(artifacts)]
[16Feb2025 03:35:17.233] [main/DEBUG] [mixin/]: Registering mixin config: mixins.artifacts.json
[16Feb2025 03:35:17.234] [main/DEBUG] [mixin/]: Compatibility level JAVA_8 specified by mixins.artifacts.json is lower than the default level supported by the current mixin service (JAVA_16).
[16Feb2025 03:35:17.234] [main/DEBUG] [mixin/]: Adding mixin platform agents for container SecureJarResource(travelersbackpack)
[16Feb2025 03:35:17.234] [main/DEBUG] [mixin/]: Instancing new MixinPlatformAgentMinecraftForge for SecureJarResource(travelersbackpack)
[16Feb2025 03:35:17.234] [main/DEBUG] [mixin/]: MixinPlatformAgentMinecraftForge rejected container SecureJarResource(travelersbackpack)
[16Feb2025 03:35:17.234] [main/DEBUG] [mixin/]: Instancing new MixinPlatformAgentDefault for SecureJarResource(travelersbackpack)
[16Feb2025 03:35:17.234] [main/DEBUG] [mixin/]: MixinPlatformAgentDefault accepted container SecureJarResource(travelersbackpack)
[16Feb2025 03:35:17.234] [main/DEBUG] [mixin/]: Processing prepare() for PlatformAgent[MixinPlatformAgentDefault:SecureJarResource(travelersbackpack)]
[16Feb2025 03:35:17.235] [main/DEBUG] [mixin/]: Adding mixin platform agents for container SecureJarResource(canary)
[16Feb2025 03:35:17.235] [main/DEBUG] [mixin/]: Instancing new MixinPlatformAgentMinecraftForge for SecureJarResource(canary)
[16Feb2025 03:35:17.235] [main/DEBUG] [mixin/]: MixinPlatformAgentMinecraftForge rejected container SecureJarResource(canary)
[16Feb2025 03:35:17.235] [main/DEBUG] [mixin/]: Instancing new MixinPlatformAgentDefault for SecureJarResource(canary)
[16Feb2025 03:35:17.235] [main/DEBUG] [mixin/]: MixinPlatformAgentDefault accepted container SecureJarResource(canary)
[16Feb2025 03:35:17.235] [main/DEBUG] [mixin/]: Processing prepare() for PlatformAgent[MixinPlatformAgentDefault:SecureJarResource(canary)]
[16Feb2025 03:35:17.235] [main/DEBUG] [mixin/]: Registering mixin config: canary.mixins.json
[16Feb2025 03:35:17.237] [main/DEBUG] [mixin/]: Adding mixin platform agents for container SecureJarResource(antixray)
[16Feb2025 03:35:17.237] [main/DEBUG] [mixin/]: Instancing new MixinPlatformAgentMinecraftForge for SecureJarResource(antixray)
[16Feb2025 03:35:17.237] [main/DEBUG] [mixin/]: MixinPlatformAgentMinecraftForge rejected container SecureJarResource(antixray)
[16Feb2025 03:35:17.237] [main/DEBUG] [mixin/]: Instancing new MixinPlatformAgentDefault for SecureJarResource(antixray)
[16Feb2025 03:35:17.237] [main/DEBUG] [mixin/]: MixinPlatformAgentDefault accepted container SecureJarResource(antixray)
[16Feb2025 03:35:17.238] [main/DEBUG] [mixin/]: Processing prepare() for PlatformAgent[MixinPlatformAgentDefault:SecureJarResource(antixray)]
[16Feb2025 03:35:17.238] [main/DEBUG] [mixin/]: Registering mixin config: antixray.mixins.json
[16Feb2025 03:35:17.239] [main/DEBUG] [mixin/]: Compatibility level JAVA_16 specified by antixray.mixins.json is higher than the maximum level supported by this version of mixin (JAVA_13).
[16Feb2025 03:35:17.241] [main/DEBUG] [mixin/]: Adding mixin platform agents for container SecureJarResource(resourcefullib)
[16Feb2025 03:35:17.241] [main/DEBUG] [mixin/]: Instancing new MixinPlatformAgentMinecraftForge for SecureJarResource(resourcefullib)
[16Feb2025 03:35:17.241] [main/DEBUG] [mixin/]: MixinPlatformAgentMinecraftForge rejected container SecureJarResource(resourcefullib)
[16Feb2025 03:35:17.241] [main/DEBUG] [mixin/]: Instancing new MixinPlatformAgentDefault for SecureJarResource(resourcefullib)
[16Feb2025 03:35:17.241] [main/DEBUG] [mixin/]: MixinPlatformAgentDefault accepted container SecureJarResource(resourcefullib)
[16Feb2025 03:35:17.241] [main/DEBUG] [mixin/]: Processing prepare() for PlatformAgent[MixinPlatformAgentDefault:SecureJarResource(resourcefullib)]
[16Feb2025 03:35:17.241] [main/DEBUG] [mixin/]: Adding mixin platform agents for container SecureJarResource(appleskin)
[16Feb2025 03:35:17.241] [main/DEBUG] [mixin/]: Instancing new MixinPlatformAgentMinecraftForge for SecureJarResource(appleskin)
[16Feb2025 03:35:17.242] [main/DEBUG] [mixin/]: MixinPlatformAgentMinecraftForge rejected container SecureJarResource(appleskin)
[16Feb2025 03:35:17.242] [main/DEBUG] [mixin/]: Instancing new MixinPlatformAgentDefault for SecureJarResource(appleskin)
[16Feb2025 03:35:17.242] [main/DEBUG] [mixin/]: MixinPlatformAgentDefault accepted container SecureJarResource(appleskin)
[16Feb2025 03:35:17.242] [main/DEBUG] [mixin/]: Processing prepare() for PlatformAgent[MixinPlatformAgentDefault:SecureJarResource(appleskin)]
[16Feb2025 03:35:17.242] [main/DEBUG] [mixin/]: Adding mixin platform agents for container SecureJarResource(architectury)
[16Feb2025 03:35:17.242] [main/DEBUG] [mixin/]: Instancing new MixinPlatformAgentMinecraftForge for SecureJarResource(architectury)
[16Feb2025 03:35:17.242] [main/DEBUG] [mixin/]: MixinPlatformAgentMinecraftForge rejected container SecureJarResource(architectury)
[16Feb2025 03:35:17.242] [main/DEBUG] [mixin/]: Instancing new MixinPlatformAgentDefault for SecureJarResource(architectury)
[16Feb2025 03:35:17.242] [main/DEBUG] [mixin/]: MixinPlatformAgentDefault accepted container SecureJarResource(architectury)
[16Feb2025 03:35:17.242] [main/DEBUG] [mixin/]: Processing prepare() for PlatformAgent[MixinPlatformAgentDefault:SecureJarResource(architectury)]
[16Feb2025 03:35:17.242] [main/DEBUG] [mixin/]: Registering mixin config: architectury.mixins.json
[16Feb2025 03:35:17.244] [main/DEBUG] [mixin/]: Compatibility level JAVA_16 specified by architectury.mixins.json is higher than the maximum level supported by this version of mixin (JAVA_13).
[16Feb2025 03:35:17.244] [main/DEBUG] [mixin/]: Registering mixin config: architectury-common.mixins.json
[16Feb2025 03:35:17.245] [main/DEBUG] [mixin/]: Compatibility level JAVA_16 specified by architectury-common.mixins.json is higher than the maximum level supported by this version of mixin (JAVA_13).
[16Feb2025 03:35:17.245] [main/DEBUG] [mixin/]: Adding mixin platform agents for container SecureJarResource(deeperdarker)
[16Feb2025 03:35:17.245] [main/DEBUG] [mixin/]: Instancing new MixinPlatformAgentMinecraftForge for SecureJarResource(deeperdarker)
[16Feb2025 03:35:17.245] [main/DEBUG] [mixin/]: MixinPlatformAgentMinecraftForge rejected container SecureJarResource(deeperdarker)
[16Feb2025 03:35:17.246] [main/DEBUG] [mixin/]: Instancing new MixinPlatformAgentDefault for SecureJarResource(deeperdarker)
[16Feb2025 03:35:17.246] [main/DEBUG] [mixin/]: MixinPlatformAgentDefault accepted container SecureJarResource(deeperdarker)
[16Feb2025 03:35:17.246] [main/DEBUG] [mixin/]: Processing prepare() for PlatformAgent[MixinPlatformAgentDefault:SecureJarResource(deeperdarker)]
[16Feb2025 03:35:17.246] [main/DEBUG] [mixin/]: Registering mixin config: mixins.deeperdarker.json
[16Feb2025 03:35:17.247] [main/DEBUG] [mixin/]: Adding mixin platform agents for container SecureJarResource(ferritecore)
[16Feb2025 03:35:17.247] [main/DEBUG] [mixin/]: Instancing new MixinPlatformAgentMinecraftForge for SecureJarResource(ferritecore)
[16Feb2025 03:35:17.247] [main/DEBUG] [mixin/]: MixinPlatformAgentMinecraftForge rejected container SecureJarResource(ferritecore)
[16Feb2025 03:35:17.247] [main/DEBUG] [mixin/]: Instancing new MixinPlatformAgentDefault for SecureJarResource(ferritecore)
[16Feb2025 03:35:17.247] [main/DEBUG] [mixin/]: MixinPlatformAgentDefault accepted container SecureJarResource(ferritecore)
[16Feb2025 03:35:17.247] [main/DEBUG] [mixin/]: Processing prepare() for PlatformAgent[MixinPlatformAgentDefault:SecureJarResource(ferritecore)]
[16Feb2025 03:35:17.248] [main/DEBUG] [mixin/]: Registering mixin config: ferritecore.predicates.mixin.json
[16Feb2025 03:35:17.249] [main/DEBUG] [mixin/]: Registering mixin config: ferritecore.fastmap.mixin.json
[16Feb2025 03:35:17.250] [main/DEBUG] [mixin/]: Registering mixin config: ferritecore.mrl.mixin.json
[16Feb2025 03:35:17.252] [main/DEBUG] [mixin/]: Registering mixin config: ferritecore.dedupmultipart.mixin.json
[16Feb2025 03:35:17.253] [main/DEBUG] [mixin/]: Registering mixin config: ferritecore.blockstatecache.mixin.json
[16Feb2025 03:35:17.254] [main/DEBUG] [mixin/]: Registering mixin config: ferritecore.dedupbakedquad.mixin.json
[16Feb2025 03:35:17.255] [main/DEBUG] [mixin/]: Registering mixin config: ferritecore.threaddetec.mixin.json
[16Feb2025 03:35:17.256] [main/DEBUG] [mixin/]: Adding mixin platform agents for container SecureJarResource(iceandfire)
[16Feb2025 03:35:17.256] [main/DEBUG] [mixin/]: Instancing new MixinPlatformAgentMinecraftForge for SecureJarResource(iceandfire)
[16Feb2025 03:35:17.256] [main/DEBUG] [mixin/]: MixinPlatformAgentMinecraftForge rejected container SecureJarResource(iceandfire)
[16Feb2025 03:35:17.256] [main/DEBUG] [mixin/]: Instancing new MixinPlatformAgentDefault for SecureJarResource(iceandfire)
[16Feb2025 03:35:17.256] [main/DEBUG] [mixin/]: MixinPlatformAgentDefault accepted container SecureJarResource(iceandfire)
[16Feb2025 03:35:17.256] [main/DEBUG] [mixin/]: Processing prepare() for PlatformAgent[MixinPlatformAgentDefault:SecureJarResource(iceandfire)]
[16Feb2025 03:35:17.256] [main/DEBUG] [mixin/]: Registering mixin config: iceandfire.mixins.json
[16Feb2025 03:35:17.258] [main/DEBUG] [mixin/]: Adding mixin platform agents for container SecureJarResource(puzzleslib)
[16Feb2025 03:35:17.258] [main/DEBUG] [mixin/]: Instancing new MixinPlatformAgentMinecraftForge for SecureJarResource(puzzleslib)
[16Feb2025 03:35:17.258] [main/DEBUG] [mixin/]: MixinPlatformAgentMinecraftForge rejected container SecureJarResource(puzzleslib)
[16Feb2025 03:35:17.258] [main/DEBUG] [mixin/]: Instancing new MixinPlatformAgentDefault for SecureJarResource(puzzleslib)
[16Feb2025 03:35:17.258] [main/DEBUG] [mixin/]: MixinPlatformAgentDefault accepted container SecureJarResource(puzzleslib)
[16Feb2025 03:35:17.258] [main/DEBUG] [mixin/]: Processing prepare() for PlatformAgent[MixinPlatformAgentDefault:SecureJarResource(puzzleslib)]
[16Feb2025 03:35:17.258] [main/DEBUG] [mixin/]: Registering mixin config: puzzleslib.common.mixins.json
[16Feb2025 03:35:17.259] [main/DEBUG] [mixin/]: Registering mixin config: puzzleslib.forge.mixins.json
[16Feb2025 03:35:17.260] [main/DEBUG] [mixin/]: Adding mixin platform agents for container SecureJarResource(cloth_config)
[16Feb2025 03:35:17.260] [main/DEBUG] [mixin/]: Instancing new MixinPlatformAgentMinecraftForge for SecureJarResource(cloth_config)
[16Feb2025 03:35:17.261] [main/DEBUG] [mixin/]: MixinPlatformAgentMinecraftForge rejected container SecureJarResource(cloth_config)
[16Feb2025 03:35:17.261] [main/DEBUG] [mixin/]: Instancing new MixinPlatformAgentDefault for SecureJarResource(cloth_config)
[16Feb2025 03:35:17.261] [main/DEBUG] [mixin/]: MixinPlatformAgentDefault accepted container SecureJarResource(cloth_config)
[16Feb2025 03:35:17.261] [main/DEBUG] [mixin/]: Processing prepare() for PlatformAgent[MixinPlatformAgentDefault:SecureJarResource(cloth_config)]
[16Feb2025 03:35:17.261] [main/DEBUG] [mixin/]: Adding mixin platform agents for container SecureJarResource(forge)
[16Feb2025 03:35:17.261] [main/DEBUG] [mixin/]: Instancing new MixinPlatformAgentMinecraftForge for SecureJarResource(forge)
[16Feb2025 03:35:17.261] [main/DEBUG] [mixin/]: MixinPlatformAgentMinecraftForge rejected container SecureJarResource(forge)
[16Feb2025 03:35:17.261] [main/DEBUG] [mixin/]: Instancing new MixinPlatformAgentDefault for SecureJarResource(forge)
[16Feb2025 03:35:17.261] [main/DEBUG] [mixin/]: MixinPlatformAgentDefault accepted container SecureJarResource(forge)
[16Feb2025 03:35:17.261] [main/DEBUG] [mixin/]: Processing prepare() for PlatformAgent[MixinPlatformAgentDefault:SecureJarResource(forge)]
[16Feb2025 03:35:17.261] [main/DEBUG] [mixin/]: Adding mixin platform agents for container SecureJarResource(expandability)
[16Feb2025 03:35:17.261] [main/DEBUG] [mixin/]: Instancing new MixinPlatformAgentMinecraftForge for SecureJarResource(expandability)
[16Feb2025 03:35:17.262] [main/DEBUG] [mixin/]: MixinPlatformAgentMinecraftForge rejected container SecureJarResource(expandability)
[16Feb2025 03:35:17.262] [main/DEBUG] [mixin/]: Instancing new MixinPlatformAgentDefault for SecureJarResource(expandability)
[16Feb2025 03:35:17.262] [main/DEBUG] [mixin/]: MixinPlatformAgentDefault accepted container SecureJarResource(expandability)
[16Feb2025 03:35:17.262] [main/DEBUG] [mixin/]: Processing prepare() for PlatformAgent[MixinPlatformAgentDefault:SecureJarResource(expandability)]
[16Feb2025 03:35:17.262] [main/DEBUG] [mixin/]: Registering mixin config: expandability.mixins.json
[16Feb2025 03:35:17.263] [main/DEBUG] [mixin/]: Registering mixin config: expandability-common.mixins.json
[16Feb2025 03:35:17.264] [main/DEBUG] [mixin/]: Adding mixin platform agents for container SecureJarResource(moblassos)
[16Feb2025 03:35:17.264] [main/DEBUG] [mixin/]: Instancing new MixinPlatformAgentMinecraftForge for SecureJarResource(moblassos)
[16Feb2025 03:35:17.264] [main/DEBUG] [mixin/]: MixinPlatformAgentMinecraftForge rejected container SecureJarResource(moblassos)
[16Feb2025 03:35:17.264] [main/DEBUG] [mixin/]: Instancing new MixinPlatformAgentDefault for SecureJarResource(moblassos)
[16Feb2025 03:35:17.264] [main/DEBUG] [mixin/]: MixinPlatformAgentDefault accepted container SecureJarResource(moblassos)
[16Feb2025 03:35:17.264] [main/DEBUG] [mixin/]: Processing prepare() for PlatformAgent[MixinPlatformAgentDefault:SecureJarResource(moblassos)]
[16Feb2025 03:35:17.265] [main/DEBUG] [mixin/]: Registering mixin config: moblassos.common.mixins.json
[16Feb2025 03:35:17.266] [main/DEBUG] [mixin/]: Adding mixin platform agents for container SecureJarResource(embeddium)
[16Feb2025 03:35:17.266] [main/DEBUG] [mixin/]: Instancing new MixinPlatformAgentMinecraftForge for SecureJarResource(embeddium)
[16Feb2025 03:35:17.266] [main/DEBUG] [mixin/]: MixinPlatformAgentMinecraftForge rejected container SecureJarResource(embeddium)
[16Feb2025 03:35:17.266] [main/DEBUG] [mixin/]: Instancing new MixinPlatformAgentDefault for SecureJarResource(embeddium)
[16Feb2025 03:35:17.266] [main/DEBUG] [mixin/]: MixinPlatformAgentDefault accepted container SecureJarResource(embeddium)
[16Feb2025 03:35:17.266] [main/DEBUG] [mixin/]: Processing prepare() for PlatformAgent[MixinPlatformAgentDefault:SecureJarResource(embeddium)]
[16Feb2025 03:35:17.266] [main/DEBUG] [mixin/]: Registering mixin config: embeddium.mixins.json
[16Feb2025 03:35:17.267] [main/DEBUG] [mixin/]: Adding mixin platform agents for container SecureJarResource(geckolib3)
[16Feb2025 03:35:17.267] [main/DEBUG] [mixin/]: Instancing new MixinPlatformAgentMinecraftForge for SecureJarResource(geckolib3)
[16Feb2025 03:35:17.267] [main/DEBUG] [mixin/]: MixinPlatformAgentMinecraftForge rejected container SecureJarResource(geckolib3)
[16Feb2025 03:35:17.267] [main/DEBUG] [mixin/]: Instancing new MixinPlatformAgentDefault for SecureJarResource(geckolib3)
[16Feb2025 03:35:17.267] [main/DEBUG] [mixin/]: MixinPlatformAgentDefault accepted container SecureJarResource(geckolib3)
[16Feb2025 03:35:17.268] [main/DEBUG] [mixin/]: Processing prepare() for PlatformAgent[MixinPlatformAgentDefault:SecureJarResource(geckolib3)]
[16Feb2025 03:35:17.268] [main/DEBUG] [mixin/]: Adding mixin platform agents for container SecureJarResource(playerrevive)
[16Feb2025 03:35:17.268] [main/DEBUG] [mixin/]: Instancing new MixinPlatformAgentMinecraftForge for SecureJarResource(playerrevive)
[16Feb2025 03:35:17.268] [main/DEBUG] [mixin/]: MixinPlatformAgentMinecraftForge rejected container SecureJarResource(playerrevive)
[16Feb2025 03:35:17.268] [main/DEBUG] [mixin/]: Instancing new MixinPlatformAgentDefault for SecureJarResource(playerrevive)
[16Feb2025 03:35:17.268] [main/DEBUG] [mixin/]: MixinPlatformAgentDefault accepted container SecureJarResource(playerrevive)
[16Feb2025 03:35:17.268] [main/DEBUG] [mixin/]: Processing prepare() for PlatformAgent[MixinPlatformAgentDefault:SecureJarResource(playerrevive)]
[16Feb2025 03:35:17.268] [main/DEBUG] [mixin/]: Registering mixin config: playerrevive.mixins.json
[16Feb2025 03:35:17.269] [main/DEBUG] [mixin/]: Adding mixin platform agents for container SecureJarResource(undead_revamp2)
[16Feb2025 03:35:17.269] [main/DEBUG] [mixin/]: Instancing new MixinPlatformAgentMinecraftForge for SecureJarResource(undead_revamp2)
[16Feb2025 03:35:17.270] [main/DEBUG] [mixin/]: MixinPlatformAgentMinecraftForge rejected container SecureJarResource(undead_revamp2)
[16Feb2025 03:35:17.270] [main/DEBUG] [mixin/]: Instancing new MixinPlatformAgentDefault for SecureJarResource(undead_revamp2)
[16Feb2025 03:35:17.270] [main/DEBUG] [mixin/]: MixinPlatformAgentDefault accepted container SecureJarResource(undead_revamp2)
[16Feb2025 03:35:17.270] [main/DEBUG] [mixin/]: Processing prepare() for PlatformAgent[MixinPlatformAgentDefault:SecureJarResource(undead_revamp2)]
[16Feb2025 03:35:17.270] [main/DEBUG] [mixin/]: Adding mixin platform agents for container SecureJarResource(corpse)
[16Feb2025 03:35:17.270] [main/DEBUG] [mixin/]: Instancing new MixinPlatformAgentMinecraftForge for SecureJarResource(corpse)
[16Feb2025 03:35:17.270] [main/DEBUG] [mixin/]: MixinPlatformAgentMinecraftForge rejected container SecureJarResource(corpse)
[16Feb2025 03:35:17.270] [main/DEBUG] [mixin/]: Instancing new MixinPlatformAgentDefault for SecureJarResource(corpse)
[16Feb2025 03:35:17.270] [main/DEBUG] [mixin/]: MixinPlatformAgentDefault accepted container SecureJarResource(corpse)
[16Feb2025 03:35:17.270] [main/DEBUG] [mixin/]: Processing prepare() for PlatformAgent[MixinPlatformAgentDefault:SecureJarResource(corpse)]
[16Feb2025 03:35:17.270] [main/DEBUG] [mixin/]: Adding mixin platform agents for container SecureJarResource(MixinExtras.beta._9)
[16Feb2025 03:35:17.270] [main/DEBUG] [mixin/]: Instancing new MixinPlatformAgentMinecraftForge for SecureJarResource(MixinExtras.beta._9)
[16Feb2025 03:35:17.270] [main/DEBUG] [mixin/]: MixinPlatformAgentMinecraftForge rejected container SecureJarResource(MixinExtras.beta._9)
[16Feb2025 03:35:17.270] [main/DEBUG] [mixin/]: Instancing new MixinPlatformAgentDefault for SecureJarResource(MixinExtras.beta._9)
[16Feb2025 03:35:17.271] [main/DEBUG] [mixin/]: MixinPlatformAgentDefault accepted container SecureJarResource(MixinExtras.beta._9)
[16Feb2025 03:35:17.271] [main/DEBUG] [mixin/]: Processing prepare() for PlatformAgent[MixinPlatformAgentDefault:SecureJarResource(MixinExtras.beta._9)]
[16Feb2025 03:35:17.271] [main/DEBUG] [mixin/]: Adding mixin platform agents for container SecureJarResource(mixinextras)
[16Feb2025 03:35:17.271] [main/DEBUG] [mixin/]: Instancing new MixinPlatformAgentMinecraftForge for SecureJarResource(mixinextras)
[16Feb2025 03:35:17.271] [main/DEBUG] [mixin/]: MixinPlatformAgentMinecraftForge rejected container SecureJarResource(mixinextras)
[16Feb2025 03:35:17.271] [main/DEBUG] [mixin/]: Instancing new MixinPlatformAgentDefault for SecureJarResource(mixinextras)
[16Feb2025 03:35:17.271] [main/DEBUG] [mixin/]: MixinPlatformAgentDefault accepted container SecureJarResource(mixinextras)
[16Feb2025 03:35:17.271] [main/DEBUG] [mixin/]: Processing prepare() for PlatformAgent[MixinPlatformAgentDefault:SecureJarResource(mixinextras)]
[16Feb2025 03:35:17.271] [main/DEBUG] [mixin/]: Registering mixin config: mixinextras.init.mixins.json
[16Feb2025 03:35:17.272] [main/DEBUG] [mixin/]: inject() running with 43 agents
[16Feb2025 03:35:17.273] [main/DEBUG] [mixin/]: Processing inject() for PlatformAgent[MixinPlatformAgentDefault:ModLauncher Root Container(ModLauncher:4f56a0a2)]
[16Feb2025 03:35:17.273] [main/DEBUG] [mixin/]: Processing inject() for PlatformAgent[MixinPlatformAgentDefault:SecureJarResource(tconstruct)]
[16Feb2025 03:35:17.273] [main/DEBUG] [mixin/]: Processing inject() for PlatformAgent[MixinPlatformAgentDefault:SecureJarResource(minecraft)]
[16Feb2025 03:35:17.273] [main/DEBUG] [mixin/]: Processing inject() for PlatformAgent[MixinPlatformAgentDefault:SecureJarResource(handcrafted)]
[16Feb2025 03:35:17.273] [main/DEBUG] [mixin/]: Processing inject() for PlatformAgent[MixinPlatformAgentDefault:SecureJarResource(treechop)]
[16Feb2025 03:35:17.273] [main/DEBUG] [mixin/]: Processing inject() for PlatformAgent[MixinPlatformAgentDefault:SecureJarResource(uniquedungeons)]
[16Feb2025 03:35:17.273] [main/DEBUG] [mixin/]: Processing inject() for PlatformAgent[MixinPlatformAgentDefault:SecureJarResource(alexsmobs)]
[16Feb2025 03:35:17.273] [main/DEBUG] [mixin/]: Processing inject() for PlatformAgent[MixinPlatformAgentDefault:SecureJarResource(jade)]
[16Feb2025 03:35:17.273] [main/DEBUG] [mixin/]: Processing inject() for PlatformAgent[MixinPlatformAgentDefault:SecureJarResource(creativecore)]
[16Feb2025 03:35:17.273] [main/DEBUG] [mixin/]: Processing inject() for PlatformAgent[MixinPlatformAgentDefault:SecureJarResource(jei)]
[16Feb2025 03:35:17.273] [main/DEBUG] [mixin/]: Processing inject() for PlatformAgent[MixinPlatformAgentDefault:SecureJarResource(epicsamurai)]
[16Feb2025 03:35:17.273] [main/DEBUG] [mixin/]: Processing inject() for PlatformAgent[MixinPlatformAgentDefault:SecureJarResource(curios)]
[16Feb2025 03:35:17.274] [main/DEBUG] [mixin/]: Processing inject() for PlatformAgent[MixinPlatformAgentDefault:SecureJarResource(mantle)]
[16Feb2025 03:35:17.274] [main/DEBUG] [mixin/]: Processing inject() for PlatformAgent[MixinPlatformAgentDefault:SecureJarResource(quark)]
[16Feb2025 03:35:17.274] [main/DEBUG] [mixin/]: Processing inject() for PlatformAgent[MixinPlatformAgentDefault:SecureJarResource(spartanshields)]
[16Feb2025 03:35:17.274] [main/DEBUG] [mixin/]: Processing inject() for PlatformAgent[MixinPlatformAgentDefault:SecureJarResource(xaerominimap)]
[16Feb2025 03:35:17.274] [main/DEBUG] [mixin/]: Processing inject() for PlatformAgent[MixinPlatformAgentDefault:SecureJarResource(croptopia)]
[16Feb2025 03:35:17.274] [main/DEBUG] [mixin/]: Processing inject() for PlatformAgent[MixinPlatformAgentDefault:SecureJarResource(xaeroworldmap)]
[16Feb2025 03:35:17.274] [main/DEBUG] [mixin/]: Processing inject() for PlatformAgent[MixinPlatformAgentDefault:SecureJarResource(securitycraft)]
[16Feb2025 03:35:17.274] [main/DEBUG] [mixin/]: Processing inject() for PlatformAgent[MixinPlatformAgentDefault:SecureJarResource(autoreglib)]
[16Feb2025 03:35:17.274] [main/DEBUG] [mixin/]: Processing inject() for PlatformAgent[MixinPlatformAgentDefault:SecureJarResource(citadel)]
[16Feb2025 03:35:17.274] [main/DEBUG] [mixin/]: Processing inject() for PlatformAgent[MixinPlatformAgentDefault:SecureJarResource(artifacts)]
[16Feb2025 03:35:17.274] [main/DEBUG] [mixin/]: Processing inject() for PlatformAgent[MixinPlatformAgentDefault:SecureJarResource(travelersbackpack)]
[16Feb2025 03:35:17.274] [main/DEBUG] [mixin/]: Processing inject() for PlatformAgent[MixinPlatformAgentDefault:SecureJarResource(canary)]
[16Feb2025 03:35:17.275] [main/DEBUG] [mixin/]: Processing inject() for PlatformAgent[MixinPlatformAgentDefault:SecureJarResource(antixray)]
[16Feb2025 03:35:17.275] [main/DEBUG] [mixin/]: Processing inject() for PlatformAgent[MixinPlatformAgentDefault:SecureJarResource(resourcefullib)]
[16Feb2025 03:35:17.275] [main/DEBUG] [mixin/]: Processing inject() for PlatformAgent[MixinPlatformAgentDefault:SecureJarResource(appleskin)]
[16Feb2025 03:35:17.275] [main/DEBUG] [mixin/]: Processing inject() for PlatformAgent[MixinPlatformAgentDefault:SecureJarResource(architectury)]
[16Feb2025 03:35:17.275] [main/DEBUG] [mixin/]: Processing inject() for PlatformAgent[MixinPlatformAgentDefault:SecureJarResource(deeperdarker)]
[16Feb2025 03:35:17.275] [main/DEBUG] [mixin/]: Processing inject() for PlatformAgent[MixinPlatformAgentDefault:SecureJarResource(ferritecore)]
[16Feb2025 03:35:17.275] [main/DEBUG] [mixin/]: Processing inject() for PlatformAgent[MixinPlatformAgentDefault:SecureJarResource(iceandfire)]
[16Feb2025 03:35:17.275] [main/DEBUG] [mixin/]: Processing inject() for PlatformAgent[MixinPlatformAgentDefault:SecureJarResource(puzzleslib)]
[16Feb2025 03:35:17.275] [main/DEBUG] [mixin/]: Processing inject() for PlatformAgent[MixinPlatformAgentDefault:SecureJarResource(cloth_config)]
[16Feb2025 03:35:17.275] [main/DEBUG] [mixin/]: Processing inject() for PlatformAgent[MixinPlatformAgentDefault:SecureJarResource(forge)]
[16Feb2025 03:35:17.275] [main/DEBUG] [mixin/]: Processing inject() for PlatformAgent[MixinPlatformAgentDefault:SecureJarResource(expandability)]
[16Feb2025 03:35:17.275] [main/DEBUG] [mixin/]: Processing inject() for PlatformAgent[MixinPlatformAgentDefault:SecureJarResource(moblassos)]
[16Feb2025 03:35:17.275] [main/DEBUG] [mixin/]: Processing inject() for PlatformAgent[MixinPlatformAgentDefault:SecureJarResource(embeddium)]
[16Feb2025 03:35:17.276] [main/DEBUG] [mixin/]: Processing inject() for PlatformAgent[MixinPlatformAgentDefault:SecureJarResource(geckolib3)]
[16Feb2025 03:35:17.278] [main/DEBUG] [mixin/]: Processing inject() for PlatformAgent[MixinPlatformAgentDefault:SecureJarResource(playerrevive)]
[16Feb2025 03:35:17.278] [main/DEBUG] [mixin/]: Processing inject() for PlatformAgent[MixinPlatformAgentDefault:SecureJarResource(undead_revamp2)]
[16Feb2025 03:35:17.278] [main/DEBUG] [mixin/]: Processing inject() for PlatformAgent[MixinPlatformAgentDefault:SecureJarResource(corpse)]
[16Feb2025 03:35:17.278] [main/DEBUG] [mixin/]: Processing inject() for PlatformAgent[MixinPlatformAgentDefault:SecureJarResource(MixinExtras.beta._9)]
[16Feb2025 03:35:17.278] [main/DEBUG] [mixin/]: Processing inject() for PlatformAgent[MixinPlatformAgentDefault:SecureJarResource(mixinextras)]
[16Feb2025 03:35:17.279] [main/INFO] [cpw.mods.modlauncher.LaunchServiceHandler/MODLAUNCHER]: Launching target 'forgeserver' with arguments [nogui]
[16Feb2025 03:35:17.303] [main/DEBUG] [mixin/]: Error cleaning class output directory: .mixin.out
[16Feb2025 03:35:17.305] [main/DEBUG] [mixin/]: Preparing mixins for MixinEnvironment[DEFAULT]
[16Feb2025 03:35:17.305] [main/DEBUG] [mixin/]: Selecting config handcrafted-common.mixins.json
[16Feb2025 03:35:17.308] [main/DEBUG] [mixin/]: Selecting config handcrafted.mixins.json
[16Feb2025 03:35:17.309] [main/DEBUG] [mixin/]: Selecting config treechop.mixins.json
[16Feb2025 03:35:17.310] [main/DEBUG] [mixin/]: Selecting config treechop.forge.compat.mixins.json
[16Feb2025 03:35:17.311] [main/DEBUG] [mixin/]: Selecting config uniquedungeons.mixin.json
[16Feb2025 03:35:17.312] [main/DEBUG] [mixin/]: Selecting config creativecore.mixins.json
[16Feb2025 03:35:17.312] [main/DEBUG] [mixin/]: Selecting config creativecore.forge.mixins.json
[16Feb2025 03:35:17.313] [main/DEBUG] [mixin/]: Selecting config epicsamurai.mixins.json
[16Feb2025 03:35:17.314] [main/WARN] [mixin/]: Reference map 'arclight.mixins.refmap.json' for epicsamurai.mixins.json could not be read. If this is a development environment you can ignore this message
[16Feb2025 03:35:17.315] [main/DEBUG] [mixin/]: Selecting config curios.mixins.json
[16Feb2025 03:35:17.316] [main/DEBUG] [mixin/]: Selecting config quark.mixins.json
[16Feb2025 03:35:17.327] [main/DEBUG] [mixin/]: Selecting config quark_integrations.mixins.json
[16Feb2025 03:35:17.331] [main/DEBUG] [mixin/]: Selecting config croptopia.mixins.json
[16Feb2025 03:35:17.332] [main/DEBUG] [mixin/]: Selecting config securitycraft.mixins.json
[16Feb2025 03:35:17.333] [main/DEBUG] [mixin/]: Selecting config citadel.mixins.json
[16Feb2025 03:35:17.334] [main/DEBUG] [mixin/]: Selecting config mixins.artifacts.json
[16Feb2025 03:35:17.335] [main/DEBUG] [mixin/]: Selecting config canary.mixins.json
[16Feb2025 03:35:17.353] [main/INFO] [Canary/]: Loaded configuration file for Canary: 117 options available, 0 override(s) found
[16Feb2025 03:35:17.360] [main/DEBUG] [mixin/]: Selecting config antixray.mixins.json
[16Feb2025 03:35:17.362] [main/DEBUG] [mixin/]: Selecting config architectury.mixins.json
[16Feb2025 03:35:17.363] [main/DEBUG] [mixin/]: Selecting config architectury-common.mixins.json
[16Feb2025 03:35:17.364] [main/DEBUG] [mixin/]: Selecting config mixins.deeperdarker.json
[16Feb2025 03:35:17.365] [main/DEBUG] [mixin/]: Selecting config ferritecore.predicates.mixin.json
[16Feb2025 03:35:17.382] [main/DEBUG] [mixin/]: Selecting config ferritecore.fastmap.mixin.json
[16Feb2025 03:35:17.385] [main/DEBUG] [mixin/]: Selecting config ferritecore.mrl.mixin.json
[16Feb2025 03:35:17.387] [main/DEBUG] [mixin/]: Selecting config ferritecore.dedupmultipart.mixin.json
[16Feb2025 03:35:17.389] [main/DEBUG] [mixin/]: Selecting config ferritecore.blockstatecache.mixin.json
[16Feb2025 03:35:17.391] [main/DEBUG] [mixin/]: Selecting config ferritecore.dedupbakedquad.mixin.json
[16Feb2025 03:35:17.393] [main/DEBUG] [mixin/]: Selecting config ferritecore.threaddetec.mixin.json
[16Feb2025 03:35:17.395] [main/DEBUG] [mixin/]: Selecting config iceandfire.mixins.json
[16Feb2025 03:35:17.396] [main/DEBUG] [mixin/]: Selecting config puzzleslib.common.mixins.json
[16Feb2025 03:35:17.399] [main/DEBUG] [mixin/]: Selecting config puzzleslib.forge.mixins.json
[16Feb2025 03:35:17.400] [main/DEBUG] [mixin/]: Selecting config expandability.mixins.json
[16Feb2025 03:35:17.401] [main/DEBUG] [mixin/]: Selecting config expandability-common.mixins.json
[16Feb2025 03:35:17.421] [main/DEBUG] [mixin/]: Registering new injector for @Inject with org.spongepowered.asm.mixin.injection.struct.CallbackInjectionInfo
[16Feb2025 03:35:17.423] [main/DEBUG] [mixin/]: Registering new injector for @ModifyArg with org.spongepowered.asm.mixin.injection.struct.ModifyArgInjectionInfo
[16Feb2025 03:35:17.424] [main/DEBUG] [mixin/]: Registering new injector for @ModifyArgs with org.spongepowered.asm.mixin.injection.struct.ModifyArgsInjectionInfo
[16Feb2025 03:35:17.426] [main/DEBUG] [mixin/]: Registering new injector for @Redirect with org.spongepowered.asm.mixin.injection.struct.RedirectInjectionInfo
[16Feb2025 03:35:17.427] [main/DEBUG] [mixin/]: Registering new injector for @ModifyVariable with org.spongepowered.asm.mixin.injection.struct.ModifyVariableInjectionInfo
[16Feb2025 03:35:17.428] [main/DEBUG] [mixin/]: Registering new injector for @ModifyConstant with org.spongepowered.asm.mixin.injection.struct.ModifyConstantInjectionInfo
[16Feb2025 03:35:17.431] [main/DEBUG] [mixin/]: Registering new injector for @ModifyExpressionValue with com.llamalad7.mixinextras.injector.ModifyExpressionValueInjectionInfo
[16Feb2025 03:35:17.433] [main/DEBUG] [mixin/]: Registering new injector for @ModifyReceiver with com.llamalad7.mixinextras.injector.ModifyReceiverInjectionInfo
[16Feb2025 03:35:17.435] [main/DEBUG] [mixin/]: Registering new injector for @ModifyReturnValue with com.llamalad7.mixinextras.injector.ModifyReturnValueInjectionInfo
[16Feb2025 03:35:17.439] [main/DEBUG] [mixin/]: Registering new injector for @WrapOperation with com.llamalad7.mixinextras.injector.wrapoperation.WrapOperationInjectionInfo
[16Feb2025 03:35:17.442] [main/DEBUG] [mixin/]: Registering new injector for @WrapWithCondition with com.llamalad7.mixinextras.injector.WrapWithConditionInjectionInfo
[16Feb2025 03:35:17.444] [main/DEBUG] [mixin/]: Registering new injector for @SugarWrapper with com.llamalad7.mixinextras.sugar.impl.SugarWrapperInjectionInfo
[16Feb2025 03:35:17.465] [main/DEBUG] [mixin/]: Selecting config moblassos.common.mixins.json
[16Feb2025 03:35:17.466] [main/WARN] [mixin/]: Reference map 'moblassos.refmap.json' for moblassos.common.mixins.json could not be read. If this is a development environment you can ignore this message
[16Feb2025 03:35:17.467] [main/DEBUG] [mixin/]: Selecting config embeddium.mixins.json
[16Feb2025 03:35:17.476] [main/INFO] [Embeddium/]: Loaded configuration file for Embeddium: 73 options available, 0 override(s) found
[16Feb2025 03:35:17.479] [main/DEBUG] [mixin/]: Selecting config playerrevive.mixins.json
[16Feb2025 03:35:17.480] [main/DEBUG] [mixin/]: Selecting config mixinextras.init.mixins.json
[16Feb2025 03:35:17.481] [main/DEBUG] [mixin/]: Preparing handcrafted-common.mixins.json (2)
[16Feb2025 03:35:17.505] [main/DEBUG] [mixin/]: Preparing handcrafted.mixins.json (1)
[16Feb2025 03:35:17.505] [main/DEBUG] [mixin/]: Preparing treechop.mixins.json (3)
[16Feb2025 03:35:17.557] [main/DEBUG] [mixin/]: Preparing treechop.forge.compat.mixins.json (1)
[16Feb2025 03:35:17.559] [main/WARN] [mixin/]: Error loading class: atomicstryker/multimine/client/MultiMineClient (java.lang.ClassNotFoundException: atomicstryker.multimine.client.MultiMineClient)
[16Feb2025 03:35:17.559] [main/WARN] [mixin/]: @Mixin target atomicstryker.multimine.client.MultiMineClient was not found treechop.forge.compat.mixins.json:MultiMineMixin
[16Feb2025 03:35:17.559] [main/DEBUG] [mixin/]: Preparing uniquedungeons.mixin.json (7)
[16Feb2025 03:35:17.574] [main/DEBUG] [net.minecraftforge.coremod.transformer.CoreModBaseTransformer/COREMOD]: Transforming net/minecraft/world/item/ItemStack
[16Feb2025 03:35:17.649] [main/DEBUG] [net.minecraftforge.coremod.transformer.CoreModBaseTransformer/COREMOD]: Transforming m_36170_ with desc (Lnet/minecraft/world/entity/player/PlayerModelPart;)Z
[16Feb2025 03:35:17.651] [main/DEBUG] [net.minecraftforge.coremod.transformer.CoreModBaseTransformer/COREMOD]: Transforming m_36170_ with desc (Lnet/minecraft/world/entity/player/PlayerModelPart;)Z
[16Feb2025 03:35:17.669] [main/DEBUG] [net.minecraftforge.coremod.transformer.CoreModBaseTransformer/COREMOD]: Transforming net/minecraft/server/level/ServerPlayer
[16Feb2025 03:35:17.796] [main/DEBUG] [net.minecraftforge.coremod.transformer.CoreModBaseTransformer/COREMOD]: Transforming net/minecraft/server/level/ServerPlayer
[16Feb2025 03:35:17.848] [main/DEBUG] [net.minecraftforge.coremod.transformer.CoreModBaseTransformer/COREMOD]: Transforming m_36170_ with desc (Lnet/minecraft/world/entity/player/PlayerModelPart;)Z
[16Feb2025 03:35:17.848] [main/DEBUG] [net.minecraftforge.coremod.transformer.CoreModBaseTransformer/COREMOD]: Transforming m_36170_ with desc (Lnet/minecraft/world/entity/player/PlayerModelPart;)Z
[16Feb2025 03:35:17.907] [main/DEBUG] [mixin/]: Preparing creativecore.mixins.json (8)
[16Feb2025 03:35:17.921] [main/DEBUG] [mixin/]: Preparing creativecore.forge.mixins.json (3)
[16Feb2025 03:35:17.922] [main/DEBUG] [mixin/]: Preparing epicsamurai.mixins.json (0)
[16Feb2025 03:35:17.923] [main/DEBUG] [mixin/]: Preparing curios.mixins.json (8)
[16Feb2025 03:35:17.942] [main/DEBUG] [mixin/]: Preparing quark.mixins.json (106)
[16Feb2025 03:35:18.135] [main/DEBUG] [mixin/]: Preparing quark_integrations.mixins.json (1)
[16Feb2025 03:35:18.137] [main/WARN] [mixin/]: Error loading class: noobanidus/mods/lootr/config/ConfigManager (java.lang.ClassNotFoundException: noobanidus.mods.lootr.config.ConfigManager)
[16Feb2025 03:35:18.137] [main/DEBUG] [mixin/]: Skipping virtual target noobanidus.mods.lootr.config.ConfigManager for quark_integrations.mixins.json:lootr.ConfigManagerMixin
[16Feb2025 03:35:18.138] [main/DEBUG] [mixin/]: Preparing croptopia.mixins.json (3)
[16Feb2025 03:35:18.140] [main/DEBUG] [mixin/]: Preparing securitycraft.mixins.json (12)
[16Feb2025 03:35:18.153] [main/DEBUG] [net.minecraftforge.coremod.transformer.CoreModBaseTransformer/COREMOD]: Transforming m_11229_ with desc (Lnet/minecraft/server/level/ServerPlayer;Lnet/minecraft/server/level/ServerLevel;)V
[16Feb2025 03:35:18.162] [main/DEBUG] [net.minecraftforge.coremod.transformer.CoreModBaseTransformer/COREMOD]: Transforming m_11229_ with desc (Lnet/minecraft/server/level/ServerPlayer;Lnet/minecraft/server/level/ServerLevel;)V
[16Feb2025 03:35:18.178] [main/DEBUG] [mixin/]: Preparing citadel.mixins.json (17)
[16Feb2025 03:35:18.198] [main/DEBUG] [net.minecraftforge.coremod.transformer.CoreModBaseTransformer/COREMOD]: Transforming net/minecraft/server/MinecraftServer
[16Feb2025 03:35:18.203] [main/DEBUG] [net.minecraftforge.coremod.transformer.CoreModBaseTransformer/COREMOD]: Transforming net/minecraft/server/MinecraftServer
[16Feb2025 03:35:18.238] [main/DEBUG] [net.minecraftforge.coremod.transformer.CoreModBaseTransformer/COREMOD]: Transforming net/minecraft/server/level/ServerLevel
[16Feb2025 03:35:18.273] [main/DEBUG] [mixin/]: Preparing mixins.artifacts.json (8)
[16Feb2025 03:35:18.277] [main/DEBUG] [mixin/]: Preparing canary.mixins.json (204)
[16Feb2025 03:35:18.484] [main/DEBUG] [net.minecraftforge.coremod.transformer.CoreModBaseTransformer/COREMOD]: Transforming net/minecraft/world/level/chunk/LevelChunk
[16Feb2025 03:35:18.490] [main/DEBUG] [net.minecraftforge.coremod.transformer.CoreModBaseTransformer/COREMOD]: Transforming net/minecraft/world/level/chunk/LevelChunk
[16Feb2025 03:35:18.507] [main/DEBUG] [net.minecraftforge.coremod.transformer.CoreModBaseTransformer/COREMOD]: Transforming net/minecraft/world/level/biome/Biome
[16Feb2025 03:35:18.518] [main/DEBUG] [mixin/]: Preparing antixray.mixins.json (11)
[16Feb2025 03:35:18.533] [main/DEBUG] [mixin/]: Preparing architectury.mixins.json (8)
[16Feb2025 03:35:18.535] [main/DEBUG] [mixin/]: Preparing architectury-common.mixins.json (9)
[16Feb2025 03:35:18.538] [main/DEBUG] [net.minecraftforge.coremod.transformer.CoreModBaseTransformer/COREMOD]: Transforming net/minecraft/world/item/BucketItem
[16Feb2025 03:35:18.550] [main/DEBUG] [net.minecraftforge.coremod.transformer.CoreModBaseTransformer/COREMOD]: Transforming net/minecraft/world/level/block/LiquidBlock
[16Feb2025 03:35:18.555] [main/DEBUG] [mixin/]: Preparing mixins.deeperdarker.json (5)
[16Feb2025 03:35:18.569] [main/WARN] [mixin/]: Error loading class: net/minecraft/client/renderer/entity/PhantomRenderer (java.lang.ClassNotFoundException: net.minecraft.client.renderer.entity.PhantomRenderer)
[16Feb2025 03:35:18.569] [main/WARN] [mixin/]: @Mixin target net.minecraft.client.renderer.entity.PhantomRenderer was not found mixins.deeperdarker.json:PhantomRendererMixin
[16Feb2025 03:35:18.573] [main/DEBUG] [mixin/]: Preparing ferritecore.predicates.mixin.json (3)
[16Feb2025 03:35:18.573] [main/DEBUG] [mixin/]: Preparing ferritecore.fastmap.mixin.json (1)
[16Feb2025 03:35:18.577] [main/DEBUG] [mixin/]: Preparing ferritecore.mrl.mixin.json (2)
[16Feb2025 03:35:18.577] [main/DEBUG] [mixin/]: Preparing ferritecore.dedupmultipart.mixin.json (2)
[16Feb2025 03:35:18.577] [main/DEBUG] [mixin/]: Preparing ferritecore.blockstatecache.mixin.json (8)
[16Feb2025 03:35:18.583] [main/DEBUG] [mixin/]: Preparing ferritecore.dedupbakedquad.mixin.json (2)
[16Feb2025 03:35:18.584] [main/DEBUG] [mixin/]: Preparing ferritecore.threaddetec.mixin.json (1)
[16Feb2025 03:35:18.584] [main/DEBUG] [mixin/]: Preparing iceandfire.mixins.json (2)
[16Feb2025 03:35:18.586] [main/DEBUG] [mixin/]: Preparing puzzleslib.common.mixins.json (1)
[16Feb2025 03:35:18.586] [main/DEBUG] [mixin/]: Preparing puzzleslib.forge.mixins.json (7)
[16Feb2025 03:35:18.594] [main/DEBUG] [mixin/]: Preparing expandability.mixins.json (4)
[16Feb2025 03:35:18.595] [main/DEBUG] [mixin/]: Preparing expandability-common.mixins.json (9)
[16Feb2025 03:35:18.601] [main/DEBUG] [mixin/]: Preparing moblassos.common.mixins.json (0)
[16Feb2025 03:35:18.601] [main/DEBUG] [mixin/]: Preparing embeddium.mixins.json (0)
[16Feb2025 03:35:18.601] [main/DEBUG] [mixin/]: Preparing playerrevive.mixins.json (3)
[16Feb2025 03:35:18.601] [main/DEBUG] [mixin/]: Preparing mixinextras.init.mixins.json (0)
[16Feb2025 03:35:18.646] [main/DEBUG] [mixin/]: Inner class com/abdelaziz/canary/mixin/ai/poi/SectionStorageMixin$1 in com/abdelaziz/canary/mixin/ai/poi/SectionStorageMixin on net/minecraft/world/level/chunk/storage/SectionStorage gets unique name net/minecraft/world/level/chunk/storage/SectionStorage$Anonymous$f1a0f177af794cbaaeccd6039efce0a1
[16Feb2025 03:35:18.656] [main/DEBUG] [mixin/]: Inner class com/abdelaziz/canary/mixin/chunk/palette/PalettedContainerMixin$1 in com/abdelaziz/canary/mixin/chunk/palette/PalettedContainerMixin on net/minecraft/world/level/chunk/PalettedContainer$Strategy gets unique name net/minecraft/world/level/chunk/PalettedContainer$Strategy$Anonymous$c88d0844877a4c45aea969d1d5b93f82
[16Feb2025 03:35:18.656] [main/DEBUG] [mixin/]: Inner class com/abdelaziz/canary/mixin/chunk/palette/PalettedContainerMixin$2 in com/abdelaziz/canary/mixin/chunk/palette/PalettedContainerMixin on net/minecraft/world/level/chunk/PalettedContainer$Strategy gets unique name net/minecraft/world/level/chunk/PalettedContainer$Strategy$Anonymous$9643a8f648c2432b982c5cf8615c78fd
[16Feb2025 03:35:18.667] [main/DEBUG] [net.minecraftforge.coremod.transformer.CoreModBaseTransformer/COREMOD]: Transforming m_78311_ with desc ()V
[16Feb2025 03:35:18.687] [main/DEBUG] [net.minecraftforge.coremod.transformer.CoreModBaseTransformer/COREMOD]: Transforming m_78311_ with desc ()V
[16Feb2025 03:35:18.725] [main/DEBUG] [mixin/]: Prepared 331 mixins in 1.419 sec (4.3ms avg) (0ms load, 0ms transform, 0ms plugin)
[16Feb2025 03:35:18.732] [main/DEBUG] [net.minecraftforge.coremod.transformer.CoreModBaseTransformer/COREMOD]: Transforming net/minecraft/server/MinecraftServer
[16Feb2025 03:35:18.733] [main/DEBUG] [net.minecraftforge.coremod.transformer.CoreModBaseTransformer/COREMOD]: Transforming net/minecraft/server/MinecraftServer
[16Feb2025 03:35:18.741] [main/DEBUG] [mixin/]: Mixing MinecraftServerMixin from citadel.mixins.json into net.minecraft.server.MinecraftServer
[16Feb2025 03:35:18.835] [main/DEBUG] [io.netty.util.internal.logging.InternalLoggerFactory/]: Using SLF4J as the default logging framework
[16Feb2025 03:35:18.838] [main/DEBUG] [io.netty.util.ResourceLeakDetector/]: -Dio.netty.leakDetection.level: simple
[16Feb2025 03:35:18.838] [main/DEBUG] [io.netty.util.ResourceLeakDetector/]: -Dio.netty.leakDetection.targetRecords: 4
[16Feb2025 03:35:19.003] [main/DEBUG] [oshi.util.FileUtil/]: No oshi.properties file found from ClassLoader cpw.mods.modlauncher.TransformingClassLoader@5fcd1f0a
[16Feb2025 03:35:19.004] [main/DEBUG] [oshi.util.FileUtil/]: No oshi.properties file found from ClassLoader jdk.internal.loader.ClassLoaders$AppClassLoader@76ed5528
[16Feb2025 03:35:19.022] [main/DEBUG] [oshi.util.FileUtil/]: Reading file /proc/cpuinfo
[16Feb2025 03:35:19.024] [main/DEBUG] [oshi.util.FileUtil/]: Reading file /proc/cpuinfo
[16Feb2025 03:35:19.041] [main/DEBUG] [oshi.util.FileUtil/]: No oshi.architecture.properties file found from ClassLoader cpw.mods.modlauncher.TransformingClassLoader@5fcd1f0a
[16Feb2025 03:35:19.041] [main/DEBUG] [oshi.util.FileUtil/]: No oshi.architecture.properties file found from ClassLoader jdk.internal.loader.ClassLoaders$AppClassLoader@76ed5528
[16Feb2025 03:35:19.068] [main/DEBUG] [oshi.util.FileUtil/]: Reading file /proc/meminfo
[16Feb2025 03:35:19.069] [main/DEBUG] [oshi.util.FileUtil/]: Reading file /proc/meminfo
[16Feb2025 03:35:19.078] [main/DEBUG] [mixin/]: Mixing math.sine_lut.MthMixin from canary.mixins.json into net.minecraft.util.Mth
[16Feb2025 03:35:19.132] [main/DEBUG] [mixin/]: Mixing inject.MixinGameEvent from architectury-common.mixins.json into net.minecraft.world.level.gameevent.GameEvent
[16Feb2025 03:35:19.170] [main/DEBUG] [mixin/]: Mixing shapes.blockstate_cache.BlockMixin from canary.mixins.json into net.minecraft.world.level.block.Block
[16Feb2025 03:35:19.188] [main/DEBUG] [mixin/]: Renaming synthetic method lambda$static$0(Lnet/minecraft/world/phys/shapes/VoxelShape;)Z to mdd1c143$lambda$static$0$0 in canary.mixins.json:shapes.blockstate_cache.BlockMixin
[16Feb2025 03:35:19.195] [main/DEBUG] [mixin/]: Mixing inject.MixinBlock from architectury-common.mixins.json into net.minecraft.world.level.block.Block
[16Feb2025 03:35:19.226] [main/DEBUG] [mixin/]: Mixing ai.pathing.BlockStateBaseMixin from canary.mixins.json into net.minecraft.world.level.block.state.BlockBehaviour$BlockStateBase
[16Feb2025 03:35:19.246] [main/DEBUG] [mixin/]: Mixing block.flatten_states.BlockStateBaseMixin from canary.mixins.json into net.minecraft.world.level.block.state.BlockBehaviour$BlockStateBase
[16Feb2025 03:35:19.251] [main/DEBUG] [mixin/]: Mixing BlockStateBaseMixin from ferritecore.blockstatecache.mixin.json into net.minecraft.world.level.block.state.BlockBehaviour$BlockStateBase
[16Feb2025 03:35:19.274] [main/DEBUG] [mixin/]: Mixing FastMapStateHolderMixin from ferritecore.fastmap.mixin.json into net.minecraft.world.level.block.state.StateHolder
[16Feb2025 03:35:19.298] [main/DEBUG] [mixin/]: Mixing math.fast_blockpos.BlockPosMixin from canary.mixins.json into net.minecraft.core.BlockPos
[16Feb2025 03:35:19.355] [main/DEBUG] [mixin/]: Mixing EntityChopSettingsMixin from treechop.mixins.json into net.minecraft.world.entity.Entity
[16Feb2025 03:35:19.361] [main/DEBUG] [mixin/]: Mixing AccessorEntity from curios.mixins.json into net.minecraft.world.entity.Entity
[16Feb2025 03:35:19.366] [main/DEBUG] [mixin/]: Mixing EntityMixin from quark.mixins.json into net.minecraft.world.entity.Entity
[16Feb2025 03:35:19.372] [main/DEBUG] [mixin/]: Mixing item.aquadashers.EntityMixin from mixins.artifacts.json into net.minecraft.world.entity.Entity
[16Feb2025 03:35:19.372] [main/DEBUG] [mixin/]: mixins.artifacts.json:item.aquadashers.EntityMixin: Class version 61 required is higher than the class version supported by the current version of Mixin (JAVA_8 supports class version 52)
[16Feb2025 03:35:19.396] [main/DEBUG] [mixin/]: Mixing item.umbrella.EntityMixin from mixins.artifacts.json into net.minecraft.world.entity.Entity
[16Feb2025 03:35:19.396] [main/DEBUG] [mixin/]: mixins.artifacts.json:item.umbrella.EntityMixin: Class version 61 required is higher than the class version supported by the current version of Mixin (JAVA_8 supports class version 52)
[16Feb2025 03:35:19.403] [main/DEBUG] [mixin/]: Mixing alloc.deep_passengers.EntityMixin from canary.mixins.json into net.minecraft.world.entity.Entity
[16Feb2025 03:35:19.435] [main/DEBUG] [mixin/]: Mixing collections.fluid_submersion.EntityMixin from canary.mixins.json into net.minecraft.world.entity.Entity
[16Feb2025 03:35:19.442] [main/DEBUG] [mixin/]: Mixing entity.collisions.movement.EntityMixin from canary.mixins.json into net.minecraft.world.entity.Entity
[16Feb2025 03:35:19.473] [main/DEBUG] [mixin/]: Mixing entity.collisions.suffocation.EntityMixin from canary.mixins.json into net.minecraft.world.entity.Entity
[16Feb2025 03:35:19.489] [main/DEBUG] [mixin/]: Mixing entity.collisions.unpushable_cramming.EntityMixin from canary.mixins.json into net.minecraft.world.entity.Entity
[16Feb2025 03:35:19.492] [main/DEBUG] [mixin/]: Mixing entity.skip_fire_check.EntityMixin from canary.mixins.json into net.minecraft.world.entity.Entity
[16Feb2025 03:35:19.526] [main/DEBUG] [mixin/]: Mixing swimming.EntityMixin from expandability.mixins.json into net.minecraft.world.entity.Entity
[16Feb2025 03:35:19.533] [main/DEBUG] [mixin/]: Mixing fluidcollision.EntityMixin from expandability-common.mixins.json into net.minecraft.world.entity.Entity
[16Feb2025 03:35:19.568] [main/DEBUG] [mixin/]: Mixing swimming.EntityMixin from expandability-common.mixins.json into net.minecraft.world.entity.Entity
[16Feb2025 03:35:19.764] [main/DEBUG] [mixin/]: Mixing LivingEntityMixin from uniquedungeons.mixin.json into net.minecraft.world.entity.LivingEntity
[16Feb2025 03:35:19.772] [main/DEBUG] [mixin/]: Mixing MixinLivingEntity from curios.mixins.json into net.minecraft.world.entity.LivingEntity
[16Feb2025 03:35:19.776] [main/DEBUG] [mixin/]: Mixing accessor.AccessorLivingEntity from quark.mixins.json into net.minecraft.world.entity.LivingEntity
[16Feb2025 03:35:19.777] [main/DEBUG] [mixin/]: Mixing LivingEntityMixin from citadel.mixins.json into net.minecraft.world.entity.LivingEntity
[16Feb2025 03:35:19.789] [main/DEBUG] [mixin/]: Mixing alloc.enum_values.living_entity.LivingEntityMixin from canary.mixins.json into net.minecraft.world.entity.LivingEntity
[16Feb2025 03:35:19.791] [main/DEBUG] [mixin/]: Mixing entity.collisions.unpushable_cramming.LivingEntityMixin from canary.mixins.json into net.minecraft.world.entity.LivingEntity
[16Feb2025 03:35:19.803] [main/DEBUG] [mixin/]: Mixing entity.fast_elytra_check.LivingEntityMixin from canary.mixins.json into net.minecraft.world.entity.LivingEntity
[16Feb2025 03:35:19.805] [main/DEBUG] [mixin/]: Mixing entity.fast_hand_swing.LivingEntityMixin from canary.mixins.json into net.minecraft.world.entity.LivingEntity
[16Feb2025 03:35:19.806] [main/DEBUG] [mixin/]: Mixing entity.fast_powder_snow_check.LivingEntityMixin from canary.mixins.json into net.minecraft.world.entity.LivingEntity
[16Feb2025 03:35:19.808] [main/DEBUG] [mixin/]: Mixing entity.skip_equipment_change_check.LivingEntityMixin from canary.mixins.json into net.minecraft.world.entity.LivingEntity
[16Feb2025 03:35:19.809] [main/DEBUG] [mixin/]: Renaming synthetic method lambda$static$0(Lnet/minecraft/world/item/ItemStack;)Z to mdd1c143$lambda$static$0$0 in canary.mixins.json:entity.skip_equipment_change_check.LivingEntityMixin
[16Feb2025 03:35:19.814] [main/DEBUG] [mixin/]: Mixing swimming.LivingEntityMixin from expandability.mixins.json into net.minecraft.world.entity.LivingEntity
[16Feb2025 03:35:19.817] [main/DEBUG] [mixin/]: Mixing swimming.LivingEntityMixin from expandability-common.mixins.json into net.minecraft.world.entity.LivingEntity
[16Feb2025 03:35:19.973] [main/DEBUG] [mixin/]: Mixing LevelMixin from citadel.mixins.json into net.minecraft.world.level.Level
[16Feb2025 03:35:20.015] [main/DEBUG] [mixin/]: Mixing alloc.chunk_random.LevelMixin from canary.mixins.json into net.minecraft.world.level.Level
[16Feb2025 03:35:20.018] [main/DEBUG] [mixin/]: Mixing entity.collisions.intersection.LevelMixin from canary.mixins.json into net.minecraft.world.level.Level
[16Feb2025 03:35:20.021] [main/DEBUG] [mixin/]: Mixing util.block_entity_retrieval.LevelMixin from canary.mixins.json into net.minecraft.world.level.Level
[16Feb2025 03:35:20.034] [main/DEBUG] [mixin/]: Mixing world.block_entity_ticking.sleeping.LevelMixin from canary.mixins.json into net.minecraft.world.level.Level
[16Feb2025 03:35:20.035] [main/DEBUG] [mixin/]: Mixing world.chunk_access.LevelMixin from canary.mixins.json into net.minecraft.world.level.Level
[16Feb2025 03:35:20.039] [main/DEBUG] [mixin/]: Mixing world.inline_block_access.LevelMixin from canary.mixins.json into net.minecraft.world.level.Level
[16Feb2025 03:35:20.044] [main/DEBUG] [mixin/]: Mixing world.inline_height.LevelMixin from canary.mixins.json into net.minecraft.world.level.Level
[16Feb2025 03:35:20.055] [main/DEBUG] [mixin/]: Mixing LevelMixin from antixray.mixins.json into net.minecraft.world.level.Level
[16Feb2025 03:35:20.055] [main/DEBUG] [mixin/]: antixray.mixins.json:LevelMixin: Class version 61 required is higher than the class version supported by the current version of Mixin (JAVA_16 supports class version 60)
[16Feb2025 03:35:20.107] [main/DEBUG] [mixin/]: Mixing util.chunk_access.LevelReaderMixin from canary.mixins.json into net.minecraft.world.level.LevelReader
[16Feb2025 03:35:20.121] [main/DEBUG] [net.minecraftforge.coremod.transformer.CoreModBaseTransformer/COREMOD]: Transforming net/minecraft/server/level/ServerLevel
[16Feb2025 03:35:20.125] [main/DEBUG] [mixin/]: Mixing ServerLevelMixin from citadel.mixins.json into net.minecraft.server.level.ServerLevel
[16Feb2025 03:35:20.127] [main/DEBUG] [mixin/]: Mixing alloc.chunk_random.ServerLevelMixin from canary.mixins.json into net.minecraft.server.level.ServerLevel
[16Feb2025 03:35:20.130] [main/DEBUG] [mixin/]: Mixing chunk.replace_streams.ServerLevelMixin from canary.mixins.json into net.minecraft.server.level.ServerLevel
[16Feb2025 03:35:20.138] [main/DEBUG] [mixin/]: Mixing entity.inactive_navigations.ServerLevelMixin from canary.mixins.json into net.minecraft.server.level.ServerLevel
[16Feb2025 03:35:20.156] [main/DEBUG] [mixin/]: Mixing profiler.ServerLevelMixin from canary.mixins.json into net.minecraft.server.level.ServerLevel
[16Feb2025 03:35:20.159] [main/DEBUG] [mixin/]: Mixing util.accessors.ServerLevelAccessor from canary.mixins.json into net.minecraft.server.level.ServerLevel
[16Feb2025 03:35:20.159] [main/DEBUG] [mixin/]: Mixing world.block_entity_ticking.sleeping.ServerLevelMixin from canary.mixins.json into net.minecraft.server.level.ServerLevel
[16Feb2025 03:35:20.162] [main/DEBUG] [mixin/]: Mixing ServerLevelMixin from antixray.mixins.json into net.minecraft.server.level.ServerLevel
[16Feb2025 03:35:20.162] [main/DEBUG] [mixin/]: antixray.mixins.json:ServerLevelMixin: Class version 61 required is higher than the class version supported by the current version of Mixin (JAVA_16 supports class version 60)
[16Feb2025 03:35:20.239] [main/DEBUG] [net.minecraftforge.coremod.transformer.CoreModBaseTransformer/COREMOD]: Transforming m_36170_ with desc (Lnet/minecraft/world/entity/player/PlayerModelPart;)Z
[16Feb2025 03:35:20.240] [main/DEBUG] [net.minecraftforge.coremod.transformer.CoreModBaseTransformer/COREMOD]: Transforming m_36170_ with desc (Lnet/minecraft/world/entity/player/PlayerModelPart;)Z
[16Feb2025 03:35:20.241] [main/DEBUG] [mixin/]: Mixing PlayerMixin from uniquedungeons.mixin.json into net.minecraft.world.entity.player.Player
[16Feb2025 03:35:20.243] [main/DEBUG] [mixin/]: Mixing swimming.PlayerMixin from expandability-common.mixins.json into net.minecraft.world.entity.player.Player
[16Feb2025 03:35:20.245] [main/DEBUG] [mixin/]: Mixing PlayerMixin from playerrevive.mixins.json into net.minecraft.world.entity.player.Player
[16Feb2025 03:35:20.292] [main/DEBUG] [mixin/]: Mixing inject.MixinFluid from architectury-common.mixins.json into net.minecraft.world.level.material.Fluid
[16Feb2025 03:35:20.297] [main/DEBUG] [mixin/]: Mixing ItemMixin from quark.mixins.json into net.minecraft.world.item.Item
[16Feb2025 03:35:20.301] [main/DEBUG] [mixin/]: Mixing inject.MixinItem from architectury-common.mixins.json into net.minecraft.world.item.Item
[16Feb2025 03:35:20.308] [main/DEBUG] [mixin/]: Mixing IForgeItemMixin from quark.mixins.json into net.minecraftforge.common.extensions.IForgeItem
[16Feb2025 03:35:20.320] [main/DEBUG] [mixin/]: Mixing inject.MixinEntityType from architectury-common.mixins.json into net.minecraft.world.entity.EntityType
[16Feb2025 03:35:20.334] [main/DEBUG] [mixin/]: Mixing EnchantmentMixin from quark.mixins.json into net.minecraft.world.item.enchantment.Enchantment
[16Feb2025 03:35:20.365] [main/DEBUG] [mixin/]: Mixing ai.poi.PoiTypesMixin from canary.mixins.json into net.minecraft.world.entity.ai.village.poi.PoiTypes
[16Feb2025 03:35:20.419] [main/DEBUG] [net.minecraftforge.coremod.transformer.CoreModBaseTransformer/COREMOD]: Transforming net/minecraft/world/level/levelgen/structure/Structure
[16Feb2025 03:35:20.569] [main/DEBUG] [net.minecraftforge.coremod.transformer.CoreModBaseTransformer/COREMOD]: Transforming net/minecraft/world/level/block/LiquidBlock
[16Feb2025 03:35:20.570] [main/DEBUG] [mixin/]: Mixing inject.MixinLiquidBlock from architectury-common.mixins.json into net.minecraft.world.level.block.LiquidBlock
[16Feb2025 03:35:20.581] [main/DEBUG] [mixin/]: Mixing SpongeBlockMixin from quark.mixins.json into net.minecraft.world.level.block.SpongeBlock
[16Feb2025 03:35:20.588] [main/DEBUG] [mixin/]: Mixing HalfTransparentBlockMixin from quark.mixins.json into net.minecraft.world.level.block.HalfTransparentBlock
[16Feb2025 03:35:20.604] [main/DEBUG] [mixin/]: Mixing PistonBaseBlockMixin from quark.mixins.json into net.minecraft.world.level.block.piston.PistonBaseBlock
[16Feb2025 03:35:20.613] [main/DEBUG] [mixin/]: Mixing alloc.enum_values.piston_block.PistonBaseBlockMixin from canary.mixins.json into net.minecraft.world.level.block.piston.PistonBaseBlock
[16Feb2025 03:35:20.708] [main/DEBUG] [mixin/]: Mixing accessor.FireBlockForgeAccessor from puzzleslib.forge.mixins.json into net.minecraft.world.level.block.FireBlock
[16Feb2025 03:35:20.719] [main/DEBUG] [net.minecraftforge.coremod.transformer.CoreModBaseTransformer/COREMOD]: Transforming net/minecraft/world/level/block/StairBlock
[16Feb2025 03:35:20.728] [main/DEBUG] [mixin/]: Mixing alloc.enum_values.redstone_wire.RedStoneWireBlockMixin from canary.mixins.json into net.minecraft.world.level.block.RedStoneWireBlock
[16Feb2025 03:35:20.729] [main/DEBUG] [mixin/]: Mixing block.redstone_wire.RedStoneWireBlockMixin from canary.mixins.json into net.minecraft.world.level.block.RedStoneWireBlock
[16Feb2025 03:35:20.777] [main/DEBUG] [mixin/]: Mixing LadderBlockMixin from quark.mixins.json into net.minecraft.world.level.block.LadderBlock
[16Feb2025 03:35:20.815] [main/DEBUG] [mixin/]: Mixing TrapDoorBlockMixin from quark.mixins.json into net.minecraft.world.level.block.TrapDoorBlock
[16Feb2025 03:35:20.822] [main/DEBUG] [mixin/]: Mixing IronBarsBlockMixin from quark.mixins.json into net.minecraft.world.level.block.IronBarsBlock
[16Feb2025 03:35:20.864] [main/DEBUG] [mixin/]: Mixing TripWireHookBlockMixin from quark.mixins.json into net.minecraft.world.level.block.TripWireHookBlock
[16Feb2025 03:35:20.879] [main/DEBUG] [mixin/]: Mixing WallBlockMixin from quark.mixins.json into net.minecraft.world.level.block.WallBlock
[16Feb2025 03:35:20.886] [main/DEBUG] [net.minecraftforge.coremod.transformer.CoreModBaseTransformer/COREMOD]: Transforming net/minecraft/world/level/block/FlowerPotBlock
[16Feb2025 03:35:20.909] [main/DEBUG] [mixin/]: Mixing util.inventory_comparator_tracking.ComparatorBlockMixin from canary.mixins.json into net.minecraft.world.level.block.ComparatorBlock
[16Feb2025 03:35:20.946] [main/DEBUG] [mixin/]: Mixing BaseCoralPlantTypeBlockMixin from quark.mixins.json into net.minecraft.world.level.block.BaseCoralPlantTypeBlock
[16Feb2025 03:35:20.959] [main/DEBUG] [mixin/]: Mixing swimming.BubbleColumnBlockMixin from expandability-common.mixins.json into net.minecraft.world.level.block.BubbleColumnBlock
[16Feb2025 03:35:20.980] [main/DEBUG] [mixin/]: Mixing StoneCutterMixin from handcrafted-common.mixins.json into net.minecraft.world.level.block.StonecutterBlock
[16Feb2025 03:35:20.984] [main/DEBUG] [mixin/]: Mixing LanternBlockMixin from quark.mixins.json into net.minecraft.world.level.block.LanternBlock
[16Feb2025 03:35:21.009] [main/DEBUG] [mixin/]: Mixing MixinPowderSnowBlock from curios.mixins.json into net.minecraft.world.level.block.PowderSnowBlock
[16Feb2025 03:35:21.023] [main/DEBUG] [mixin/]: Mixing WeatheringCopperMixin from quark.mixins.json into net.minecraft.world.level.block.WeatheringCopper
[16Feb2025 03:35:21.051] [main/DEBUG] [mixin/]: Mixing math.fast_blockpos.DirectionMixin from canary.mixins.json into net.minecraft.core.Direction
[16Feb2025 03:35:21.055] [main/DEBUG] [mixin/]: Mixing math.fast_util.DirectionMixin from canary.mixins.json into net.minecraft.core.Direction
[16Feb2025 03:35:21.104] [main/DEBUG] [mixin/]: Mixing VoxelShapeAccessor from creativecore.mixins.json into net.minecraft.world.phys.shapes.VoxelShape
[16Feb2025 03:35:21.105] [main/DEBUG] [mixin/]: Mixing block.moving_block_shapes.VoxelShapeMixin from canary.mixins.json into net.minecraft.world.phys.shapes.VoxelShape
[16Feb2025 03:35:21.112] [main/DEBUG] [mixin/]: Mixing shapes.specialized_shapes.VoxelShapeMixin from canary.mixins.json into net.minecraft.world.phys.shapes.VoxelShape
[16Feb2025 03:35:21.133] [main/DEBUG] [mixin/]: Mixing VoxelShapeAccess from ferritecore.blockstatecache.mixin.json into net.minecraft.world.phys.shapes.VoxelShape
[16Feb2025 03:35:21.158] [main/DEBUG] [mixin/]: Unexpected: Registered method setShape(Lnet/minecraft/world/phys/shapes/DiscreteVoxelShape;)V in net.minecraft.world.phys.shapes.VoxelShape was not merged
[16Feb2025 03:35:21.339] [main/DEBUG] [mixin/]: Mixing ShapesMixin from creativecore.mixins.json into net.minecraft.world.phys.shapes.Shapes
[16Feb2025 03:35:21.370] [main/DEBUG] [mixin/]: Mixing shapes.optimized_matching.ShapesMixin from canary.mixins.json into net.minecraft.world.phys.shapes.Shapes
[16Feb2025 03:35:21.371] [main/DEBUG] [mixin/]: Mixing shapes.shape_merging.ShapesMixin from canary.mixins.json into net.minecraft.world.phys.shapes.Shapes
[16Feb2025 03:35:21.373] [main/DEBUG] [mixin/]: Mixing shapes.specialized_shapes.ShapesMixin from canary.mixins.json into net.minecraft.world.phys.shapes.Shapes
[16Feb2025 03:35:21.409] [main/DEBUG] [mixin/]: Mixing DiscreteVSAccess from ferritecore.blockstatecache.mixin.json into net.minecraft.world.phys.shapes.DiscreteVoxelShape
[16Feb2025 03:35:21.412] [main/DEBUG] [mixin/]: Mixing BitSetDVSAccess from ferritecore.blockstatecache.mixin.json into net.minecraft.world.phys.shapes.BitSetDiscreteVoxelShape
[16Feb2025 03:35:21.415] [main/DEBUG] [mixin/]: Mixing ArrayVSAccess from ferritecore.blockstatecache.mixin.json into net.minecraft.world.phys.shapes.ArrayVoxelShape
[16Feb2025 03:35:21.419] [main/DEBUG] [mixin/]: Mixing shapes.precompute_shape_arrays.CubeVoxelShapeMixin from canary.mixins.json into net.minecraft.world.phys.shapes.CubeVoxelShape
[16Feb2025 03:35:21.426] [main/DEBUG] [mixin/]: Mixing SliceShapeAccess from ferritecore.blockstatecache.mixin.json into net.minecraft.world.phys.shapes.SliceShape
[16Feb2025 03:35:21.431] [main/DEBUG] [mixin/]: Mixing shapes.precompute_shape_arrays.CubePointRangeMixin from canary.mixins.json into net.minecraft.world.phys.shapes.CubePointRange
[16Feb2025 03:35:21.452] [main/DEBUG] [mixin/]: Mixing block.flatten_states.FluidStateMixin from canary.mixins.json into net.minecraft.world.level.material.FluidState
[16Feb2025 03:35:21.514] [main/DEBUG] [mixin/]: Mixing util.inventory_change_listening.BlockEntityMixin from canary.mixins.json into net.minecraft.world.level.block.entity.BlockEntity
[16Feb2025 03:35:21.515] [main/DEBUG] [mixin/]: Mixing util.inventory_comparator_tracking.BlockEntityMixin from canary.mixins.json into net.minecraft.world.level.block.entity.BlockEntity
[16Feb2025 03:35:21.526] [main/DEBUG] [mixin/]: Mixing util.inventory_change_listening.StackListReplacementTracking$InventoryChangeTrackingDispenserBlockEntity from canary.mixins.json into net.minecraft.world.level.block.entity.DispenserBlockEntity
[16Feb2025 03:35:21.531] [main/DEBUG] [mixin/]: Mixing util.inventory_change_listening.RandomizableContainerBlockEntityMixin from canary.mixins.json into net.minecraft.world.level.block.entity.RandomizableContainerBlockEntity
[16Feb2025 03:35:21.545] [main/DEBUG] [mixin/]: Mixing util.inventory_change_listening.StackListReplacementTracking$StackListReplacementTrackingBaseContainerBlockEntity from canary.mixins.json into net.minecraft.world.level.block.entity.BaseContainerBlockEntity
[16Feb2025 03:35:21.570] [main/DEBUG] [mixin/]: Mixing math.fast_util.AxisCycleDirectionMixin$ForwardMixin from canary.mixins.json into net.minecraft.core.AxisCycle$2
[16Feb2025 03:35:21.573] [main/DEBUG] [mixin/]: Mixing math.fast_util.AxisCycleDirectionMixin$BackwardMixin from canary.mixins.json into net.minecraft.core.AxisCycle$3
[16Feb2025 03:35:21.593] [main/DEBUG] [mixin/]: Mixing accessor.AccessorPistonStructureResolver from quark.mixins.json into net.minecraft.world.level.block.piston.PistonStructureResolver
[16Feb2025 03:35:21.593] [main/DEBUG] [mixin/]: Mixing alloc.enum_values.piston_structure.PistonStructureResolverMixin from canary.mixins.json into net.minecraft.world.level.block.piston.PistonStructureResolver
[16Feb2025 03:35:21.612] [main/DEBUG] [mixin/]: Mixing PistonMovingBlockEntityMixin from quark.mixins.json into net.minecraft.world.level.block.piston.PistonMovingBlockEntity
[16Feb2025 03:35:21.613] [main/DEBUG] [mixin/]: Mixing block.moving_block_shapes.PistonMovingBlockEntityMixin from canary.mixins.json into net.minecraft.world.level.block.piston.PistonMovingBlockEntity
[16Feb2025 03:35:21.708] [main/DEBUG] [mixin/]: Mixing SpawnerBlockEntityMixin from quark.mixins.json into net.minecraft.world.level.block.entity.SpawnerBlockEntity
[16Feb2025 03:35:21.726] [main/DEBUG] [mixin/]: Mixing util.inventory_change_listening.ChestBlockEntityMixin from canary.mixins.json into net.minecraft.world.level.block.entity.ChestBlockEntity
[16Feb2025 03:35:21.727] [main/DEBUG] [mixin/]: Mixing util.inventory_change_listening.StackListReplacementTracking$InventoryChangeTrackingChestBlockEntity from canary.mixins.json into net.minecraft.world.level.block.entity.ChestBlockEntity
[16Feb2025 03:35:21.759] [main/DEBUG] [mixin/]: Mixing ContainerMenuMixin from mixins.deeperdarker.json into net.minecraft.world.inventory.CraftingMenu
[16Feb2025 03:35:21.767] [main/DEBUG] [mixin/]: Mixing world.block_entity_ticking.sleeping.furnace.AbstractFurnaceBlockEntityMixin from canary.mixins.json into net.minecraft.world.level.block.entity.AbstractFurnaceBlockEntity
[16Feb2025 03:35:21.788] [main/DEBUG] [mixin/]: Mixing math.fast_util.AABBMixin from canary.mixins.json into net.minecraft.world.phys.AABB
[16Feb2025 03:35:21.814] [main/DEBUG] [mixin/]: Mixing entity.inactive_navigations.MobMixin from canary.mixins.json into net.minecraft.world.entity.Mob
[16Feb2025 03:35:21.815] [main/DEBUG] [mixin/]: Mixing entity.skip_equipment_change_check.MobMixin from canary.mixins.json into net.minecraft.world.entity.Mob
[16Feb2025 03:35:21.862] [main/DEBUG] [mixin/]: Mixing ContainerMenuMixin from mixins.deeperdarker.json into net.minecraft.world.inventory.EnchantmentMenu
[16Feb2025 03:35:21.867] [main/DEBUG] [mixin/]: Mixing world.block_entity_ticking.sleeping.brewing_stand.BrewingStandBlockEntityMixin from canary.mixins.json into net.minecraft.world.level.block.entity.BrewingStandBlockEntity
[16Feb2025 03:35:21.877] [main/DEBUG] [net.minecraftforge.coremod.transformer.CoreModBaseTransformer/COREMOD]: Transforming net/minecraft/world/item/ItemStack
[16Feb2025 03:35:21.877] [main/DEBUG] [mixin/]: Mixing ItemStackMixin from uniquedungeons.mixin.json into net.minecraft.world.item.ItemStack
[16Feb2025 03:35:21.885] [main/DEBUG] [mixin/]: Mixing ItemStackMixin from quark.mixins.json into net.minecraft.world.item.ItemStack
[16Feb2025 03:35:21.895] [main/DEBUG] [mixin/]: Mixing item.ItemStackMixin from canary.mixins.json into net.minecraft.world.item.ItemStack
[16Feb2025 03:35:21.895] [main/DEBUG] [mixin/]: Mixing util.item_stack_tracking.ItemStackMixin from canary.mixins.json into net.minecraft.world.item.ItemStack
[16Feb2025 03:35:21.928] [main/DEBUG] [mixin/]: Mixing ContainerMenuMixin from mixins.deeperdarker.json into net.minecraft.world.inventory.ChestMenu
[16Feb2025 03:35:21.935] [main/DEBUG] [mixin/]: Mixing BeaconBlockEntityMixin from quark.mixins.json into net.minecraft.world.level.block.entity.BeaconBlockEntity
[16Feb2025 03:35:21.977] [main/DEBUG] [mixin/]: Mixing AnvilMenuMixin from quark.mixins.json into net.minecraft.world.inventory.AnvilMenu
[16Feb2025 03:35:21.981] [main/DEBUG] [mixin/]: Mixing ContainerMenuMixin from mixins.deeperdarker.json into net.minecraft.world.inventory.ItemCombinerMenu
[16Feb2025 03:35:21.989] [main/DEBUG] [mixin/]: Mixing entity.hopper_minecart.HopperBlockEntityMixin from canary.mixins.json into net.minecraft.world.level.block.entity.HopperBlockEntity
[16Feb2025 03:35:21.991] [main/DEBUG] [mixin/]: Mixing util.inventory_change_listening.StackListReplacementTracking$InventoryChangeTrackingHopperBlockEntity from canary.mixins.json into net.minecraft.world.level.block.entity.HopperBlockEntity
[16Feb2025 03:35:21.992] [main/DEBUG] [mixin/]: Mixing world.block_entity_ticking.sleeping.hopper.HopperBlockEntityMixin from canary.mixins.json into net.minecraft.world.level.block.entity.HopperBlockEntity
[16Feb2025 03:35:22.063] [main/DEBUG] [mixin/]: Mixing util.inventory_change_listening.StackListReplacementTracking$InventoryChangeTrackingShulkerBoxBlockEntity from canary.mixins.json into net.minecraft.world.level.block.entity.ShulkerBoxBlockEntity
[16Feb2025 03:35:22.063] [main/DEBUG] [mixin/]: Mixing world.block_entity_ticking.sleeping.shulker_box.ShulkerBoxBlockEntityMixin from canary.mixins.json into net.minecraft.world.level.block.entity.ShulkerBoxBlockEntity
[16Feb2025 03:35:22.073] [main/DEBUG] [mixin/]: Mixing AnimalMixin from quark.mixins.json into net.minecraft.world.entity.animal.Animal
[16Feb2025 03:35:22.323] [main/DEBUG] [mixin/]: Mixing LoomMenuMixin from quark.mixins.json into net.minecraft.world.inventory.LoomMenu
[16Feb2025 03:35:22.324] [main/DEBUG] [mixin/]: Mixing ContainerMenuMixin from mixins.deeperdarker.json into net.minecraft.world.inventory.LoomMenu
[16Feb2025 03:35:22.327] [main/DEBUG] [mixin/]: Mixing util.inventory_change_listening.StackListReplacementTracking$InventoryChangeTrackingBarrelBlockEntity from canary.mixins.json into net.minecraft.world.level.block.entity.BarrelBlockEntity
[16Feb2025 03:35:22.331] [main/DEBUG] [mixin/]: Mixing ContainerMenuMixin from mixins.deeperdarker.json into net.minecraft.world.inventory.CartographyTableMenu
[16Feb2025 03:35:22.333] [main/DEBUG] [mixin/]: Mixing ContainerMenuMixin from mixins.deeperdarker.json into net.minecraft.world.inventory.GrindstoneMenu
[16Feb2025 03:35:22.341] [main/DEBUG] [mixin/]: Mixing SmithingMenuMixin from citadel.mixins.json into net.minecraft.world.inventory.SmithingMenu
[16Feb2025 03:35:22.345] [main/DEBUG] [mixin/]: Mixing ContainerMenuMixin from mixins.deeperdarker.json into net.minecraft.world.inventory.StonecutterMenu
[16Feb2025 03:35:22.351] [main/DEBUG] [mixin/]: Mixing world.block_entity_ticking.sleeping.campfire.CampfireBlockEntityMixin from canary.mixins.json into net.minecraft.world.level.block.entity.CampfireBlockEntity
[16Feb2025 03:35:22.371] [main/DEBUG] [mixin/]: Mixing BeehiveBlockEntityMixin from quark.mixins.json into net.minecraft.world.level.block.entity.BeehiveBlockEntity
[16Feb2025 03:35:22.477] [main/DEBUG] [mixin/]: Mixing MixinLightningBolt from architectury-common.mixins.json into net.minecraft.world.entity.LightningBolt
[16Feb2025 03:35:22.587] [main/DEBUG] [mixin/]: Mixing SpringFeatureMixin from quark.mixins.json into net.minecraft.world.level.levelgen.feature.SpringFeature
[16Feb2025 03:35:22.592] [main/DEBUG] [mixin/]: Mixing HugeRedMushroomFeatureMixin from quark.mixins.json into net.minecraft.world.level.levelgen.feature.HugeRedMushroomFeature
[16Feb2025 03:35:22.596] [main/DEBUG] [mixin/]: Mixing HugeBrownMushroomFeatureMixin from quark.mixins.json into net.minecraft.world.level.levelgen.feature.HugeBrownMushroomFeature
[16Feb2025 03:35:22.605] [main/DEBUG] [mixin/]: Mixing NoLakesInStructuresMixin from iceandfire.mixins.json into net.minecraft.world.level.levelgen.feature.LakeFeature
[16Feb2025 03:35:22.654] [main/DEBUG] [mixin/]: Mixing world.combined_heightmap_update.HeightmapAccessor from canary.mixins.json into net.minecraft.world.level.levelgen.Heightmap
[16Feb2025 03:35:22.662] [main/DEBUG] [mixin/]: Mixing alloc.nbt.CompoundTagMixin from canary.mixins.json into net.minecraft.nbt.CompoundTag
[16Feb2025 03:35:22.673] [main/DEBUG] [mixin/]: Mixing alloc.nbt.CompoundTagMixin$Type from canary.mixins.json into net.minecraft.nbt.CompoundTag$1
[16Feb2025 03:35:22.718] [main/DEBUG] [mixin/]: Mixing entity.inactive_navigations.PathNavigationMixin from canary.mixins.json into net.minecraft.world.entity.ai.navigation.PathNavigation
[16Feb2025 03:35:22.723] [main/DEBUG] [mixin/]: Mixing entity.replace_entitytype_predicates.HangingEntityMixin from canary.mixins.json into net.minecraft.world.entity.decoration.HangingEntity
[16Feb2025 03:35:22.724] [main/DEBUG] [mixin/]: Renaming synthetic method lambda$getAbstractDecorationEntities$0(Lnet/minecraft/world/entity/Entity;Lnet/minecraft/world/entity/decoration/HangingEntity;)Z to mdd1c143$lambda$getAbstractDecorationEntities$0$0 in canary.mixins.json:entity.replace_entitytype_predicates.HangingEntityMixin
[16Feb2025 03:35:23.190] [main/INFO] [net.minecraft.util.datafix.DataFixers/]: Building unoptimized datafixer
[16Feb2025 03:35:23.202] [main/DEBUG] [mixin/]: Mixing entity.replace_entitytype_predicates.ArmorStandMixin from canary.mixins.json into net.minecraft.world.entity.decoration.ArmorStand
[16Feb2025 03:35:23.203] [main/DEBUG] [mixin/]: Renaming synthetic method lambda$getMinecartsDirectly$0(Lnet/minecraft/world/entity/Entity;Lnet/minecraft/world/entity/Entity;)Z to mdd1c143$lambda$getMinecartsDirectly$0$0 in canary.mixins.json:entity.replace_entitytype_predicates.ArmorStandMixin
[16Feb2025 03:35:23.203] [main/DEBUG] [mixin/]: Mixing entity.skip_equipment_change_check.ArmorStandMixin from canary.mixins.json into net.minecraft.world.entity.decoration.ArmorStand
[16Feb2025 03:35:23.212] [main/DEBUG] [mixin/]: Mixing AbstractArrowMixin from uniquedungeons.mixin.json into net.minecraft.world.entity.projectile.AbstractArrow
[16Feb2025 03:35:23.214] [main/DEBUG] [mixin/]: Mixing accessor.AccessorAbstractArrow from quark.mixins.json into net.minecraft.world.entity.projectile.AbstractArrow
[16Feb2025 03:35:23.224] [main/DEBUG] [mixin/]: Mixing ExperienceOrbMixin from quark.mixins.json into net.minecraft.world.entity.ExperienceOrb
[16Feb2025 03:35:23.239] [main/DEBUG] [mixin/]: Mixing TemptGoalMixin from quark.mixins.json into net.minecraft.world.entity.ai.goal.TemptGoal
[16Feb2025 03:35:23.255] [main/DEBUG] [mixin/]: Mixing BoatMixin from quark.mixins.json into net.minecraft.world.entity.vehicle.Boat
[16Feb2025 03:35:23.255] [main/DEBUG] [mixin/]: Mixing entity.collisions.unpushable_cramming.BoatMixin from canary.mixins.json into net.minecraft.world.entity.vehicle.Boat
[16Feb2025 03:35:23.295] [main/DEBUG] [mixin/]: Mixing accessor.AccessorAbstractChestedHorse from quark.mixins.json into net.minecraft.world.entity.animal.horse.AbstractChestedHorse
[16Feb2025 03:35:23.309] [main/DEBUG] [mixin/]: Mixing entity.inactive_navigations.DrownedMixin from canary.mixins.json into net.minecraft.world.entity.monster.Drowned
[16Feb2025 03:35:23.325] [main/DEBUG] [mixin/]: Mixing entity.inactive_navigations.DrownedGoToBeachGoalMixin from canary.mixins.json into net.minecraft.world.entity.monster.Drowned$DrownedGoToBeachGoal
[16Feb2025 03:35:23.346] [main/DEBUG] [mixin/]: Mixing ai.raid.RaiderMixin from canary.mixins.json into net.minecraft.world.entity.raid.Raider
[16Feb2025 03:35:23.347] [main/DEBUG] [mixin/]: Renaming synthetic method lambda$static$0(Lnet/minecraft/world/entity/item/ItemEntity;)Z to mdd1c143$lambda$static$0$0 in canary.mixins.json:ai.raid.RaiderMixin
[16Feb2025 03:35:23.353] [main/DEBUG] [mixin/]: Mixing ai.raid.ObtainRaidLeaderBannerGoalMixin from canary.mixins.json into net.minecraft.world.entity.raid.Raider$ObtainRaidLeaderBannerGoal
[16Feb2025 03:35:23.355] [main/DEBUG] [mixin/]: Mixing ai.poi.tasks.RaiderMoveThroughVillageGoalMixin from canary.mixins.json into net.minecraft.world.entity.raid.Raider$RaiderMoveThroughVillageGoal
[16Feb2025 03:35:23.366] [main/DEBUG] [mixin/]: Mixing FallingBlockEntityMixin from quark.mixins.json into net.minecraft.world.entity.item.FallingBlockEntity
[16Feb2025 03:35:23.367] [main/DEBUG] [mixin/]: Mixing MixinFallingBlockEntity from architectury.mixins.json into net.minecraft.world.entity.item.FallingBlockEntity
[16Feb2025 03:35:23.402] [main/DEBUG] [mixin/]: Mixing entity.replace_entitytype_predicates.ItemFrameMixin from canary.mixins.json into net.minecraft.world.entity.decoration.ItemFrame
[16Feb2025 03:35:23.402] [main/DEBUG] [mixin/]: Renaming synthetic method lambda$getAbstractDecorationEntities$0(Lnet/minecraft/world/entity/Entity;Lnet/minecraft/world/entity/decoration/HangingEntity;)Z to mdd1c143$lambda$getAbstractDecorationEntities$0$0 in canary.mixins.json:entity.replace_entitytype_predicates.ItemFrameMixin
[16Feb2025 03:35:23.424] [main/DEBUG] [mixin/]: Mixing entity.replace_entitytype_predicates.GolemRandomStrollInVillageGoalMixin from canary.mixins.json into net.minecraft.world.entity.ai.goal.GolemRandomStrollInVillageGoal
[16Feb2025 03:35:23.435] [main/DEBUG] [mixin/]: Mixing entity.replace_entitytype_predicates.LlamaFollowCaravanGoalMixin from canary.mixins.json into net.minecraft.world.entity.ai.goal.LlamaFollowCaravanGoal
[16Feb2025 03:35:23.435] [main/DEBUG] [mixin/]: Renaming synthetic method lambda$getLlamasForCaravan$0(Lnet/minecraft/world/entity/Entity;Lnet/minecraft/world/entity/animal/horse/Llama;)Z to mdd1c143$lambda$getLlamasForCaravan$0$0 in canary.mixins.json:entity.replace_entitytype_predicates.LlamaFollowCaravanGoalMixin
[16Feb2025 03:35:23.442] [main/DEBUG] [mixin/]: Mixing SlimeMixin from quark.mixins.json into net.minecraft.world.entity.monster.Slime
[16Feb2025 03:35:23.451] [main/DEBUG] [mixin/]: Mixing entity.collisions.unpushable_cramming.AbstractMinecartMixin from canary.mixins.json into net.minecraft.world.entity.vehicle.AbstractMinecart
[16Feb2025 03:35:23.451] [main/DEBUG] [mixin/]: Mixing entity.replace_entitytype_predicates.AbstractMinecartMixin from canary.mixins.json into net.minecraft.world.entity.vehicle.AbstractMinecart
[16Feb2025 03:35:23.451] [main/DEBUG] [mixin/]: Renaming synthetic method lambda$getOtherAbstractMinecarts$0(Lnet/minecraft/world/entity/Entity;Lnet/minecraft/world/entity/vehicle/AbstractMinecart;)Z to mdd1c143$lambda$getOtherAbstractMinecarts$0$0 in canary.mixins.json:entity.replace_entitytype_predicates.AbstractMinecartMixin
[16Feb2025 03:35:23.469] [main/DEBUG] [mixin/]: Mixing ContainerMenuMixin from mixins.deeperdarker.json into net.minecraft.world.inventory.HopperMenu
[16Feb2025 03:35:23.479] [main/DEBUG] [mixin/]: Mixing PaintingInvoker from handcrafted-common.mixins.json into net.minecraft.world.entity.decoration.Painting
[16Feb2025 03:35:23.494] [main/DEBUG] [mixin/]: Mixing PhantomMixin from mixins.deeperdarker.json into net.minecraft.world.entity.monster.Phantom
[16Feb2025 03:35:23.503] [main/DEBUG] [mixin/]: Mixing PigMixin from quark.mixins.json into net.minecraft.world.entity.animal.Pig
[16Feb2025 03:35:23.575] [main/DEBUG] [mixin/]: Mixing entity.data_tracker.use_arrays.SynchedEntityDataMixin from canary.mixins.json into net.minecraft.network.syncher.SynchedEntityData
[16Feb2025 03:35:23.584] [main/DEBUG] [mixin/]: Mixing entity.data_tracker.no_locks.SynchedEntityDataMixin from canary.mixins.json into net.minecraft.network.syncher.SynchedEntityData
[16Feb2025 03:35:23.598] [main/DEBUG] [net.minecraftforge.coremod.transformer.CoreModBaseTransformer/COREMOD]: Transforming net/minecraft/server/level/ServerPlayer
[16Feb2025 03:35:23.599] [main/DEBUG] [net.minecraftforge.coremod.transformer.CoreModBaseTransformer/COREMOD]: Transforming net/minecraft/server/level/ServerPlayer
[16Feb2025 03:35:23.600] [main/DEBUG] [mixin/]: Mixing ServerPlayerMixin from uniquedungeons.mixin.json into net.minecraft.server.level.ServerPlayer
[16Feb2025 03:35:23.600] [main/DEBUG] [mixin/]: Mixing camera.ServerPlayerMixin from securitycraft.mixins.json into net.minecraft.server.level.ServerPlayer
[16Feb2025 03:35:23.616] [main/DEBUG] [mixin/]: Mixing ai.sensor.secondary_poi.SecondaryPoiSensorMixin from canary.mixins.json into net.minecraft.world.entity.ai.sensing.SecondaryPoiSensor
[16Feb2025 03:35:23.629] [main/DEBUG] [mixin/]: Mixing WardenMixin from mixins.deeperdarker.json into net.minecraft.world.entity.monster.warden.Warden
[16Feb2025 03:35:23.636] [main/DEBUG] [mixin/]: Mixing util.world_border_listener.WorldBorderMixin from canary.mixins.json into net.minecraft.world.level.border.WorldBorder
[16Feb2025 03:35:23.644] [main/DEBUG] [mixin/]: Mixing ChunkAccessMixin from antixray.mixins.json into net.minecraft.world.level.chunk.ChunkAccess
[16Feb2025 03:35:23.644] [main/DEBUG] [mixin/]: antixray.mixins.json:ChunkAccessMixin: Class version 61 required is higher than the class version supported by the current version of Mixin (JAVA_16 supports class version 60)
[16Feb2025 03:35:23.649] [main/DEBUG] [net.minecraftforge.coremod.transformer.CoreModBaseTransformer/COREMOD]: Transforming net/minecraft/world/level/chunk/LevelChunk
[16Feb2025 03:35:23.649] [main/DEBUG] [net.minecraftforge.coremod.transformer.CoreModBaseTransformer/COREMOD]: Transforming net/minecraft/world/level/chunk/LevelChunk
[16Feb2025 03:35:23.650] [main/DEBUG] [mixin/]: Mixing world.inline_block_access.LevelChunkMixin from canary.mixins.json into net.minecraft.world.level.chunk.LevelChunk
[16Feb2025 03:35:23.650] [main/DEBUG] [mixin/]: Mixing world.block_entity_ticking.sleeping.LevelChunkMixin from canary.mixins.json into net.minecraft.world.level.chunk.LevelChunk
[16Feb2025 03:35:23.651] [main/DEBUG] [mixin/]: Mixing world.combined_heightmap_update.LevelChunkMixin from canary.mixins.json into net.minecraft.world.level.chunk.LevelChunk
[16Feb2025 03:35:23.652] [main/DEBUG] [mixin/]: Mixing world.inline_height.LevelChunkMixin from canary.mixins.json into net.minecraft.world.level.chunk.LevelChunk
[16Feb2025 03:35:23.686] [main/DEBUG] [mixin/]: Mixing VillagerMixin from quark.mixins.json into net.minecraft.world.entity.npc.Villager
[16Feb2025 03:35:23.687] [main/DEBUG] [mixin/]: Mixing item.villagerhat.VillagerMixin from mixins.artifacts.json into net.minecraft.world.entity.npc.Villager
[16Feb2025 03:35:23.687] [main/DEBUG] [mixin/]: mixins.artifacts.json:item.villagerhat.VillagerMixin: Class version 61 required is higher than the class version supported by the current version of Mixin (JAVA_8 supports class version 52)
[16Feb2025 03:35:23.698] [main/DEBUG] [mixin/]: Mixing AbstractVillagerMixin from quark.mixins.json into net.minecraft.world.entity.npc.AbstractVillager
[16Feb2025 03:35:23.699] [main/DEBUG] [mixin/]: Mixing item.villagerhat.AbstractVillagerMixin from mixins.artifacts.json into net.minecraft.world.entity.npc.AbstractVillager
[16Feb2025 03:35:23.699] [main/DEBUG] [mixin/]: mixins.artifacts.json:item.villagerhat.AbstractVillagerMixin: Class version 61 required is higher than the class version supported by the current version of Mixin (JAVA_8 supports class version 52)
[16Feb2025 03:35:23.707] [main/DEBUG] [mixin/]: Mixing MerchantMenuMixin from quark.mixins.json into net.minecraft.world.inventory.MerchantMenu
[16Feb2025 03:35:23.729] [main/DEBUG] [mixin/]: Mixing ai.task.memory_change_counting.BehaviorMixin from canary.mixins.json into net.minecraft.world.entity.ai.behavior.Behavior
[16Feb2025 03:35:23.843] [main/DEBUG] [mixin/]: Mixing collections.mob_spawning.WeightedRandomListMixin from canary.mixins.json into net.minecraft.util.random.WeightedRandomList
[16Feb2025 03:35:23.870] [main/DEBUG] [mixin/]: Mixing alloc.chunk_ticking.ServerChunkCacheMixin from canary.mixins.json into net.minecraft.server.level.ServerChunkCache
[16Feb2025 03:35:23.871] [main/DEBUG] [mixin/]: Mixing chunk.replace_streams.servercore_compat.ServerChunkCacheMixin from canary.mixins.json into net.minecraft.server.level.ServerChunkCache
[16Feb2025 03:35:23.871] [main/DEBUG] [mixin/]: Mixing world.chunk_access.ServerChunkCacheMixin from canary.mixins.json into net.minecraft.server.level.ServerChunkCache
[16Feb2025 03:35:23.871] [main/DEBUG] [mixin/]: Renaming synthetic method lambda$getChunkOffThread$0(IILnet/minecraft/world/level/chunk/ChunkStatus;Z)Lnet/minecraft/world/level/chunk/ChunkAccess; to mdd1c143$lambda$getChunkOffThread$0$0 in canary.mixins.json:world.chunk_access.ServerChunkCacheMixin
[16Feb2025 03:35:23.884] [main/DEBUG] [mixin/]: Mixing MixinLevelEvent from architectury.mixins.json into net.minecraftforge.event.level.LevelEvent
[16Feb2025 03:35:23.962] [main/DEBUG] [mixin/]: Mixing collections.mob_spawning.MobSpawnSettingsMixin from canary.mixins.json into net.minecraft.world.level.biome.MobSpawnSettings
[16Feb2025 03:35:23.987] [main/DEBUG] [mixin/]: Mixing StructurePieceMixin from quark.mixins.json into net.minecraft.world.level.levelgen.structure.StructurePiece
[16Feb2025 03:35:24.006] [main/DEBUG] [mixin/]: Mixing accessor.MobSpawnSettingsBuilderForgeAccessor from puzzleslib.forge.mixins.json into net.minecraft.world.level.biome.MobSpawnSettings$Builder
[16Feb2025 03:35:24.055] [main/DEBUG] [net.minecraftforge.coremod.transformer.CoreModBaseTransformer/COREMOD]: Transforming net/minecraft/world/level/biome/Biome
[16Feb2025 03:35:24.055] [main/DEBUG] [mixin/]: Mixing world.chunk_ticking.spread_ice.BiomeMixin from canary.mixins.json into net.minecraft.world.level.biome.Biome
[16Feb2025 03:35:24.061] [main/DEBUG] [mixin/]: Mixing accessor.BiomeSpecialEffectsBuilderForgeAccessor from puzzleslib.forge.mixins.json into net.minecraft.world.level.biome.BiomeSpecialEffects$Builder
[16Feb2025 03:35:24.166] [main/DEBUG] [mixin/]: Mixing ClimateParameterPointMixin from quark.mixins.json into net.minecraft.world.level.biome.Climate$ParameterPoint
[16Feb2025 03:35:24.201] [main/DEBUG] [mixin/]: Mixing OverworldBiomeBuilderMixin from quark.mixins.json into net.minecraft.world.level.biome.OverworldBiomeBuilder
[16Feb2025 03:35:24.208] [main/DEBUG] [mixin/]: Mixing BiomeSourceMixin from citadel.mixins.json into net.minecraft.world.level.biome.BiomeSource
[16Feb2025 03:35:24.213] [main/DEBUG] [mixin/]: Mixing MultiNoiseBiomeSourceMixin from citadel.mixins.json into net.minecraft.world.level.biome.MultiNoiseBiomeSource
[16Feb2025 03:35:24.220] [main/DEBUG] [mixin/]: Mixing ChunkGeneratorMixin from citadel.mixins.json into net.minecraft.world.level.chunk.ChunkGenerator
[16Feb2025 03:35:24.227] [main/DEBUG] [mixin/]: Mixing NoiseBasedChunkGeneratorMixin from citadel.mixins.json into net.minecraft.world.level.levelgen.NoiseBasedChunkGenerator
[16Feb2025 03:35:24.229] [main/DEBUG] [mixin/]: Mixing gen.cached_generator_settings.NoiseBasedChunkGeneratorMixin from canary.mixins.json into net.minecraft.world.level.levelgen.NoiseBasedChunkGenerator
[16Feb2025 03:35:24.273] [main/INFO] [quark/]: TerraBlender not found, using injection method
[16Feb2025 03:35:24.413] [main/DEBUG] [mixin/]: Mixing ItemsMixin from quark.mixins.json into net.minecraft.world.item.Items
[16Feb2025 03:35:24.423] [main/DEBUG] [mixin/]: Mixing BlockItemMixin from quark.mixins.json into net.minecraft.world.item.BlockItem
[16Feb2025 03:35:24.431] [main/DEBUG] [mixin/]: Mixing ElytraItemMixin from quark.mixins.json into net.minecraft.world.item.ElytraItem
[16Feb2025 03:35:24.439] [main/DEBUG] [mixin/]: Mixing DiggerItemMixin from quark.mixins.json into net.minecraft.world.item.DiggerItem
[16Feb2025 03:35:24.445] [main/DEBUG] [net.minecraftforge.coremod.transformer.CoreModBaseTransformer/COREMOD]: Transforming net/minecraft/world/item/BucketItem
[16Feb2025 03:35:24.446] [main/DEBUG] [mixin/]: Mixing inject.MixinBucketItem from architectury-common.mixins.json into net.minecraft.world.item.BucketItem
[16Feb2025 03:35:24.456] [main/DEBUG] [mixin/]: Mixing MixinShearsItem from curios.mixins.json into net.minecraft.world.item.ShearsItem
[16Feb2025 03:35:24.466] [main/DEBUG] [mixin/]: Mixing EnchantedBookItemMixin from quark.mixins.json into net.minecraft.world.item.EnchantedBookItem
[16Feb2025 03:35:24.475] [main/DEBUG] [mixin/]: Mixing CrossbowMultishotMixin from quark.mixins.json into net.minecraft.world.item.CrossbowItem
[16Feb2025 03:35:24.509] [main/DEBUG] [mixin/]: Mixing entity.collisions.unpushable_cramming.EntitySelectorMixin from canary.mixins.json into net.minecraft.world.entity.EntitySelector
[16Feb2025 03:35:24.517] [main/DEBUG] [mixin/]: Mixing inject.MixinFoodPropertiesBuilder from architectury-common.mixins.json into net.minecraft.world.food.FoodProperties$Builder
[16Feb2025 03:35:24.519] [main/DEBUG] [net.minecraftforge.coremod.transformer.CoreModBaseTransformer/COREMOD]: Transforming net/minecraft/world/effect/MobEffectInstance
[16Feb2025 03:35:24.553] [main/DEBUG] [mixin/]: Mixing DamageEnchantmentMixin from quark.mixins.json into net.minecraft.world.item.enchantment.DamageEnchantment
[16Feb2025 03:35:24.557] [main/DEBUG] [mixin/]: Mixing DigDurabilityEnchantmentMixin from mixins.artifacts.json into net.minecraft.world.item.enchantment.DigDurabilityEnchantment
[16Feb2025 03:35:24.557] [main/DEBUG] [mixin/]: mixins.artifacts.json:DigDurabilityEnchantmentMixin: Class version 61 required is higher than the class version supported by the current version of Mixin (JAVA_8 supports class version 52)
[16Feb2025 03:35:24.562] [main/DEBUG] [mixin/]: Mixing ArrowPiercingEnchantmentMixin from quark.mixins.json into net.minecraft.world.item.enchantment.ArrowPiercingEnchantment
[16Feb2025 03:35:24.569] [main/DEBUG] [mixin/]: Mixing ContainerMenuMixin from mixins.deeperdarker.json into net.minecraft.world.inventory.AbstractFurnaceMenu
[16Feb2025 03:35:24.576] [main/DEBUG] [mixin/]: Mixing ContainerMenuMixin from mixins.deeperdarker.json into net.minecraft.world.inventory.DispenserMenu
[16Feb2025 03:35:24.580] [main/DEBUG] [mixin/]: Mixing potion.BrewingStandMenuMixin from securitycraft.mixins.json into net.minecraft.world.inventory.BrewingStandMenu
[16Feb2025 03:35:24.580] [main/DEBUG] [mixin/]: Mixing ContainerMenuMixin from mixins.deeperdarker.json into net.minecraft.world.inventory.BrewingStandMenu
[16Feb2025 03:35:24.585] [main/DEBUG] [mixin/]: Mixing ContainerMenuMixin from mixins.deeperdarker.json into net.minecraft.world.inventory.BeaconMenu
[16Feb2025 03:35:24.590] [main/DEBUG] [mixin/]: Mixing ContainerMenuMixin from mixins.deeperdarker.json into net.minecraft.world.inventory.ShulkerBoxMenu
[16Feb2025 03:35:24.652] [main/DEBUG] [mixin/]: Mixing BannerDuplicateRecipeMixin from quark.mixins.json into net.minecraft.world.item.crafting.BannerDuplicateRecipe
[16Feb2025 03:35:24.720] [main/DEBUG] [mixin/]: Mixing EnchantRandomlyFunctionMixin from quark.mixins.json into net.minecraft.world.level.storage.loot.functions.EnchantRandomlyFunction
[16Feb2025 03:35:24.734] [main/DEBUG] [mixin/]: Mixing MixinApplyBonusCount from curios.mixins.json into net.minecraft.world.level.storage.loot.functions.ApplyBonusCount
[16Feb2025 03:35:24.805] [main/DEBUG] [mixin/]: Mixing accessor.AccessorPotionBrewing from quark.mixins.json into net.minecraft.world.item.alchemy.PotionBrewing
[16Feb2025 03:35:24.806] [main/DEBUG] [mixin/]: Renaming @Accessor method quark$getPotionMixes()Ljava/util/List; to quark$getPotionMixes_$md$d1c143$0 in quark.mixins.json:accessor.AccessorPotionBrewing
[16Feb2025 03:35:24.806] [main/DEBUG] [mixin/]: Mixing accessor.PotionBrewingForgeAccessor from puzzleslib.forge.mixins.json into net.minecraft.world.item.alchemy.PotionBrewing
[16Feb2025 03:35:24.806] [main/DEBUG] [mixin/]: Renaming @Accessor method puzzleslib$getAllowedContainers()Ljava/util/List; to puzzleslib$getAllowedContainers_$md$d1c143$1 in puzzleslib.forge.mixins.json:accessor.PotionBrewingForgeAccessor
[16Feb2025 03:35:24.925] [main/DEBUG] [net.minecraftforge.common.ForgeI18n/CORE]: Loading I18N data entries: 5642
[16Feb2025 03:35:24.943] [main/DEBUG] [net.minecraftforge.fml.ModWorkManager/LOADING]: Using 4 threads for parallel mod-loading
[16Feb2025 03:35:24.952] [main/DEBUG] [net.minecraftforge.fml.javafmlmod.FMLJavaModLanguageProvider/LOADING]: Loading FMLModContainer from classloader cpw.mods.modlauncher.TransformingClassLoader@5fcd1f0a - got cpw.mods.cl.ModuleClassLoader@14faa38c
[16Feb2025 03:35:24.952] [main/DEBUG] [net.minecraftforge.fml.javafmlmod.FMLModContainer/LOADING]: Creating FMLModContainer instance for slimeknights.tconstruct.TConstruct
[16Feb2025 03:35:24.958] [main/DEBUG] [net.minecraftforge.fml.javafmlmod.FMLJavaModLanguageProvider/LOADING]: Loading FMLModContainer from classloader cpw.mods.modlauncher.TransformingClassLoader@5fcd1f0a - got cpw.mods.cl.ModuleClassLoader@14faa38c
[16Feb2025 03:35:24.958] [main/DEBUG] [net.minecraftforge.fml.javafmlmod.FMLModContainer/LOADING]: Creating FMLModContainer instance for com.becks.uniquedungeons.UniqueDungeons
[16Feb2025 03:35:24.959] [main/DEBUG] [net.minecraftforge.fml.javafmlmod.FMLJavaModLanguageProvider/LOADING]: Loading FMLModContainer from classloader cpw.mods.modlauncher.TransformingClassLoader@5fcd1f0a - got cpw.mods.cl.ModuleClassLoader@14faa38c
[16Feb2025 03:35:24.959] [main/DEBUG] [net.minecraftforge.fml.javafmlmod.FMLModContainer/LOADING]: Creating FMLModContainer instance for ht.treechop.TreeChopForge
[16Feb2025 03:35:24.960] [main/DEBUG] [net.minecraftforge.fml.javafmlmod.FMLJavaModLanguageProvider/LOADING]: Loading FMLModContainer from classloader cpw.mods.modlauncher.TransformingClassLoader@5fcd1f0a - got cpw.mods.cl.ModuleClassLoader@14faa38c
[16Feb2025 03:35:24.960] [main/DEBUG] [net.minecraftforge.fml.javafmlmod.FMLModContainer/LOADING]: Creating FMLModContainer instance for earth.terrarium.handcrafted.forge.HandcraftedForge
[16Feb2025 03:35:24.960] [main/DEBUG] [net.minecraftforge.fml.javafmlmod.FMLJavaModLanguageProvider/LOADING]: Loading FMLModContainer from classloader cpw.mods.modlauncher.TransformingClassLoader@5fcd1f0a - got cpw.mods.cl.ModuleClassLoader@14faa38c
[16Feb2025 03:35:24.961] [main/DEBUG] [net.minecraftforge.fml.javafmlmod.FMLModContainer/LOADING]: Creating FMLModContainer instance for snownee.jade.Jade
[16Feb2025 03:35:24.962] [main/DEBUG] [net.minecraftforge.fml.javafmlmod.FMLJavaModLanguageProvider/LOADING]: Loading FMLModContainer from classloader cpw.mods.modlauncher.TransformingClassLoader@5fcd1f0a - got cpw.mods.cl.ModuleClassLoader@14faa38c
[16Feb2025 03:35:24.962] [main/DEBUG] [net.minecraftforge.fml.javafmlmod.FMLModContainer/LOADING]: Creating FMLModContainer instance for team.creative.creativecore.CreativeCore
[16Feb2025 03:35:24.963] [main/DEBUG] [net.minecraftforge.fml.javafmlmod.FMLJavaModLanguageProvider/LOADING]: Loading FMLModContainer from classloader cpw.mods.modlauncher.TransformingClassLoader@5fcd1f0a - got cpw.mods.cl.ModuleClassLoader@14faa38c
[16Feb2025 03:35:24.963] [main/DEBUG] [net.minecraftforge.fml.javafmlmod.FMLModContainer/LOADING]: Creating FMLModContainer instance for mezz.jei.forge.JustEnoughItems
[16Feb2025 03:35:24.964] [main/DEBUG] [net.minecraftforge.fml.javafmlmod.FMLJavaModLanguageProvider/LOADING]: Loading FMLModContainer from classloader cpw.mods.modlauncher.TransformingClassLoader@5fcd1f0a - got cpw.mods.cl.ModuleClassLoader@14faa38c
[16Feb2025 03:35:24.964] [main/DEBUG] [net.minecraftforge.fml.javafmlmod.FMLModContainer/LOADING]: Creating FMLModContainer instance for net.veroxuniverse.epicsamurai.EpicSamuraiMod
[16Feb2025 03:35:24.964] [main/DEBUG] [net.minecraftforge.fml.javafmlmod.FMLJavaModLanguageProvider/LOADING]: Loading FMLModContainer from classloader cpw.mods.modlauncher.TransformingClassLoader@5fcd1f0a - got cpw.mods.cl.ModuleClassLoader@14faa38c
[16Feb2025 03:35:24.964] [main/DEBUG] [net.minecraftforge.fml.javafmlmod.FMLModContainer/LOADING]: Creating FMLModContainer instance for top.theillusivec4.curios.Curios
[16Feb2025 03:35:24.965] [main/DEBUG] [net.minecraftforge.fml.javafmlmod.FMLJavaModLanguageProvider/LOADING]: Loading FMLModContainer from classloader cpw.mods.modlauncher.TransformingClassLoader@5fcd1f0a - got cpw.mods.cl.ModuleClassLoader@14faa38c
[16Feb2025 03:35:24.965] [main/DEBUG] [net.minecraftforge.fml.javafmlmod.FMLModContainer/LOADING]: Creating FMLModContainer instance for com.oblivioussp.spartanshields.ModSpartanShields
[16Feb2025 03:35:24.966] [main/DEBUG] [net.minecraftforge.fml.javafmlmod.FMLJavaModLanguageProvider/LOADING]: Loading FMLModContainer from classloader cpw.mods.modlauncher.TransformingClassLoader@5fcd1f0a - got cpw.mods.cl.ModuleClassLoader@14faa38c
[16Feb2025 03:35:24.966] [main/DEBUG] [net.minecraftforge.fml.javafmlmod.FMLModContainer/LOADING]: Creating FMLModContainer instance for slimeknights.mantle.Mantle
[16Feb2025 03:35:24.967] [main/DEBUG] [net.minecraftforge.fml.javafmlmod.FMLJavaModLanguageProvider/LOADING]: Loading FMLModContainer from classloader cpw.mods.modlauncher.TransformingClassLoader@5fcd1f0a - got cpw.mods.cl.ModuleClassLoader@14faa38c
[16Feb2025 03:35:24.967] [main/DEBUG] [net.minecraftforge.fml.javafmlmod.FMLModContainer/LOADING]: Creating FMLModContainer instance for xaero.minimap.XaeroMinimapForge
[16Feb2025 03:35:24.970] [main/DEBUG] [net.minecraftforge.fml.javafmlmod.FMLJavaModLanguageProvider/LOADING]: Loading FMLModContainer from classloader cpw.mods.modlauncher.TransformingClassLoader@5fcd1f0a - got cpw.mods.cl.ModuleClassLoader@14faa38c
[16Feb2025 03:35:24.970] [main/DEBUG] [net.minecraftforge.fml.javafmlmod.FMLModContainer/LOADING]: Creating FMLModContainer instance for com.epherical.croptopia.CroptopiaForge
[16Feb2025 03:35:24.971] [main/DEBUG] [net.minecraftforge.fml.javafmlmod.FMLJavaModLanguageProvider/LOADING]: Loading FMLModContainer from classloader cpw.mods.modlauncher.TransformingClassLoader@5fcd1f0a - got cpw.mods.cl.ModuleClassLoader@14faa38c
[16Feb2025 03:35:24.971] [main/DEBUG] [net.minecraftforge.fml.javafmlmod.FMLModContainer/LOADING]: Creating FMLModContainer instance for xaero.map.WorldMapForge
[16Feb2025 03:35:24.972] [main/DEBUG] [net.minecraftforge.fml.javafmlmod.FMLJavaModLanguageProvider/LOADING]: Loading FMLModContainer from classloader cpw.mods.modlauncher.TransformingClassLoader@5fcd1f0a - got cpw.mods.cl.ModuleClassLoader@14faa38c
[16Feb2025 03:35:24.973] [main/DEBUG] [net.minecraftforge.fml.javafmlmod.FMLModContainer/LOADING]: Creating FMLModContainer instance for com.github.alexthe666.citadel.Citadel
[16Feb2025 03:35:24.974] [main/DEBUG] [net.minecraftforge.fml.javafmlmod.FMLJavaModLanguageProvider/LOADING]: Loading FMLModContainer from classloader cpw.mods.modlauncher.TransformingClassLoader@5fcd1f0a - got cpw.mods.cl.ModuleClassLoader@14faa38c
[16Feb2025 03:35:24.976] [main/DEBUG] [net.minecraftforge.fml.javafmlmod.FMLModContainer/LOADING]: Creating FMLModContainer instance for com.github.alexthe666.alexsmobs.AlexsMobs
[16Feb2025 03:35:24.978] [main/DEBUG] [net.minecraftforge.fml.javafmlmod.FMLJavaModLanguageProvider/LOADING]: Loading FMLModContainer from classloader cpw.mods.modlauncher.TransformingClassLoader@5fcd1f0a - got cpw.mods.cl.ModuleClassLoader@14faa38c
[16Feb2025 03:35:24.978] [main/DEBUG] [net.minecraftforge.fml.javafmlmod.FMLModContainer/LOADING]: Creating FMLModContainer instance for vazkii.arl.AutoRegLib
[16Feb2025 03:35:24.979] [main/DEBUG] [net.minecraftforge.fml.javafmlmod.FMLJavaModLanguageProvider/LOADING]: Loading FMLModContainer from classloader cpw.mods.modlauncher.TransformingClassLoader@5fcd1f0a - got cpw.mods.cl.ModuleClassLoader@14faa38c
[16Feb2025 03:35:24.979] [main/DEBUG] [net.minecraftforge.fml.javafmlmod.FMLModContainer/LOADING]: Creating FMLModContainer instance for net.geforcemods.securitycraft.SecurityCraft
[16Feb2025 03:35:24.981] [main/DEBUG] [net.minecraftforge.fml.javafmlmod.FMLJavaModLanguageProvider/LOADING]: Loading FMLModContainer from classloader cpw.mods.modlauncher.TransformingClassLoader@5fcd1f0a - got cpw.mods.cl.ModuleClassLoader@14faa38c
[16Feb2025 03:35:24.981] [main/DEBUG] [net.minecraftforge.fml.javafmlmod.FMLModContainer/LOADING]: Creating FMLModContainer instance for com.tiviacz.travelersbackpack.TravelersBackpack
[16Feb2025 03:35:24.982] [main/DEBUG] [net.minecraftforge.fml.javafmlmod.FMLJavaModLanguageProvider/LOADING]: Loading FMLModContainer from classloader cpw.mods.modlauncher.TransformingClassLoader@5fcd1f0a - got cpw.mods.cl.ModuleClassLoader@14faa38c
[16Feb2025 03:35:24.982] [main/DEBUG] [net.minecraftforge.fml.javafmlmod.FMLModContainer/LOADING]: Creating FMLModContainer instance for artifacts.Artifacts
[16Feb2025 03:35:24.983] [main/DEBUG] [net.minecraftforge.fml.javafmlmod.FMLJavaModLanguageProvider/LOADING]: Loading FMLModContainer from classloader cpw.mods.modlauncher.TransformingClassLoader@5fcd1f0a - got cpw.mods.cl.ModuleClassLoader@14faa38c
[16Feb2025 03:35:24.983] [main/DEBUG] [net.minecraftforge.fml.javafmlmod.FMLModContainer/LOADING]: Creating FMLModContainer instance for com.abdelaziz.canary.common.Canary
[16Feb2025 03:35:24.984] [main/DEBUG] [net.minecraftforge.fml.javafmlmod.FMLJavaModLanguageProvider/LOADING]: Loading FMLModContainer from classloader cpw.mods.modlauncher.TransformingClassLoader@5fcd1f0a - got cpw.mods.cl.ModuleClassLoader@14faa38c
[16Feb2025 03:35:24.984] [main/DEBUG] [net.minecraftforge.fml.javafmlmod.FMLModContainer/LOADING]: Creating FMLModContainer instance for com.llamalad7.mixinextras.platform.forge.MixinExtrasMod
[16Feb2025 03:35:24.985] [main/DEBUG] [net.minecraftforge.fml.javafmlmod.FMLJavaModLanguageProvider/LOADING]: Loading FMLModContainer from classloader cpw.mods.modlauncher.TransformingClassLoader@5fcd1f0a - got cpw.mods.cl.ModuleClassLoader@14faa38c
[16Feb2025 03:35:24.985] [main/DEBUG] [net.minecraftforge.fml.javafmlmod.FMLModContainer/LOADING]: Creating FMLModContainer instance for me.drex.antixray.forge.AntiXrayMod
[16Feb2025 03:35:24.985] [main/DEBUG] [net.minecraftforge.fml.javafmlmod.FMLJavaModLanguageProvider/LOADING]: Loading FMLModContainer from classloader cpw.mods.modlauncher.TransformingClassLoader@5fcd1f0a - got cpw.mods.cl.ModuleClassLoader@14faa38c
[16Feb2025 03:35:24.985] [main/DEBUG] [net.minecraftforge.fml.javafmlmod.FMLModContainer/LOADING]: Creating FMLModContainer instance for com.teamresourceful.resourcefullib.forge.ResourcefulLibForge
[16Feb2025 03:35:24.986] [main/DEBUG] [net.minecraftforge.fml.javafmlmod.FMLJavaModLanguageProvider/LOADING]: Loading FMLModContainer from classloader cpw.mods.modlauncher.TransformingClassLoader@5fcd1f0a - got cpw.mods.cl.ModuleClassLoader@14faa38c
[16Feb2025 03:35:24.986] [main/DEBUG] [net.minecraftforge.fml.javafmlmod.FMLModContainer/LOADING]: Creating FMLModContainer instance for com.kyanite.deeperdarker.DeeperDarker
[16Feb2025 03:35:24.987] [main/DEBUG] [net.minecraftforge.fml.javafmlmod.FMLJavaModLanguageProvider/LOADING]: Loading FMLModContainer from classloader cpw.mods.modlauncher.TransformingClassLoader@5fcd1f0a - got cpw.mods.cl.ModuleClassLoader@14faa38c
[16Feb2025 03:35:24.987] [main/DEBUG] [net.minecraftforge.fml.javafmlmod.FMLModContainer/LOADING]: Creating FMLModContainer instance for dev.architectury.forge.ArchitecturyForge
[16Feb2025 03:35:24.987] [main/DEBUG] [net.minecraftforge.fml.javafmlmod.FMLJavaModLanguageProvider/LOADING]: Loading FMLModContainer from classloader cpw.mods.modlauncher.TransformingClassLoader@5fcd1f0a - got cpw.mods.cl.ModuleClassLoader@14faa38c
[16Feb2025 03:35:24.987] [main/DEBUG] [net.minecraftforge.fml.javafmlmod.FMLModContainer/LOADING]: Creating FMLModContainer instance for malte0811.ferritecore.ModMainForge
[16Feb2025 03:35:24.988] [main/DEBUG] [net.minecraftforge.fml.javafmlmod.FMLJavaModLanguageProvider/LOADING]: Loading FMLModContainer from classloader cpw.mods.modlauncher.TransformingClassLoader@5fcd1f0a - got cpw.mods.cl.ModuleClassLoader@14faa38c
[16Feb2025 03:35:24.988] [main/DEBUG] [net.minecraftforge.fml.javafmlmod.FMLModContainer/LOADING]: Creating FMLModContainer instance for com.github.alexthe666.iceandfire.IceAndFire
[16Feb2025 03:35:24.990] [main/DEBUG] [net.minecraftforge.fml.javafmlmod.FMLJavaModLanguageProvider/LOADING]: Loading FMLModContainer from classloader cpw.mods.modlauncher.TransformingClassLoader@5fcd1f0a - got cpw.mods.cl.ModuleClassLoader@14faa38c
[16Feb2025 03:35:24.990] [main/DEBUG] [net.minecraftforge.fml.javafmlmod.FMLModContainer/LOADING]: Creating FMLModContainer instance for fuzs.puzzleslib.impl.PuzzlesLibForge
[16Feb2025 03:35:24.991] [main/DEBUG] [net.minecraftforge.fml.javafmlmod.FMLJavaModLanguageProvider/LOADING]: Loading FMLModContainer from classloader cpw.mods.modlauncher.TransformingClassLoader@5fcd1f0a - got cpw.mods.cl.ModuleClassLoader@14faa38c
[16Feb2025 03:35:24.991] [main/DEBUG] [net.minecraftforge.fml.javafmlmod.FMLModContainer/LOADING]: Creating FMLModContainer instance for me.shedaniel.clothconfig.ClothConfigForge
[16Feb2025 03:35:24.992] [main/DEBUG] [net.minecraftforge.fml.javafmlmod.FMLJavaModLanguageProvider/LOADING]: Loading FMLModContainer from classloader cpw.mods.modlauncher.TransformingClassLoader@5fcd1f0a - got cpw.mods.cl.ModuleClassLoader@14faa38c
[16Feb2025 03:35:24.992] [main/DEBUG] [net.minecraftforge.fml.javafmlmod.FMLModContainer/LOADING]: Creating FMLModContainer instance for net.minecraftforge.common.ForgeMod
[16Feb2025 03:35:24.994] [main/DEBUG] [net.minecraftforge.fml.javafmlmod.FMLJavaModLanguageProvider/LOADING]: Loading FMLModContainer from classloader cpw.mods.modlauncher.TransformingClassLoader@5fcd1f0a - got cpw.mods.cl.ModuleClassLoader@14faa38c
[16Feb2025 03:35:24.994] [main/DEBUG] [net.minecraftforge.fml.javafmlmod.FMLModContainer/LOADING]: Creating FMLModContainer instance for vazkii.quark.base.Quark
[16Feb2025 03:35:24.994] [main/DEBUG] [net.minecraftforge.fml.javafmlmod.FMLJavaModLanguageProvider/LOADING]: Loading FMLModContainer from classloader cpw.mods.modlauncher.TransformingClassLoader@5fcd1f0a - got cpw.mods.cl.ModuleClassLoader@14faa38c
[16Feb2025 03:35:24.994] [main/DEBUG] [net.minecraftforge.fml.javafmlmod.FMLModContainer/LOADING]: Creating FMLModContainer instance for squeek.appleskin.AppleSkin
[16Feb2025 03:35:24.995] [main/DEBUG] [net.minecraftforge.fml.javafmlmod.FMLJavaModLanguageProvider/LOADING]: Loading FMLModContainer from classloader cpw.mods.modlauncher.TransformingClassLoader@5fcd1f0a - got cpw.mods.cl.ModuleClassLoader@14faa38c
[16Feb2025 03:35:24.995] [main/DEBUG] [net.minecraftforge.fml.javafmlmod.FMLModContainer/LOADING]: Creating FMLModContainer instance for be.florens.expandability.forge.ExpandAbilityForge
[16Feb2025 03:35:24.996] [main/DEBUG] [net.minecraftforge.fml.javafmlmod.FMLJavaModLanguageProvider/LOADING]: Loading FMLModContainer from classloader cpw.mods.modlauncher.TransformingClassLoader@5fcd1f0a - got cpw.mods.cl.ModuleClassLoader@14faa38c
[16Feb2025 03:35:24.996] [main/DEBUG] [net.minecraftforge.fml.javafmlmod.FMLModContainer/LOADING]: Creating FMLModContainer instance for fuzs.moblassos.MobLassosForge
[16Feb2025 03:35:24.997] [main/DEBUG] [net.minecraftforge.fml.javafmlmod.FMLJavaModLanguageProvider/LOADING]: Loading FMLModContainer from classloader cpw.mods.modlauncher.TransformingClassLoader@5fcd1f0a - got cpw.mods.cl.ModuleClassLoader@14faa38c
[16Feb2025 03:35:24.997] [main/DEBUG] [net.minecraftforge.fml.javafmlmod.FMLModContainer/LOADING]: Creating FMLModContainer instance for team.creative.playerrevive.PlayerRevive
[16Feb2025 03:35:24.998] [main/DEBUG] [net.minecraftforge.fml.javafmlmod.FMLJavaModLanguageProvider/LOADING]: Loading FMLModContainer from classloader cpw.mods.modlauncher.TransformingClassLoader@5fcd1f0a - got cpw.mods.cl.ModuleClassLoader@14faa38c
[16Feb2025 03:35:24.998] [main/DEBUG] [net.minecraftforge.fml.javafmlmod.FMLModContainer/LOADING]: Creating FMLModContainer instance for software.bernie.example.GeckoLibMod
[16Feb2025 03:35:24.999] [main/DEBUG] [net.minecraftforge.fml.javafmlmod.FMLJavaModLanguageProvider/LOADING]: Loading FMLModContainer from classloader cpw.mods.modlauncher.TransformingClassLoader@5fcd1f0a - got cpw.mods.cl.ModuleClassLoader@14faa38c
[16Feb2025 03:35:24.999] [main/DEBUG] [net.minecraftforge.fml.javafmlmod.FMLModContainer/LOADING]: Creating FMLModContainer instance for me.jellysquid.mods.sodium.client.SodiumClientMod
[16Feb2025 03:35:24.999] [main/DEBUG] [net.minecraftforge.fml.javafmlmod.FMLJavaModLanguageProvider/LOADING]: Loading FMLModContainer from classloader cpw.mods.modlauncher.TransformingClassLoader@5fcd1f0a - got cpw.mods.cl.ModuleClassLoader@14faa38c
[16Feb2025 03:35:24.999] [main/DEBUG] [net.minecraftforge.fml.javafmlmod.FMLModContainer/LOADING]: Creating FMLModContainer instance for me.jellysquid.mods.sodium.client.RubidiumStub
[16Feb2025 03:35:25.000] [main/DEBUG] [net.minecraftforge.fml.javafmlmod.FMLJavaModLanguageProvider/LOADING]: Loading FMLModContainer from classloader cpw.mods.modlauncher.TransformingClassLoader@5fcd1f0a - got cpw.mods.cl.ModuleClassLoader@14faa38c
[16Feb2025 03:35:25.000] [main/DEBUG] [net.minecraftforge.fml.javafmlmod.FMLModContainer/LOADING]: Creating FMLModContainer instance for net.mcreator.undeadrevamp.UndeadRevamp2Mod
[16Feb2025 03:35:25.001] [main/DEBUG] [net.minecraftforge.fml.javafmlmod.FMLJavaModLanguageProvider/LOADING]: Loading FMLModContainer from classloader cpw.mods.modlauncher.TransformingClassLoader@5fcd1f0a - got cpw.mods.cl.ModuleClassLoader@14faa38c
[16Feb2025 03:35:25.001] [main/DEBUG] [net.minecraftforge.fml.javafmlmod.FMLModContainer/LOADING]: Creating FMLModContainer instance for de.maxhenkel.corpse.Main
[16Feb2025 03:35:25.070] [modloading-worker-0/DEBUG] [mixin/]: Mixing DamageSourceMixin from quark.mixins.json into net.minecraft.world.damagesource.DamageSource
[16Feb2025 03:35:25.084] [modloading-worker-0/DEBUG] [net.minecraftforge.fml.config.ConfigTracker/CONFIG]: Config file treechop-common.toml for treechop tracking
[16Feb2025 03:35:25.085] [modloading-worker-0/DEBUG] [net.minecraftforge.fml.config.ConfigTracker/CONFIG]: Config file treechop-client.toml for treechop tracking
[16Feb2025 03:35:25.097] [modloading-worker-0/DEBUG] [net.minecraftforge.fml.config.ConfigTracker/CONFIG]: Config file tconstruct-common.toml for tconstruct tracking
[16Feb2025 03:35:25.097] [modloading-worker-0/DEBUG] [net.minecraftforge.fml.config.ConfigTracker/CONFIG]: Config file tconstruct-client.toml for tconstruct tracking
[16Feb2025 03:35:25.128] [modloading-worker-0/DEBUG] [net.minecraftforge.fml.javafmlmod.AutomaticEventSubscriber/LOADING]: Attempting to inject @EventBusSubscriber classes into the eventbus for treechop
[16Feb2025 03:35:25.130] [modloading-worker-0/DEBUG] [net.minecraftforge.fml.javafmlmod.AutomaticEventSubscriber/LOADING]: Auto-subscribing ht.treechop.server.ForgeServer to MOD
[16Feb2025 03:35:25.132] [modloading-worker-0/DEBUG] [net.minecraftforge.fml.javafmlmod.AutomaticEventSubscriber/LOADING]: Auto-subscribing ht.treechop.compat.TreeChopForgeAPITest to MOD
[16Feb2025 03:35:25.133] [modloading-worker-0/DEBUG] [net.minecraftforge.fml.javafmlmod.AutomaticEventSubscriber/LOADING]: Auto-subscribing ht.treechop.compat.TheOneProbe to MOD
[16Feb2025 03:35:25.136] [modloading-worker-0/DEBUG] [net.minecraftforge.fml.javafmlmod.AutomaticEventSubscriber/LOADING]: Auto-subscribing ht.treechop.compat.SilentGear to MOD
[16Feb2025 03:35:25.147] [modloading-worker-0/DEBUG] [net.minecraftforge.fml.javafmlmod.AutomaticEventSubscriber/LOADING]: Auto-subscribing ht.treechop.compat.ProjectMMO to MOD
[16Feb2025 03:35:25.148] [modloading-worker-0/DEBUG] [net.minecraftforge.fml.javafmlmod.AutomaticEventSubscriber/LOADING]: Auto-subscribing ht.treechop.compat.NoChopRecursion to MOD
[16Feb2025 03:35:25.149] [modloading-worker-0/DEBUG] [net.minecraftforge.fml.javafmlmod.AutomaticEventSubscriber/LOADING]: Auto-subscribing ht.treechop.compat.NoChopOnRightClick to MOD
[16Feb2025 03:35:25.150] [modloading-worker-0/DEBUG] [net.minecraftforge.fml.javafmlmod.AutomaticEventSubscriber/LOADING]: Auto-subscribing ht.treechop.compat.CarryOn to MOD
[16Feb2025 03:35:25.150] [modloading-worker-0/DEBUG] [net.minecraftforge.fml.javafmlmod.AutomaticEventSubscriber/LOADING]: Auto-subscribing ht.treechop.compat.Apotheosis to MOD
[16Feb2025 03:35:25.151] [modloading-worker-0/DEBUG] [net.minecraftforge.fml.javafmlmod.AutomaticEventSubscriber/LOADING]: Auto-subscribing ht.treechop.common.ForgeCommon to FORGE
[16Feb2025 03:35:25.169] [modloading-worker-0/DEBUG] [net.minecraftforge.fml.javafmlmod.AutomaticEventSubscriber/LOADING]: Attempting to inject @EventBusSubscriber classes into the eventbus for jade
[16Feb2025 03:35:25.267] [modloading-worker-0/DEBUG] [creativecore/]: Created network creativecore:main
[16Feb2025 03:35:25.268] [modloading-worker-0/DEBUG] [net.minecraftforge.fml.javafmlmod.AutomaticEventSubscriber/LOADING]: Attempting to inject @EventBusSubscriber classes into the eventbus for uniquedungeons
[16Feb2025 03:35:25.268] [modloading-worker-0/DEBUG] [net.minecraftforge.fml.javafmlmod.AutomaticEventSubscriber/LOADING]: Auto-subscribing com.becks.uniquedungeons.network.eventhandling.GeneralPlayerEventHandler to FORGE
[16Feb2025 03:35:25.274] [modloading-worker-0/DEBUG] [net.minecraftforge.fml.config.ConfigTracker/CONFIG]: Config file jei-server.toml for jei tracking
[16Feb2025 03:35:25.287] [modloading-worker-0/DEBUG] [net.minecraftforge.fml.javafmlmod.AutomaticEventSubscriber/LOADING]: Attempting to inject @EventBusSubscriber classes into the eventbus for jei
[16Feb2025 03:35:25.289] [modloading-worker-0/DEBUG] [net.minecraftforge.fml.javafmlmod.AutomaticEventSubscriber/LOADING]: Attempting to inject @EventBusSubscriber classes into the eventbus for creativecore
[16Feb2025 03:35:25.317] [modloading-worker-0/DEBUG] [net.minecraftforge.fml.config.ConfigTracker/CONFIG]: Config file curios-client.toml for curios tracking
[16Feb2025 03:35:25.319] [modloading-worker-0/DEBUG] [net.minecraftforge.fml.config.ConfigTracker/CONFIG]: Config file curios-server.toml for curios tracking
[16Feb2025 03:35:25.319] [modloading-worker-0/DEBUG] [net.minecraftforge.fml.javafmlmod.AutomaticEventSubscriber/LOADING]: Attempting to inject @EventBusSubscriber classes into the eventbus for curios
[16Feb2025 03:35:25.322] [modloading-worker-0/INFO] [Spartan Shields/]: Constructing Mod: Spartan Shields
[16Feb2025 03:35:25.325] [modloading-worker-0/DEBUG] [net.minecraftforge.fml.javafmlmod.AutomaticEventSubscriber/LOADING]: Attempting to inject @EventBusSubscriber classes into the eventbus for handcrafted
[16Feb2025 03:35:25.326] [modloading-worker-0/DEBUG] [net.minecraftforge.fml.javafmlmod.AutomaticEventSubscriber/LOADING]: Auto-subscribing earth.terrarium.handcrafted.datagen.HandcraftedDataGenerator to MOD
[16Feb2025 03:35:25.332] [modloading-worker-0/DEBUG] [net.minecraftforge.fml.config.ConfigTracker/CONFIG]: Config file mantle-client.toml for mantle tracking
[16Feb2025 03:35:25.332] [modloading-worker-0/DEBUG] [net.minecraftforge.fml.config.ConfigTracker/CONFIG]: Config file mantle-server.toml for mantle tracking
[16Feb2025 03:35:25.356] [modloading-worker-0/DEBUG] [net.minecraftforge.coremod.transformer.CoreModBaseTransformer/COREMOD]: Transforming m_11229_ with desc (Lnet/minecraft/server/level/ServerPlayer;Lnet/minecraft/server/level/ServerLevel;)V
[16Feb2025 03:35:25.360] [modloading-worker-0/DEBUG] [net.minecraftforge.coremod.transformer.CoreModBaseTransformer/COREMOD]: Transforming m_11229_ with desc (Lnet/minecraft/server/level/ServerPlayer;Lnet/minecraft/server/level/ServerLevel;)V
[16Feb2025 03:35:25.364] [modloading-worker-0/DEBUG] [mixin/]: Mixing camera.PlayerListMixin from securitycraft.mixins.json into net.minecraft.server.players.PlayerList
[16Feb2025 03:35:25.381] [modloading-worker-0/DEBUG] [net.minecraftforge.fml.javafmlmod.AutomaticEventSubscriber/LOADING]: Attempting to inject @EventBusSubscriber classes into the eventbus for mantle
[16Feb2025 03:35:25.393] [modloading-worker-0/DEBUG] [net.minecraftforge.fml.javafmlmod.AutomaticEventSubscriber/LOADING]: Attempting to inject @EventBusSubscriber classes into the eventbus for epicsamurai
[16Feb2025 03:35:25.399] [modloading-worker-0/DEBUG] [net.minecraftforge.fml.javafmlmod.AutomaticEventSubscriber/LOADING]: Auto-subscribing net.veroxuniverse.epicsamurai.event.ModEvents$ModEventBusEvents to MOD
[16Feb2025 03:35:25.403] [modloading-worker-0/DEBUG] [net.minecraftforge.fml.config.ConfigTracker/CONFIG]: Config file spartanshields-common.toml for spartanshields tracking
[16Feb2025 03:35:25.404] [modloading-worker-0/DEBUG] [net.minecraftforge.fml.javafmlmod.AutomaticEventSubscriber/LOADING]: Attempting to inject @EventBusSubscriber classes into the eventbus for spartanshields
[16Feb2025 03:35:25.404] [modloading-worker-0/DEBUG] [net.minecraftforge.fml.javafmlmod.AutomaticEventSubscriber/LOADING]: Auto-subscribing com.oblivioussp.spartanshields.event.DataGenEventHandler to MOD
[16Feb2025 03:35:25.407] [modloading-worker-0/DEBUG] [net.minecraftforge.fml.javafmlmod.AutomaticEventSubscriber/LOADING]: Auto-subscribing com.oblivioussp.spartanshields.event.CommonEventHandler to FORGE
[16Feb2025 03:35:25.417] [modloading-worker-0/DEBUG] [net.minecraftforge.fml.javafmlmod.AutomaticEventSubscriber/LOADING]: Auto-subscribing com.oblivioussp.spartanshields.config.Config to MOD
[16Feb2025 03:35:25.441] [modloading-worker-0/DEBUG] [xaero.hud.minimap.MinimapLogs/]: Loaded xaero.common.platform.services.ForgePlatformHelper@4dd0c087 for service interface xaero.common.platform.services.IPlatformHelper
[16Feb2025 03:35:25.449] [modloading-worker-0/DEBUG] [xaero.map.WorldMap/]: Loaded xaero.map.platform.services.ForgePlatformHelper@4f73c00f for service interface xaero.map.platform.services.IPlatformHelper
[16Feb2025 03:35:25.455] [modloading-worker-0/DEBUG] [mixin/]: Mixing accessor.AccessorLootTable from quark.mixins.json into net.minecraft.world.level.storage.loot.LootTable
[16Feb2025 03:35:25.455] [modloading-worker-0/DEBUG] [mixin/]: Mixing LootTableAccessor from croptopia.mixins.json into net.minecraft.world.level.storage.loot.LootTable
[16Feb2025 03:35:25.455] [modloading-worker-0/DEBUG] [mixin/]: croptopia.mixins.json:LootTableAccessor: Class version 61 required is higher than the class version supported by the current version of Mixin (JAVA_8 supports class version 52)
[16Feb2025 03:35:25.467] [modloading-worker-0/DEBUG] [net.minecraftforge.fml.javafmlmod.AutomaticEventSubscriber/LOADING]: Attempting to inject @EventBusSubscriber classes into the eventbus for xaerominimap
[16Feb2025 03:35:25.473] [modloading-worker-0/DEBUG] [net.minecraftforge.fml.javafmlmod.AutomaticEventSubscriber/LOADING]: Attempting to inject @EventBusSubscriber classes into the eventbus for xaeroworldmap
[16Feb2025 03:35:25.473] [modloading-worker-0/DEBUG] [net.minecraftforge.fml.config.ConfigTracker/CONFIG]: Config file croptopia-common.toml for croptopia tracking
[16Feb2025 03:35:25.479] [modloading-worker-0/DEBUG] [net.minecraftforge.fml.javafmlmod.AutomaticEventSubscriber/LOADING]: Attempting to inject @EventBusSubscriber classes into the eventbus for croptopia
[16Feb2025 03:35:25.479] [modloading-worker-0/DEBUG] [net.minecraftforge.fml.javafmlmod.AutomaticEventSubscriber/LOADING]: Auto-subscribing com.epherical.croptopia.CroptopiaForge$RegistryEvents to MOD
[16Feb2025 03:35:25.484] [modloading-worker-0/DEBUG] [net.minecraftforge.fml.javafmlmod.AutomaticEventSubscriber/LOADING]: Auto-subscribing com.epherical.croptopia.config.Config to MOD
[16Feb2025 03:35:25.486] [modloading-worker-0/DEBUG] [net.minecraftforge.fml.javafmlmod.AutomaticEventSubscriber/LOADING]: Attempting to inject @EventBusSubscriber classes into the eventbus for autoreglib
[16Feb2025 03:35:25.490] [modloading-worker-0/DEBUG] [net.minecraftforge.fml.config.ConfigTracker/CONFIG]: Config file citadel-common.toml for citadel tracking
[16Feb2025 03:35:25.499] [modloading-worker-0/DEBUG] [net.minecraftforge.fml.javafmlmod.AutomaticEventSubscriber/LOADING]: Attempting to inject @EventBusSubscriber classes into the eventbus for citadel
[16Feb2025 03:35:25.499] [modloading-worker-0/DEBUG] [net.minecraftforge.fml.javafmlmod.AutomaticEventSubscriber/LOADING]: Auto-subscribing com.github.alexthe666.citadel.ServerProxy to MOD
[16Feb2025 03:35:25.504] [modloading-worker-0/DEBUG] [net.minecraftforge.fml.config.ConfigTracker/CONFIG]: Config file securitycraft-client.toml for securitycraft tracking
[16Feb2025 03:35:25.506] [modloading-worker-0/DEBUG] [net.minecraftforge.fml.config.ConfigTracker/CONFIG]: Config file securitycraft-server.toml for securitycraft tracking
[16Feb2025 03:35:25.530] [modloading-worker-0/DEBUG] [net.minecraftforge.fml.config.ConfigTracker/CONFIG]: Config file travelersbackpack-common.toml for travelersbackpack tracking
[16Feb2025 03:35:25.530] [modloading-worker-0/DEBUG] [net.minecraftforge.fml.config.ConfigTracker/CONFIG]: Config file travelersbackpack-client.toml for travelersbackpack tracking
[16Feb2025 03:35:25.687] [modloading-worker-0/DEBUG] [net.minecraftforge.fml.javafmlmod.AutomaticEventSubscriber/LOADING]: Attempting to inject @EventBusSubscriber classes into the eventbus for travelersbackpack
[16Feb2025 03:35:25.688] [modloading-worker-0/DEBUG] [net.minecraftforge.fml.javafmlmod.AutomaticEventSubscriber/LOADING]: Auto-subscribing com.tiviacz.travelersbackpack.handlers.ModEventHandler to MOD
[16Feb2025 03:35:25.697] [modloading-worker-0/DEBUG] [net.minecraftforge.fml.javafmlmod.AutomaticEventSubscriber/LOADING]: Auto-subscribing com.tiviacz.travelersbackpack.handlers.ForgeEventHandler to FORGE
[16Feb2025 03:35:25.766] [modloading-worker-0/DEBUG] [mixin/]: Mixing world.explosions.ExplosionMixin from canary.mixins.json into net.minecraft.world.level.Explosion
[16Feb2025 03:35:25.815] [modloading-worker-0/DEBUG] [net.minecraftforge.fml.config.ConfigTracker/CONFIG]: Config file artifacts-common.toml for artifacts tracking
[16Feb2025 03:35:25.905] [modloading-worker-0/DEBUG] [net.minecraftforge.fml.config.ConfigTracker/CONFIG]: Config file alexsmobs.toml for alexsmobs tracking
[16Feb2025 03:35:25.914] [modloading-worker-0/DEBUG] [net.minecraftforge.fml.javafmlmod.AutomaticEventSubscriber/LOADING]: Attempting to inject @EventBusSubscriber classes into the eventbus for artifacts
[16Feb2025 03:35:25.914] [modloading-worker-0/DEBUG] [net.minecraftforge.fml.javafmlmod.AutomaticEventSubscriber/LOADING]: Auto-subscribing artifacts.data.DataGenerators to MOD
[16Feb2025 03:35:25.918] [modloading-worker-0/DEBUG] [net.minecraftforge.fml.javafmlmod.AutomaticEventSubscriber/LOADING]: Auto-subscribing artifacts.common.config.ModConfig to MOD
[16Feb2025 03:35:25.925] [modloading-worker-0/DEBUG] [net.minecraftforge.fml.javafmlmod.AutomaticEventSubscriber/LOADING]: Attempting to inject @EventBusSubscriber classes into the eventbus for canary
[16Feb2025 03:35:25.926] [modloading-worker-0/DEBUG] [net.minecraftforge.fml.javafmlmod.AutomaticEventSubscriber/LOADING]: Attempting to inject @EventBusSubscriber classes into the eventbus for mixinextras
[16Feb2025 03:35:25.965] [modloading-worker-0/INFO] [me.drex.antixray.AntiXray/]: Successfully initialized antixray on forge
[16Feb2025 03:35:25.966] [modloading-worker-0/DEBUG] [net.minecraftforge.fml.javafmlmod.AutomaticEventSubscriber/LOADING]: Attempting to inject @EventBusSubscriber classes into the eventbus for antixray
[16Feb2025 03:35:25.966] [modloading-worker-0/DEBUG] [net.minecraftforge.fml.javafmlmod.AutomaticEventSubscriber/LOADING]: Attempting to inject @EventBusSubscriber classes into the eventbus for alexsmobs
[16Feb2025 03:35:25.968] [modloading-worker-0/DEBUG] [net.minecraftforge.fml.javafmlmod.AutomaticEventSubscriber/LOADING]: Auto-subscribing com.github.alexthe666.alexsmobs.world.AMWorldRegistry to MOD
[16Feb2025 03:35:25.970] [modloading-worker-0/DEBUG] [net.minecraftforge.fml.javafmlmod.AutomaticEventSubscriber/LOADING]: Auto-subscribing com.github.alexthe666.alexsmobs.tileentity.AMTileEntityRegistry to MOD
[16Feb2025 03:35:25.971] [modloading-worker-0/DEBUG] [net.minecraftforge.fml.javafmlmod.AutomaticEventSubscriber/LOADING]: Auto-subscribing com.github.alexthe666.alexsmobs.event.ServerEvents to FORGE
[16Feb2025 03:35:25.974] [modloading-worker-0/DEBUG] [net.minecraftforge.fml.javafmlmod.AutomaticEventSubscriber/LOADING]: Auto-subscribing com.github.alexthe666.alexsmobs.entity.AMEntityRegistry to MOD
[16Feb2025 03:35:25.974] [modloading-worker-0/DEBUG] [net.minecraftforge.fml.javafmlmod.AutomaticEventSubscriber/LOADING]: Auto-subscribing com.github.alexthe666.alexsmobs.CommonProxy to MOD
[16Feb2025 03:35:25.975] [modloading-worker-0/DEBUG] [net.minecraftforge.fml.javafmlmod.AutomaticEventSubscriber/LOADING]: Auto-subscribing com.github.alexthe666.alexsmobs.AlexsMobs to FORGE
[16Feb2025 03:35:25.978] [modloading-worker-0/DEBUG] [net.minecraftforge.fml.javafmlmod.AutomaticEventSubscriber/LOADING]: Attempting to inject @EventBusSubscriber classes into the eventbus for resourcefullib
[16Feb2025 03:35:26.045] [modloading-worker-0/DEBUG] [net.minecraftforge.fml.javafmlmod.AutomaticEventSubscriber/LOADING]: Attempting to inject @EventBusSubscriber classes into the eventbus for securitycraft
[16Feb2025 03:35:26.046] [modloading-worker-0/DEBUG] [net.minecraftforge.fml.javafmlmod.AutomaticEventSubscriber/LOADING]: Auto-subscribing net.geforcemods.securitycraft.SecurityCraft to MOD
[16Feb2025 03:35:26.048] [modloading-worker-0/DEBUG] [net.minecraftforge.fml.javafmlmod.AutomaticEventSubscriber/LOADING]: Auto-subscribing net.geforcemods.securitycraft.SCEventHandler to FORGE
[16Feb2025 03:35:26.059] [modloading-worker-0/DEBUG] [net.minecraftforge.fml.javafmlmod.AutomaticEventSubscriber/LOADING]: Attempting to inject @EventBusSubscriber classes into the eventbus for architectury
[16Feb2025 03:35:26.070] [modloading-worker-0/DEBUG] [net.minecraftforge.fml.javafmlmod.AutomaticEventSubscriber/LOADING]: Auto-subscribing net.geforcemods.securitycraft.RegistrationHandler to MOD
[16Feb2025 03:35:26.070] [modloading-worker-0/DEBUG] [net.minecraftforge.fml.javafmlmod.AutomaticEventSubscriber/LOADING]: Auto-subscribing dev.architectury.registry.level.entity.trade.forge.TradeRegistryImpl to FORGE
[16Feb2025 03:35:26.072] [modloading-worker-0/DEBUG] [net.minecraftforge.fml.javafmlmod.AutomaticEventSubscriber/LOADING]: Auto-subscribing dev.architectury.registry.forge.ReloadListenerRegistryImpl to FORGE
[16Feb2025 03:35:26.073] [modloading-worker-0/DEBUG] [net.minecraftforge.fml.javafmlmod.AutomaticEventSubscriber/LOADING]: Auto-subscribing dev.architectury.networking.forge.NetworkManagerImpl to FORGE
[16Feb2025 03:35:26.074] [modloading-worker-0/DEBUG] [net.minecraftforge.fml.javafmlmod.AutomaticEventSubscriber/LOADING]: Auto-subscribing net.geforcemods.securitycraft.ConfigHandler to MOD
[16Feb2025 03:35:26.074] [modloading-worker-0/DEBUG] [net.minecraftforge.fml.javafmlmod.AutomaticEventSubscriber/LOADING]: Auto-subscribing net.geforcemods.securitycraft.api.SecurityCraftAPI to MOD
[16Feb2025 03:35:26.077] [modloading-worker-0/INFO] [dev.architectury.networking.forge.NetworkManagerImpl/]: Registering C2S receiver with id architectury:sync_ids
[16Feb2025 03:35:26.079] [modloading-worker-0/DEBUG] [net.minecraftforge.fml.javafmlmod.AutomaticEventSubscriber/LOADING]: Attempting to inject @EventBusSubscriber classes into the eventbus for ferritecore
[16Feb2025 03:35:26.083] [modloading-worker-0/DEBUG] [net.minecraftforge.fml.javafmlmod.AutomaticEventSubscriber/LOADING]: Attempting to inject @EventBusSubscriber classes into the eventbus for puzzleslib
[16Feb2025 03:35:26.083] [modloading-worker-0/DEBUG] [net.minecraftforge.fml.javafmlmod.AutomaticEventSubscriber/LOADING]: Auto-subscribing fuzs.puzzleslib.impl.PuzzlesLibForge to MOD
[16Feb2025 03:35:26.090] [modloading-worker-0/DEBUG] [net.minecraftforge.fml.config.ConfigTracker/CONFIG]: Config file iceandfire-client.toml for iceandfire tracking
[16Feb2025 03:35:26.090] [modloading-worker-0/DEBUG] [net.minecraftforge.fml.config.ConfigTracker/CONFIG]: Config file iceandfire-common.toml for iceandfire tracking
[16Feb2025 03:35:26.173] [modloading-worker-0/DEBUG] [net.minecraftforge.fml.javafmlmod.AutomaticEventSubscriber/LOADING]: Attempting to inject @EventBusSubscriber classes into the eventbus for deeperdarker
[16Feb2025 03:35:26.174] [modloading-worker-0/DEBUG] [net.minecraftforge.fml.javafmlmod.AutomaticEventSubscriber/LOADING]: Auto-subscribing com.kyanite.deeperdarker.DeeperDarker$DeeperDarkerEvents to FORGE
[16Feb2025 03:35:26.174] [modloading-worker-0/INFO] [Puzzles Lib/]: Constructing common components for mod puzzleslib
[16Feb2025 03:35:26.181] [modloading-worker-0/DEBUG] [net.minecraftforge.fml.javafmlmod.AutomaticEventSubscriber/LOADING]: Attempting to inject @EventBusSubscriber classes into the eventbus for cloth_config
[16Feb2025 03:35:26.188] [modloading-worker-0/DEBUG] [net.minecraftforge.versions.forge.ForgeVersion/CORE]: Forge Version package package net.minecraftforge.versions.forge, Forge, version 43.4 from cpw.mods.modlauncher.TransformingClassLoader@5fcd1f0a
[16Feb2025 03:35:26.189] [modloading-worker-0/DEBUG] [net.minecraftforge.versions.forge.ForgeVersion/CORE]: Found Forge version 43.4.2
[16Feb2025 03:35:26.189] [modloading-worker-0/DEBUG] [net.minecraftforge.versions.forge.ForgeVersion/CORE]: Found Forge spec 43.4
[16Feb2025 03:35:26.189] [modloading-worker-0/DEBUG] [net.minecraftforge.versions.forge.ForgeVersion/CORE]: Found Forge group net.minecraftforge
[16Feb2025 03:35:26.190] [modloading-worker-0/DEBUG] [net.minecraftforge.versions.mcp.MCPVersion/CORE]: MCP Version package package net.minecraftforge.versions.mcp, Minecraft, version 1.19.2 from cpw.mods.modlauncher.TransformingClassLoader@5fcd1f0a
[16Feb2025 03:35:26.190] [modloading-worker-0/DEBUG] [net.minecraftforge.versions.mcp.MCPVersion/CORE]: Found MC version information 1.19.2
[16Feb2025 03:35:26.190] [modloading-worker-0/DEBUG] [net.minecraftforge.versions.mcp.MCPVersion/CORE]: Found MCP version information 20220805.130853
[16Feb2025 03:35:26.190] [modloading-worker-0/INFO] [net.minecraftforge.common.ForgeMod/FORGEMOD]: Forge mod loading, version 43.4.2, for MC 1.19.2 with MCP 20220805.130853
[16Feb2025 03:35:26.191] [modloading-worker-0/INFO] [net.minecraftforge.common.MinecraftForge/FORGE]: MinecraftForge v43.4.2 Initialized
[16Feb2025 03:35:26.226] [modloading-worker-0/INFO] [quark/]: Found Quark module class vazkii.quark.content.experimental.module.VariantSelectorModule
[16Feb2025 03:35:26.231] [modloading-worker-0/INFO] [quark/]: Found Quark module class vazkii.quark.content.experimental.module.NarratorReadoutModule
[16Feb2025 03:35:26.232] [modloading-worker-0/INFO] [quark/]: Found Quark module class vazkii.quark.content.experimental.module.ClimateControlRemoverModule
[16Feb2025 03:35:26.237] [modloading-worker-0/INFO] [quark/]: Found Quark module class vazkii.quark.content.experimental.module.EnchantmentsBegoneModule
[16Feb2025 03:35:26.240] [modloading-worker-0/INFO] [quark/]: Found Quark module class vazkii.quark.content.experimental.module.GameNerfsModule
[16Feb2025 03:35:26.241] [modloading-worker-0/INFO] [quark/]: Found Quark module class vazkii.quark.content.experimental.module.SpawnerReplacerModule
[16Feb2025 03:35:26.242] [modloading-worker-0/INFO] [quark/]: Found Quark module class vazkii.quark.content.experimental.module.AdjustableChatModule
[16Feb2025 03:35:26.243] [modloading-worker-0/INFO] [quark/]: Found Quark module class vazkii.quark.content.experimental.module.VillagerRerollingReworkModule
[16Feb2025 03:35:26.246] [modloading-worker-0/DEBUG] [io.netty.util.internal.PlatformDependent0/]: -Dio.netty.noUnsafe: false
[16Feb2025 03:35:26.246] [modloading-worker-0/INFO] [quark/]: Found Quark module class vazkii.quark.content.experimental.module.OverlayShaderModule
[16Feb2025 03:35:26.250] [modloading-worker-0/DEBUG] [io.netty.util.internal.PlatformDependent0/]: Java version: 17
[16Feb2025 03:35:26.250] [modloading-worker-0/INFO] [quark/]: Found Quark module class vazkii.quark.content.experimental.module.EnchantmentPredicatesModule
[16Feb2025 03:35:26.251] [modloading-worker-0/DEBUG] [io.netty.util.internal.PlatformDependent0/]: sun.misc.Unsafe.theUnsafe: available
[16Feb2025 03:35:26.252] [modloading-worker-0/INFO] [quark/]: Found Quark module class vazkii.quark.content.building.module.VariantLaddersModule
[16Feb2025 03:35:26.252] [modloading-worker-0/DEBUG] [io.netty.util.internal.PlatformDependent0/]: sun.misc.Unsafe.copyMemory: available
[16Feb2025 03:35:26.253] [modloading-worker-0/DEBUG] [io.netty.util.internal.PlatformDependent0/]: sun.misc.Unsafe.storeFence: available
[16Feb2025 03:35:26.253] [modloading-worker-0/INFO] [quark/]: Found Quark module class vazkii.quark.content.building.module.VariantBookshelvesModule
[16Feb2025 03:35:26.253] [modloading-worker-0/DEBUG] [io.netty.util.internal.PlatformDependent0/]: java.nio.Buffer.address: available
[16Feb2025 03:35:26.254] [modloading-worker-0/INFO] [quark/]: Found Quark module class vazkii.quark.content.building.module.BambooBackportModule
[16Feb2025 03:35:26.253] [modloading-worker-0/DEBUG] [io.netty.util.internal.PlatformDependent0/]: direct buffer constructor: unavailable
java.lang.UnsupportedOperationException: Reflective setAccessible(true) disabled
	at io.netty.util.internal.ReflectionUtil.trySetAccessible(ReflectionUtil.java:31) ~[netty-common-4.1.77.Final.jar%2381!/:4.1.77.Final]
	at io.netty.util.internal.PlatformDependent0$5.run(PlatformDependent0.java:287) ~[netty-common-4.1.77.Final.jar%2381!/:4.1.77.Final]
	at java.security.AccessController.doPrivileged(AccessController.java:318) ~[?:?]
	at io.netty.util.internal.PlatformDependent0.<clinit>(PlatformDependent0.java:281) ~[netty-common-4.1.77.Final.jar%2381!/:4.1.77.Final]
	at io.netty.util.internal.PlatformDependent.isAndroid(PlatformDependent.java:294) ~[netty-common-4.1.77.Final.jar%2381!/:4.1.77.Final]
	at io.netty.util.internal.PlatformDependent.<clinit>(PlatformDependent.java:88) ~[netty-common-4.1.77.Final.jar%2381!/:4.1.77.Final]
	at io.netty.util.ConstantPool.<init>(ConstantPool.java:34) ~[netty-common-4.1.77.Final.jar%2381!/:4.1.77.Final]
	at io.netty.util.AttributeKey$1.<init>(AttributeKey.java:27) ~[netty-common-4.1.77.Final.jar%2381!/:4.1.77.Final]
	at io.netty.util.AttributeKey.<clinit>(AttributeKey.java:27) ~[netty-common-4.1.77.Final.jar%2381!/:4.1.77.Final]
	at net.minecraftforge.network.NetworkConstants.<clinit>(NetworkConstants.java:34) ~[forge-1.19.2-43.4.2-universal.jar%23178!/:?]
	at net.minecraftforge.common.ForgeMod.<init>(ForgeMod.java:436) ~[forge-1.19.2-43.4.2-universal.jar%23178!/:?]
	at jdk.internal.reflect.NativeConstructorAccessorImpl.newInstance0(Native Method) ~[?:?]
	at jdk.internal.reflect.NativeConstructorAccessorImpl.newInstance(NativeConstructorAccessorImpl.java:77) ~[?:?]
	at jdk.internal.reflect.DelegatingConstructorAccessorImpl.newInstance(DelegatingConstructorAccessorImpl.java:45) ~[?:?]
	at java.lang.reflect.Constructor.newInstanceWithCaller(Constructor.java:500) ~[?:?]
	at java.lang.reflect.Constructor.newInstance(Constructor.java:481) ~[?:?]
	at net.minecraftforge.fml.javafmlmod.FMLModContainer.constructMod(FMLModContainer.java:70) ~[javafmllanguage-1.19.2-43.4.2.jar%23175!/:?]
	at net.minecraftforge.fml.ModContainer.lambda$buildTransitionHandler$4(ModContainer.java:122) ~[fmlcore-1.19.2-43.4.2.jar%23174!/:?]
	at java.util.concurrent.CompletableFuture$AsyncRun.run(CompletableFuture.java:1804) [?:?]
	at java.util.concurrent.CompletableFuture$AsyncRun.exec(CompletableFuture.java:1796) [?:?]
	at java.util.concurrent.ForkJoinTask.doExec(ForkJoinTask.java:373) [?:?]
	at java.util.concurrent.ForkJoinPool$WorkQueue.topLevelExec(ForkJoinPool.java:1182) [?:?]
	at java.util.concurrent.ForkJoinPool.scan(ForkJoinPool.java:1655) [?:?]
	at java.util.concurrent.ForkJoinPool.runWorker(ForkJoinPool.java:1622) [?:?]
	at java.util.concurrent.ForkJoinWorkerThread.run(ForkJoinWorkerThread.java:165) [?:?]
[16Feb2025 03:35:26.257] [modloading-worker-0/DEBUG] [io.netty.util.internal.PlatformDependent0/]: java.nio.Bits.unaligned: available, true
[16Feb2025 03:35:26.257] [modloading-worker-0/INFO] [quark/]: Found Quark module class vazkii.quark.content.building.module.CompressedBlocksModule
[16Feb2025 03:35:26.258] [modloading-worker-0/DEBUG] [io.netty.util.internal.PlatformDependent0/]: jdk.internal.misc.Unsafe.allocateUninitializedArray(int): unavailable
java.lang.IllegalAccessException: class io.netty.util.internal.PlatformDependent0$7 (in module io.netty.common) cannot access class jdk.internal.misc.Unsafe (in module java.base) because module java.base does not export jdk.internal.misc to module io.netty.common
	at jdk.internal.reflect.Reflection.newIllegalAccessException(Reflection.java:392) ~[?:?]
	at java.lang.reflect.AccessibleObject.checkAccess(AccessibleObject.java:674) ~[?:?]
	at java.lang.reflect.Method.invoke(Method.java:561) ~[?:?]
	at io.netty.util.internal.PlatformDependent0$7.run(PlatformDependent0.java:409) ~[netty-common-4.1.77.Final.jar%2381!/:4.1.77.Final]
	at java.security.AccessController.doPrivileged(AccessController.java:318) ~[?:?]
	at io.netty.util.internal.PlatformDependent0.<clinit>(PlatformDependent0.java:400) ~[netty-common-4.1.77.Final.jar%2381!/:4.1.77.Final]
	at io.netty.util.internal.PlatformDependent.isAndroid(PlatformDependent.java:294) ~[netty-common-4.1.77.Final.jar%2381!/:4.1.77.Final]
	at io.netty.util.internal.PlatformDependent.<clinit>(PlatformDependent.java:88) ~[netty-common-4.1.77.Final.jar%2381!/:4.1.77.Final]
	at io.netty.util.ConstantPool.<init>(ConstantPool.java:34) ~[netty-common-4.1.77.Final.jar%2381!/:4.1.77.Final]
	at io.netty.util.AttributeKey$1.<init>(AttributeKey.java:27) ~[netty-common-4.1.77.Final.jar%2381!/:4.1.77.Final]
	at io.netty.util.AttributeKey.<clinit>(AttributeKey.java:27) ~[netty-common-4.1.77.Final.jar%2381!/:4.1.77.Final]
	at net.minecraftforge.network.NetworkConstants.<clinit>(NetworkConstants.java:34) ~[forge-1.19.2-43.4.2-universal.jar%23178!/:?]
	at net.minecraftforge.common.ForgeMod.<init>(ForgeMod.java:436) ~[forge-1.19.2-43.4.2-universal.jar%23178!/:?]
	at jdk.internal.reflect.NativeConstructorAccessorImpl.newInstance0(Native Method) ~[?:?]
	at jdk.internal.reflect.NativeConstructorAccessorImpl.newInstance(NativeConstructorAccessorImpl.java:77) ~[?:?]
	at jdk.internal.reflect.DelegatingConstructorAccessorImpl.newInstance(DelegatingConstructorAccessorImpl.java:45) ~[?:?]
	at java.lang.reflect.Constructor.newInstanceWithCaller(Constructor.java:500) ~[?:?]
	at java.lang.reflect.Constructor.newInstance(Constructor.java:481) ~[?:?]
	at net.minecraftforge.fml.javafmlmod.FMLModContainer.constructMod(FMLModContainer.java:70) ~[javafmllanguage-1.19.2-43.4.2.jar%23175!/:?]
	at net.minecraftforge.fml.ModContainer.lambda$buildTransitionHandler$4(ModContainer.java:122) ~[fmlcore-1.19.2-43.4.2.jar%23174!/:?]
	at java.util.concurrent.CompletableFuture$AsyncRun.run(CompletableFuture.java:1804) [?:?]
	at java.util.concurrent.CompletableFuture$AsyncRun.exec(CompletableFuture.java:1796) [?:?]
	at java.util.concurrent.ForkJoinTask.doExec(ForkJoinTask.java:373) [?:?]
	at java.util.concurrent.ForkJoinPool$WorkQueue.topLevelExec(ForkJoinPool.java:1182) [?:?]
	at java.util.concurrent.ForkJoinPool.scan(ForkJoinPool.java:1655) [?:?]
	at java.util.concurrent.ForkJoinPool.runWorker(ForkJoinPool.java:1622) [?:?]
	at java.util.concurrent.ForkJoinWorkerThread.run(ForkJoinWorkerThread.java:165) [?:?]
[16Feb2025 03:35:26.264] [modloading-worker-0/DEBUG] [io.netty.util.internal.PlatformDependent0/]: java.nio.DirectByteBuffer.<init>(long, int): unavailable
[16Feb2025 03:35:26.264] [modloading-worker-0/DEBUG] [io.netty.util.internal.PlatformDependent/]: sun.misc.Unsafe: available
[16Feb2025 03:35:26.265] [modloading-worker-0/DEBUG] [io.netty.util.internal.PlatformDependent/]: maxDirectMemory: 12884901888 bytes (maybe)
[16Feb2025 03:35:26.265] [modloading-worker-0/DEBUG] [io.netty.util.internal.PlatformDependent/]: -Dio.netty.tmpdir: /tmp (java.io.tmpdir)
[16Feb2025 03:35:26.265] [modloading-worker-0/DEBUG] [io.netty.util.internal.PlatformDependent/]: -Dio.netty.bitMode: 64 (sun.arch.data.model)
[16Feb2025 03:35:26.266] [modloading-worker-0/DEBUG] [io.netty.util.internal.PlatformDependent/]: -Dio.netty.maxDirectMemory: -1 bytes
[16Feb2025 03:35:26.266] [modloading-worker-0/DEBUG] [io.netty.util.internal.PlatformDependent/]: -Dio.netty.uninitializedArrayAllocationThreshold: -1
[16Feb2025 03:35:26.267] [modloading-worker-0/DEBUG] [io.netty.util.internal.CleanerJava9/]: java.nio.ByteBuffer.cleaner(): available
[16Feb2025 03:35:26.267] [modloading-worker-0/DEBUG] [io.netty.util.internal.PlatformDependent/]: -Dio.netty.noPreferDirect: false
[16Feb2025 03:35:26.273] [modloading-worker-0/INFO] [quark/]: Found Quark module class vazkii.quark.content.building.module.MorePottedPlantsModule
[16Feb2025 03:35:26.273] [modloading-worker-0/INFO] [quark/]: Found Quark module class vazkii.quark.content.building.module.DuskboundBlocksModule
[16Feb2025 03:35:26.274] [modloading-worker-0/INFO] [quark/]: Found Quark module class vazkii.quark.content.building.module.WoodenPostsModule
[16Feb2025 03:35:26.275] [modloading-worker-0/INFO] [quark/]: Found Quark module class vazkii.quark.content.building.module.ThatchModule
[16Feb2025 03:35:26.276] [modloading-worker-0/INFO] [quark/]: Found Quark module class vazkii.quark.content.building.module.MoreStoneVariantsModule
[16Feb2025 03:35:26.277] [modloading-worker-0/INFO] [quark/]: Found Quark module class vazkii.quark.content.building.module.ShearVinesModule
[16Feb2025 03:35:26.279] [modloading-worker-0/INFO] [quark/]: Found Quark module class vazkii.quark.content.building.module.NetherBrickFenceGateModule
[16Feb2025 03:35:26.280] [modloading-worker-0/INFO] [quark/]: Found Quark module class vazkii.quark.content.building.module.GoldBarsModule
[16Feb2025 03:35:26.284] [modloading-worker-0/INFO] [quark/]: Found Quark module class vazkii.quark.content.building.module.RopeModule
[16Feb2025 03:35:26.286] [modloading-worker-0/INFO] [quark/]: Found Quark module class vazkii.quark.content.building.module.CelebratoryLampsModule
[16Feb2025 03:35:26.288] [modloading-worker-0/INFO] [quark/]: Found Quark module class vazkii.quark.content.building.module.SoulSandstoneModule
[16Feb2025 03:35:26.290] [modloading-worker-0/INFO] [quark/]: Found Quark module class vazkii.quark.content.building.module.VariantChestsModule
[16Feb2025 03:35:26.304] [modloading-worker-0/INFO] [quark/]: Found Quark module class vazkii.quark.content.building.module.LeafCarpetModule
[16Feb2025 03:35:26.308] [modloading-worker-0/INFO] [quark/]: Found Quark module class vazkii.quark.content.building.module.FramedGlassModule
[16Feb2025 03:35:26.316] [modloading-worker-0/INFO] [quark/]: Found Quark module class vazkii.quark.content.building.module.VerticalPlanksModule
[16Feb2025 03:35:26.317] [modloading-worker-0/INFO] [quark/]: Found Quark module class vazkii.quark.content.building.module.VariantFurnacesModule
[16Feb2025 03:35:26.320] [modloading-worker-0/INFO] [quark/]: Found Quark module class vazkii.quark.content.building.module.HedgesModule
[16Feb2025 03:35:26.321] [modloading-worker-0/INFO] [quark/]: Found Quark module class vazkii.quark.content.building.module.HollowLogsModule
[16Feb2025 03:35:26.323] [modloading-worker-0/INFO] [quark/]: Found Quark module class vazkii.quark.content.building.module.MidoriModule
[16Feb2025 03:35:26.325] [modloading-worker-0/INFO] [quark/]: Found Quark module class vazkii.quark.content.building.module.RainbowLampsModule
[16Feb2025 03:35:26.328] [modloading-worker-0/INFO] [quark/]: Found Quark module class vazkii.quark.content.building.module.VerticalSlabsModule
[16Feb2025 03:35:26.339] [modloading-worker-0/DEBUG] [net.minecraftforge.common.ForgeMod/FORGEMOD]: Loading Network data for FML net version: FML3
[16Feb2025 03:35:26.345] [modloading-worker-0/INFO] [quark/]: Found Quark module class vazkii.quark.content.building.module.ShinglesModule
[16Feb2025 03:35:26.347] [modloading-worker-0/INFO] [quark/]: Found Quark module class vazkii.quark.content.building.module.SturdyStoneModule
[16Feb2025 03:35:26.351] [modloading-worker-0/INFO] [quark/]: Found Quark module class vazkii.quark.content.building.module.StoolsModule
[16Feb2025 03:35:26.353] [modloading-worker-0/INFO] [quark/]: Found Quark module class vazkii.quark.content.building.module.RawMetalBricksModule
[16Feb2025 03:35:26.355] [modloading-worker-0/INFO] [quark/]: Found Quark module class vazkii.quark.content.building.module.MoreMudBlocksModule
[16Feb2025 03:35:26.356] [modloading-worker-0/INFO] [quark/]: Found Quark module class vazkii.quark.content.building.module.GrateModule
[16Feb2025 03:35:26.357] [modloading-worker-0/DEBUG] [net.minecraftforge.fml.config.ConfigTracker/CONFIG]: Config file forge-client.toml for forge tracking
[16Feb2025 03:35:26.358] [modloading-worker-0/DEBUG] [net.minecraftforge.fml.config.ConfigTracker/CONFIG]: Config file forge-server.toml for forge tracking
[16Feb2025 03:35:26.359] [modloading-worker-0/DEBUG] [net.minecraftforge.fml.config.ConfigTracker/CONFIG]: Config file forge-common.toml for forge tracking
[16Feb2025 03:35:26.364] [modloading-worker-0/INFO] [quark/]: Found Quark module class vazkii.quark.content.building.module.JapanesePaletteModule
[16Feb2025 03:35:26.367] [modloading-worker-0/DEBUG] [net.minecraftforge.fml.javafmlmod.AutomaticEventSubscriber/LOADING]: Attempting to inject @EventBusSubscriber classes into the eventbus for tconstruct
[16Feb2025 03:35:26.368] [modloading-worker-0/DEBUG] [net.minecraftforge.fml.javafmlmod.AutomaticEventSubscriber/LOADING]: Auto-subscribing slimeknights.tconstruct.TConstruct to MOD
[16Feb2025 03:35:26.369] [modloading-worker-0/DEBUG] [net.minecraftforge.fml.javafmlmod.AutomaticEventSubscriber/LOADING]: Auto-subscribing slimeknights.tconstruct.tools.logic.InteractionHandler to FORGE
[16Feb2025 03:35:26.371] [modloading-worker-0/INFO] [quark/]: Found Quark module class vazkii.quark.content.building.module.MoreBrickTypesModule
[16Feb2025 03:35:26.375] [modloading-worker-0/INFO] [quark/]: Found Quark module class vazkii.quark.content.building.module.GlassItemFrameModule
[16Feb2025 03:35:26.381] [modloading-worker-0/INFO] [quark/]: Found Quark module class vazkii.quark.content.building.module.IndustrialPaletteModule
[16Feb2025 03:35:26.383] [modloading-worker-0/DEBUG] [net.minecraftforge.fml.javafmlmod.AutomaticEventSubscriber/LOADING]: Auto-subscribing slimeknights.tconstruct.tools.logic.ModifierEvents to FORGE
[16Feb2025 03:35:26.386] [modloading-worker-0/INFO] [quark/]: Found Quark module class vazkii.quark.content.world.module.NetherObsidianSpikesModule
[16Feb2025 03:35:26.392] [modloading-worker-0/DEBUG] [net.minecraftforge.fml.javafmlmod.AutomaticEventSubscriber/LOADING]: Attempting to inject @EventBusSubscriber classes into the eventbus for forge
[16Feb2025 03:35:26.392] [modloading-worker-0/INFO] [quark/]: Found Quark module class vazkii.quark.content.world.module.PermafrostModule
[16Feb2025 03:35:26.394] [modloading-worker-0/DEBUG] [net.minecraftforge.fml.javafmlmod.AutomaticEventSubscriber/LOADING]: Auto-subscribing net.minecraftforge.common.ForgeSpawnEggItem$CommonHandler to MOD
[16Feb2025 03:35:26.399] [modloading-worker-0/INFO] [quark/]: Found Quark module class vazkii.quark.content.world.module.FairyRingsModule
[16Feb2025 03:35:26.402] [modloading-worker-0/INFO] [quark/]: Found Quark module class vazkii.quark.content.world.module.BigStoneClustersModule
[16Feb2025 03:35:26.409] [modloading-worker-0/DEBUG] [net.minecraftforge.fml.config.ConfigTracker/CONFIG]: Config file appleskin-client.toml for appleskin tracking
[16Feb2025 03:35:26.413] [modloading-worker-0/DEBUG] [net.minecraftforge.fml.javafmlmod.AutomaticEventSubscriber/LOADING]: Auto-subscribing slimeknights.tconstruct.tools.logic.ToolEvents to FORGE
[16Feb2025 03:35:26.415] [modloading-worker-0/DEBUG] [net.minecraftforge.fml.javafmlmod.AutomaticEventSubscriber/LOADING]: Attempting to inject @EventBusSubscriber classes into the eventbus for appleskin
[16Feb2025 03:35:26.415] [modloading-worker-0/INFO] [be.florens.expandability.ExpandAbility/]: ExpandAbility here, who dis?
[16Feb2025 03:35:26.415] [modloading-worker-0/INFO] [quark/]: Found Quark module class vazkii.quark.content.world.module.SpiralSpiresModule
[16Feb2025 03:35:26.423] [modloading-worker-0/DEBUG] [net.minecraftforge.fml.javafmlmod.AutomaticEventSubscriber/LOADING]: Attempting to inject @EventBusSubscriber classes into the eventbus for expandability
[16Feb2025 03:35:26.424] [modloading-worker-0/DEBUG] [net.minecraftforge.fml.javafmlmod.AutomaticEventSubscriber/LOADING]: Attempting to inject @EventBusSubscriber classes into the eventbus for moblassos
[16Feb2025 03:35:26.425] [modloading-worker-0/DEBUG] [net.minecraftforge.fml.javafmlmod.AutomaticEventSubscriber/LOADING]: Auto-subscribing fuzs.moblassos.MobLassosForge to MOD
[16Feb2025 03:35:26.426] [modloading-worker-0/INFO] [quark/]: Found Quark module class vazkii.quark.content.world.module.AncientWoodModule
[16Feb2025 03:35:26.430] [modloading-worker-0/DEBUG] [net.minecraftforge.fml.javafmlmod.AutomaticEventSubscriber/LOADING]: Auto-subscribing slimeknights.tconstruct.fluids.FluidEvents to FORGE
[16Feb2025 03:35:26.431] [modloading-worker-0/DEBUG] [net.minecraftforge.fml.javafmlmod.AutomaticEventSubscriber/LOADING]: Auto-subscribing slimeknights.tconstruct.world.WorldEvents to FORGE
[16Feb2025 03:35:26.430] [modloading-worker-0/INFO] [quark/]: Found Quark module class vazkii.quark.content.world.module.NewStoneTypesModule
[16Feb2025 03:35:26.434] [modloading-worker-0/INFO] [quark/]: Found Quark module class vazkii.quark.content.world.module.BlossomTreesModule
[16Feb2025 03:35:26.437] [modloading-worker-0/DEBUG] [net.minecraftforge.fml.javafmlmod.AutomaticEventSubscriber/LOADING]: Auto-subscribing slimeknights.tconstruct.shared.CommonsEvents to FORGE
[16Feb2025 03:35:26.436] [modloading-worker-0/INFO] [quark/]: Found Quark module class vazkii.quark.content.world.module.GlimmeringWealdModule
[16Feb2025 03:35:26.444] [modloading-worker-0/INFO] [Puzzles Lib/]: Constructing common components for mod moblassos
[16Feb2025 03:35:26.446] [modloading-worker-0/DEBUG] [net.minecraftforge.fml.javafmlmod.AutomaticEventSubscriber/LOADING]: Auto-subscribing slimeknights.tconstruct.shared.AchievementEvents to FORGE
[16Feb2025 03:35:26.447] [modloading-worker-0/DEBUG] [net.minecraftforge.fml.javafmlmod.AutomaticEventSubscriber/LOADING]: Auto-subscribing slimeknights.tconstruct.common.Sounds to MOD
[16Feb2025 03:35:26.449] [modloading-worker-0/DEBUG] [playerrevive/]: Created network playerrevive:main
[16Feb2025 03:35:26.451] [modloading-worker-0/DEBUG] [net.minecraftforge.fml.javafmlmod.AutomaticEventSubscriber/LOADING]: Attempting to inject @EventBusSubscriber classes into the eventbus for playerrevive
[16Feb2025 03:35:26.452] [modloading-worker-0/DEBUG] [net.minecraftforge.fml.javafmlmod.AutomaticEventSubscriber/LOADING]: Attempting to inject @EventBusSubscriber classes into the eventbus for geckolib3
[16Feb2025 03:35:26.452] [modloading-worker-0/DEBUG] [net.minecraftforge.fml.javafmlmod.AutomaticEventSubscriber/LOADING]: Auto-subscribing software.bernie.example.GeckoLibMod to FORGE
[16Feb2025 03:35:26.453] [modloading-worker-0/DEBUG] [net.minecraftforge.fml.javafmlmod.AutomaticEventSubscriber/LOADING]: Auto-subscribing software.bernie.example.CommonListener to MOD
[16Feb2025 03:35:26.445] [modloading-worker-0/INFO] [quark/]: Found Quark module class vazkii.quark.content.world.module.MonsterBoxModule
[16Feb2025 03:35:26.455] [modloading-worker-0/INFO] [quark/]: Found Quark module class vazkii.quark.content.world.module.AzaleaWoodModule
[16Feb2025 03:35:26.457] [modloading-worker-0/INFO] [quark/]: Found Quark module class vazkii.quark.content.world.module.NoMoreLavaPocketsModule
[16Feb2025 03:35:26.458] [modloading-worker-0/INFO] [quark/]: Found Quark module class vazkii.quark.content.world.module.CorundumModule
[16Feb2025 03:35:26.461] [modloading-worker-0/INFO] [quark/]: Found Quark module class vazkii.quark.content.world.module.ChorusVegetationModule
[16Feb2025 03:35:26.463] [modloading-worker-0/DEBUG] [net.minecraftforge.fml.javafmlmod.AutomaticEventSubscriber/LOADING]: Attempting to inject @EventBusSubscriber classes into the eventbus for embeddium
[16Feb2025 03:35:26.463] [modloading-worker-0/DEBUG] [net.minecraftforge.fml.javafmlmod.AutomaticEventSubscriber/LOADING]: Attempting to inject @EventBusSubscriber classes into the eventbus for rubidium
[16Feb2025 03:35:26.468] [modloading-worker-0/INFO] [quark/]: Found Quark module class vazkii.quark.content.client.module.CameraModule
[16Feb2025 03:35:26.473] [modloading-worker-0/INFO] [quark/]: Found Quark module class vazkii.quark.content.client.module.ElytraIndicatorModule
[16Feb2025 03:35:26.474] [modloading-worker-0/INFO] [quark/]: Found Quark module class vazkii.quark.content.client.module.ImprovedTooltipsModule
[16Feb2025 03:35:26.479] [modloading-worker-0/INFO] [quark/]: Found Quark module class vazkii.quark.content.client.module.GreenerGrassModule
[16Feb2025 03:35:26.485] [modloading-worker-0/DEBUG] [net.minecraftforge.fml.config.ConfigTracker/CONFIG]: Config file moblassos-server.toml for moblassos tracking
[16Feb2025 03:35:26.490] [modloading-worker-0/INFO] [quark/]: Found Quark module class vazkii.quark.content.client.module.BucketsShowInhabitantsModule
[16Feb2025 03:35:26.491] [modloading-worker-0/INFO] [quark/]: Found Quark module class vazkii.quark.content.client.module.SoulCandlesModule
[16Feb2025 03:35:26.493] [modloading-worker-0/INFO] [quark/]: Found Quark module class vazkii.quark.content.client.module.AutoWalkKeybindModule
[16Feb2025 03:35:26.497] [modloading-worker-0/INFO] [quark/]: Found Quark module class vazkii.quark.content.client.module.VariantAnimalTexturesModule
[16Feb2025 03:35:26.498] [modloading-worker-0/INFO] [quark/]: Found Quark module class vazkii.quark.content.client.module.MicrocraftingHelperModule
[16Feb2025 03:35:26.510] [modloading-worker-0/INFO] [quark/]: Found Quark module class vazkii.quark.content.client.module.UsesForCursesModule
[16Feb2025 03:35:26.511] [modloading-worker-0/INFO] [quark/]: Found Quark module class vazkii.quark.content.client.module.WoolShutsUpMinecartsModule
[16Feb2025 03:35:26.512] [modloading-worker-0/INFO] [quark/]: Found Quark module class vazkii.quark.content.client.module.BackButtonKeybindModule
[16Feb2025 03:35:26.513] [modloading-worker-0/INFO] [quark/]: Found Quark module class vazkii.quark.content.client.module.ChestSearchingModule
[16Feb2025 03:35:26.515] [modloading-worker-0/INFO] [quark/]: Found Quark module class vazkii.quark.content.client.module.LongRangePickBlockModule
[16Feb2025 03:35:26.518] [modloading-worker-0/INFO] [quark/]: Found Quark module class vazkii.quark.content.client.module.UsageTickerModule
[16Feb2025 03:35:26.519] [modloading-worker-0/INFO] [quark/]: Found Quark module class vazkii.quark.content.automation.module.PistonsMoveTileEntitiesModule
[16Feb2025 03:35:26.526] [modloading-worker-0/INFO] [quark/]: Found Quark module class vazkii.quark.content.automation.module.EnderWatcherModule
[16Feb2025 03:35:26.528] [modloading-worker-0/INFO] [quark/]: Found Quark module class vazkii.quark.content.automation.module.RedstoneRandomizerModule
[16Feb2025 03:35:26.531] [modloading-worker-0/INFO] [quark/]: Found Quark module class vazkii.quark.content.automation.module.FeedingTroughModule
[16Feb2025 03:35:26.540] [modloading-worker-0/INFO] [quark/]: Found Quark module class vazkii.quark.content.automation.module.MetalButtonsModule
[16Feb2025 03:35:26.542] [modloading-worker-0/INFO] [quark/]: Found Quark module class vazkii.quark.content.automation.module.IronRodModule
[16Feb2025 03:35:26.544] [modloading-worker-0/INFO] [quark/]: Found Quark module class vazkii.quark.content.automation.module.ObsidianPlateModule
[16Feb2025 03:35:26.545] [modloading-worker-0/DEBUG] [net.minecraftforge.fml.config.ConfigTracker/CONFIG]: Config file corpse-server.toml for corpse tracking
[16Feb2025 03:35:26.545] [modloading-worker-0/INFO] [quark/]: Found Quark module class vazkii.quark.content.automation.module.ChainsConnectBlocksModule
[16Feb2025 03:35:26.550] [modloading-worker-0/INFO] [quark/]: Found Quark module class vazkii.quark.content.automation.module.GravisandModule
[16Feb2025 03:35:26.551] [modloading-worker-0/DEBUG] [net.minecraftforge.fml.javafmlmod.AutomaticEventSubscriber/LOADING]: Attempting to inject @EventBusSubscriber classes into the eventbus for corpse
[16Feb2025 03:35:26.551] [modloading-worker-0/DEBUG] [net.minecraftforge.fml.javafmlmod.AutomaticEventSubscriber/LOADING]: Auto-subscribing de.maxhenkel.corpse.Main to FORGE
[16Feb2025 03:35:26.552] [modloading-worker-0/INFO] [quark/]: Found Quark module class vazkii.quark.content.automation.module.JukeboxAutomationModule
[16Feb2025 03:35:26.553] [modloading-worker-0/INFO] [quark/]: Found Quark module class vazkii.quark.content.automation.module.DispensersPlaceBlocksModule
[16Feb2025 03:35:26.554] [modloading-worker-0/INFO] [quark/]: Found Quark module class vazkii.quark.content.automation.module.ChuteModule
[16Feb2025 03:35:26.558] [modloading-worker-0/INFO] [quark/]: Found Quark module class vazkii.quark.content.management.module.QuickArmorSwappingModule
[16Feb2025 03:35:26.561] [modloading-worker-0/INFO] [quark/]: Found Quark module class vazkii.quark.content.management.module.ItemSharingModule
[16Feb2025 03:35:26.563] [modloading-worker-0/INFO] [quark/]: Found Quark module class vazkii.quark.content.management.module.AutomaticToolRestockModule
[16Feb2025 03:35:26.567] [modloading-worker-0/INFO] [quark/]: Found Quark module class vazkii.quark.content.management.module.ExpandedItemInteractionsModule
[16Feb2025 03:35:26.570] [modloading-worker-0/INFO] [quark/]: Found Quark module class vazkii.quark.content.management.module.InventorySortingModule
[16Feb2025 03:35:26.573] [modloading-worker-0/INFO] [quark/]: Found Quark module class vazkii.quark.content.management.module.HotbarChangerModule
[16Feb2025 03:35:26.575] [modloading-worker-0/INFO] [quark/]: Found Quark module class vazkii.quark.content.management.module.EasyTransferingModule
[16Feb2025 03:35:26.578] [modloading-worker-0/INFO] [quark/]: Found Quark module class vazkii.quark.content.tweaks.module.GoldToolsHaveFortuneModule
[16Feb2025 03:35:26.582] [modloading-worker-0/INFO] [quark/]: Found Quark module class vazkii.quark.content.tweaks.module.AutomaticRecipeUnlockModule
[16Feb2025 03:35:26.584] [modloading-worker-0/INFO] [quark/]: Found Quark module class vazkii.quark.content.tweaks.module.UtilityRecipesModule
[16Feb2025 03:35:26.593] [modloading-worker-0/INFO] [quark/]: Found Quark module class vazkii.quark.content.tweaks.module.PoisonPotatoUsageModule
[16Feb2025 03:35:26.596] [modloading-worker-0/INFO] [quark/]: Found Quark module class vazkii.quark.content.tweaks.module.BetterElytraRocketModule
[16Feb2025 03:35:26.597] [modloading-worker-0/INFO] [quark/]: Found Quark module class vazkii.quark.content.tweaks.module.RenewableSporeBlossomsModule
[16Feb2025 03:35:26.601] [modloading-worker-0/INFO] [quark/]: Found Quark module class vazkii.quark.content.tweaks.module.CoralOnCactusModule
[16Feb2025 03:35:26.604] [modloading-worker-0/INFO] [quark/]: Found Quark module class vazkii.quark.content.tweaks.module.GlassShardModule
[16Feb2025 03:35:26.606] [modloading-worker-0/INFO] [quark/]: Found Quark module class vazkii.quark.content.tweaks.module.PigLittersModule
[16Feb2025 03:35:26.608] [modloading-worker-0/INFO] [quark/]: Found Quark module class vazkii.quark.content.tweaks.module.CampfiresBoostElytraModule
[16Feb2025 03:35:26.610] [modloading-worker-0/INFO] [quark/]: Found Quark module class vazkii.quark.content.tweaks.module.DyeableItemFramesModule
[16Feb2025 03:35:26.612] [modloading-worker-0/INFO] [quark/]: Found Quark module class vazkii.quark.content.tweaks.module.SlabsToBlocksModule
[16Feb2025 03:35:26.618] [modloading-worker-0/INFO] [quark/]: Found Quark module class vazkii.quark.content.tweaks.module.MapWashingModule
[16Feb2025 03:35:26.620] [modloading-worker-0/INFO] [quark/]: Found Quark module class vazkii.quark.content.tweaks.module.EnhancedLaddersModule
[16Feb2025 03:35:26.622] [modloading-worker-0/INFO] [quark/]: Found Quark module class vazkii.quark.content.tweaks.module.ReacharoundPlacingModule
[16Feb2025 03:35:26.625] [modloading-worker-0/INFO] [quark/]: Found Quark module class vazkii.quark.content.tweaks.module.HorsesSwimModule
[16Feb2025 03:35:26.625] [modloading-worker-0/INFO] [quark/]: Found Quark module class vazkii.quark.content.tweaks.module.SpongeOnWaterPlacementModule
[16Feb2025 03:35:26.631] [modloading-worker-0/INFO] [quark/]: Found Quark module class vazkii.quark.content.tweaks.module.ArmedArmorStandsModule
[16Feb2025 03:35:26.634] [modloading-worker-0/INFO] [quark/]: Found Quark module class vazkii.quark.content.tweaks.module.DoubleDoorOpeningModule
[16Feb2025 03:35:26.635] [modloading-worker-0/INFO] [quark/]: Found Quark module class vazkii.quark.content.tweaks.module.ZombieVillagersOnNormalModule
[16Feb2025 03:35:26.639] [modloading-worker-0/INFO] [quark/]: Found Quark module class vazkii.quark.content.tweaks.module.HoeHarvestingModule
[16Feb2025 03:35:26.640] [modloading-worker-0/INFO] [quark/]: Found Quark module class vazkii.quark.content.tweaks.module.EmotesModule
[16Feb2025 03:35:26.644] [modloading-worker-0/INFO] [quark/]: Found Quark module class vazkii.quark.content.tweaks.module.SlimesToMagmaCubesModule
[16Feb2025 03:35:26.645] [modloading-worker-0/INFO] [quark/]: Found Quark module class vazkii.quark.content.tweaks.module.SnowGolemPlayerHeadsModule
[16Feb2025 03:35:26.647] [modloading-worker-0/INFO] [quark/]: Found Quark module class vazkii.quark.content.tweaks.module.VexesDieWithTheirMastersModule
[16Feb2025 03:35:26.648] [modloading-worker-0/INFO] [quark/]: Found Quark module class vazkii.quark.content.tweaks.module.MoreNoteBlockSoundsModule
[16Feb2025 03:35:26.651] [modloading-worker-0/INFO] [quark/]: Found Quark module class vazkii.quark.content.tweaks.module.PatTheDogsModule
[16Feb2025 03:35:26.654] [modloading-worker-0/INFO] [quark/]: Found Quark module class vazkii.quark.content.tweaks.module.GrabChickensModule
[16Feb2025 03:35:26.658] [modloading-worker-0/INFO] [quark/]: Found Quark module class vazkii.quark.content.tweaks.module.MoreBannerLayersModule
[16Feb2025 03:35:26.664] [modloading-worker-0/INFO] [quark/]: Found Quark module class vazkii.quark.content.tweaks.module.ReplaceScaffoldingModule
[16Feb2025 03:35:26.665] [modloading-worker-0/INFO] [quark/]: Found Quark module class vazkii.quark.content.tweaks.module.DiamondRepairModule
[16Feb2025 03:35:26.666] [modloading-worker-0/INFO] [quark/]: Found Quark module class vazkii.quark.content.tweaks.module.SaferCreaturesModule
[16Feb2025 03:35:26.667] [modloading-worker-0/INFO] [quark/]: Found Quark module class vazkii.quark.content.tweaks.module.LockRotationModule
[16Feb2025 03:35:26.668] [modloading-worker-0/INFO] [quark/]: Found Quark module class vazkii.quark.content.tweaks.module.VillagersFollowEmeraldsModule
[16Feb2025 03:35:26.671] [modloading-worker-0/INFO] [quark/]: Found Quark module class vazkii.quark.content.tweaks.module.CompassesWorkEverywhereModule
[16Feb2025 03:35:26.672] [modloading-worker-0/INFO] [quark/]: Found Quark module class vazkii.quark.content.tweaks.module.NoDurabilityOnCosmeticsModule
[16Feb2025 03:35:26.674] [modloading-worker-0/INFO] [quark/]: Found Quark module class vazkii.quark.content.tweaks.module.SpongesBetterModule
[16Feb2025 03:35:26.677] [modloading-worker-0/INFO] [quark/]: Found Quark module class vazkii.quark.content.tweaks.module.SignEditingModule
[16Feb2025 03:35:26.680] [modloading-worker-0/INFO] [quark/]: Found Quark module class vazkii.quark.content.tweaks.module.SimpleHarvestModule
[16Feb2025 03:35:26.682] [modloading-worker-0/INFO] [quark/]: Found Quark module class vazkii.quark.content.tweaks.module.DragonScalesModule
[16Feb2025 03:35:26.683] [modloading-worker-0/INFO] [quark/]: Found Quark module class vazkii.quark.content.tweaks.module.ShulkerPackingModule
[16Feb2025 03:35:26.686] [modloading-worker-0/INFO] [quark/]: Found Quark module class vazkii.quark.content.mobs.module.FoxhoundModule
[16Feb2025 03:35:26.692] [modloading-worker-0/INFO] [quark/]: Found Quark module class vazkii.quark.content.mobs.module.WraithModule
[16Feb2025 03:35:26.695] [modloading-worker-0/INFO] [quark/]: Found Quark module class vazkii.quark.content.mobs.module.CrabsModule
[16Feb2025 03:35:26.698] [modloading-worker-0/INFO] [quark/]: Found Quark module class vazkii.quark.content.mobs.module.ForgottenModule
[16Feb2025 03:35:26.709] [modloading-worker-0/INFO] [quark/]: Found Quark module class vazkii.quark.content.mobs.module.ShibaModule
[16Feb2025 03:35:26.711] [modloading-worker-0/INFO] [quark/]: Found Quark module class vazkii.quark.content.mobs.module.StonelingsModule
[16Feb2025 03:35:26.714] [modloading-worker-0/INFO] [quark/]: Found Quark module class vazkii.quark.content.mobs.module.ToretoiseModule
[16Feb2025 03:35:26.717] [modloading-worker-0/INFO] [quark/]: Found Quark module class vazkii.quark.content.tools.module.BeaconRedirectionModule
[16Feb2025 03:35:26.720] [modloading-worker-0/INFO] [quark/]: Found Quark module class vazkii.quark.content.tools.module.AmbientDiscsModule
[16Feb2025 03:35:26.723] [modloading-worker-0/INFO] [quark/]: Found Quark module class vazkii.quark.content.tools.module.PathfinderMapsModule
[16Feb2025 03:35:26.728] [modloading-worker-0/INFO] [quark/]: Found Quark module class vazkii.quark.content.tools.module.ColorRunesModule
[16Feb2025 03:35:26.732] [modloading-worker-0/INFO] [quark/]: Found Quark module class vazkii.quark.content.tools.module.PickarangModule
[16Feb2025 03:35:26.740] [modloading-worker-0/INFO] [quark/]: Found Quark module class vazkii.quark.content.tools.module.ParrotEggsModule
[16Feb2025 03:35:26.741] [modloading-worker-0/INFO] [quark/]: Found Quark module class vazkii.quark.content.tools.module.TrowelModule
[16Feb2025 03:35:26.743] [modloading-worker-0/INFO] [quark/]: Found Quark module class vazkii.quark.content.tools.module.AbacusModule
[16Feb2025 03:35:26.747] [modloading-worker-0/INFO] [quark/]: Found Quark module class vazkii.quark.content.tools.module.BottledCloudModule
[16Feb2025 03:35:26.750] [modloading-worker-0/INFO] [quark/]: Found Quark module class vazkii.quark.content.tools.module.TorchArrowModule
[16Feb2025 03:35:26.752] [modloading-worker-0/INFO] [quark/]: Found Quark module class vazkii.quark.content.tools.module.BundleRecipeModule
[16Feb2025 03:35:26.755] [modloading-worker-0/INFO] [quark/]: Found Quark module class vazkii.quark.content.tools.module.AncientTomesModule
[16Feb2025 03:35:26.757] [modloading-worker-0/INFO] [quark/]: Found Quark module class vazkii.quark.content.tools.module.EndermoshMusicDiscModule
[16Feb2025 03:35:26.760] [modloading-worker-0/INFO] [quark/]: Found Quark module class vazkii.quark.content.tools.module.SeedPouchModule
[16Feb2025 03:35:26.765] [modloading-worker-0/INFO] [quark/]: Found Quark module class vazkii.quark.content.tools.module.SkullPikesModule
[16Feb2025 03:35:26.769] [modloading-worker-0/INFO] [quark/]: Found Quark module class vazkii.quark.content.tools.module.SlimeInABucketModule
[16Feb2025 03:35:26.771] [modloading-worker-0/INFO] [quark/]: Found Quark module class vazkii.quark.addons.oddities.module.PipesModule
[16Feb2025 03:35:26.775] [modloading-worker-0/INFO] [quark/]: Found Quark module class vazkii.quark.addons.oddities.module.BackpackModule
[16Feb2025 03:35:26.777] [modloading-worker-0/INFO] [quark/]: Found Quark module class vazkii.quark.addons.oddities.module.TinyPotatoModule
[16Feb2025 03:35:26.783] [modloading-worker-0/INFO] [quark/]: Found Quark module class vazkii.quark.addons.oddities.module.MatrixEnchantingModule
[16Feb2025 03:35:26.787] [modloading-worker-0/INFO] [quark/]: Found Quark module class vazkii.quark.addons.oddities.module.TotemOfHoldingModule
[16Feb2025 03:35:26.789] [modloading-worker-0/INFO] [quark/]: Found Quark module class vazkii.quark.addons.oddities.module.CrateModule
[16Feb2025 03:35:26.800] [modloading-worker-0/DEBUG] [net.minecraftforge.fml.javafmlmod.AutomaticEventSubscriber/LOADING]: Attempting to inject @EventBusSubscriber classes into the eventbus for undead_revamp2
[16Feb2025 03:35:26.800] [modloading-worker-0/DEBUG] [net.minecraftforge.fml.javafmlmod.AutomaticEventSubscriber/LOADING]: Auto-subscribing net.mcreator.undeadrevamp.recipes.brewing.MooncraftBrewingRecipe to MOD
[16Feb2025 03:35:26.801] [modloading-worker-0/DEBUG] [net.minecraftforge.fml.javafmlmod.AutomaticEventSubscriber/LOADING]: Auto-subscribing net.mcreator.undeadrevamp.recipes.brewing.BebopotionBrewingRecipe to MOD
[16Feb2025 03:35:26.802] [modloading-worker-0/DEBUG] [net.minecraftforge.fml.javafmlmod.AutomaticEventSubscriber/LOADING]: Auto-subscribing net.mcreator.undeadrevamp.procedures.SpitattackProcedure to FORGE
[16Feb2025 03:35:26.803] [modloading-worker-0/DEBUG] [net.minecraftforge.fml.javafmlmod.AutomaticEventSubscriber/LOADING]: Auto-subscribing net.mcreator.undeadrevamp.procedures.HitstackProcedure to FORGE
[16Feb2025 03:35:26.805] [modloading-worker-0/DEBUG] [net.minecraftforge.fml.javafmlmod.AutomaticEventSubscriber/LOADING]: Auto-subscribing net.mcreator.undeadrevamp.network.BlackpetalblockSlotMessage to MOD
[16Feb2025 03:35:26.804] [modloading-worker-0/INFO] [quark/]: Found Quark module class vazkii.quark.addons.oddities.module.MagnetsModule
[16Feb2025 03:35:26.807] [modloading-worker-0/DEBUG] [net.minecraftforge.fml.javafmlmod.AutomaticEventSubscriber/LOADING]: Auto-subscribing net.mcreator.undeadrevamp.network.BlackpetalblockButtonMessage to MOD
[16Feb2025 03:35:26.809] [modloading-worker-0/DEBUG] [net.minecraftforge.fml.javafmlmod.AutomaticEventSubscriber/LOADING]: Auto-subscribing net.mcreator.undeadrevamp.init.UndeadRevamp2ModTrades to FORGE
[16Feb2025 03:35:26.811] [modloading-worker-0/DEBUG] [net.minecraftforge.fml.javafmlmod.AutomaticEventSubscriber/LOADING]: Auto-subscribing net.mcreator.undeadrevamp.init.UndeadRevamp2ModGameRules to MOD
[16Feb2025 03:35:26.812] [modloading-worker-0/DEBUG] [mixin/]: Mixing accessor.BooleanValueForgeAccessor from puzzleslib.forge.mixins.json into net.minecraft.world.level.GameRules$BooleanValue
[16Feb2025 03:35:26.812] [modloading-worker-0/DEBUG] [mixin/]: Renaming @Invoker method puzzleslib$callCreate(ZLjava/util/function/BiConsumer;)Lnet/minecraft/world/level/GameRules$Type; to puzzleslib$callCreate_$md$d1c143$0 in puzzleslib.forge.mixins.json:accessor.BooleanValueForgeAccessor
[16Feb2025 03:35:26.810] [modloading-worker-0/INFO] [quark/]: Dispatching Module Step CONSTRUCT
[16Feb2025 03:35:26.819] [modloading-worker-0/DEBUG] [mixin/]: Mixing collections.gamerules.GameRulesMixin from canary.mixins.json into net.minecraft.world.level.GameRules
[16Feb2025 03:35:26.845] [modloading-worker-0/DEBUG] [mixin/]: Mixing accessor.IntegerValueForgeAccessor from puzzleslib.forge.mixins.json into net.minecraft.world.level.GameRules$IntegerValue
[16Feb2025 03:35:26.847] [modloading-worker-0/DEBUG] [mixin/]: Renaming @Invoker method puzzleslib$callCreate(ILjava/util/function/BiConsumer;)Lnet/minecraft/world/level/GameRules$Type; to puzzleslib$callCreate_$md$d1c143$0 in puzzleslib.forge.mixins.json:accessor.IntegerValueForgeAccessor
[16Feb2025 03:35:26.850] [modloading-worker-0/DEBUG] [net.minecraftforge.fml.javafmlmod.AutomaticEventSubscriber/LOADING]: Auto-subscribing net.mcreator.undeadrevamp.init.UndeadRevamp2ModFeatures to FORGE
[16Feb2025 03:35:26.850] [modloading-worker-0/DEBUG] [net.minecraftforge.fml.javafmlmod.AutomaticEventSubscriber/LOADING]: Auto-subscribing net.mcreator.undeadrevamp.init.UndeadRevamp2ModEntities to MOD
[16Feb2025 03:35:26.850] [modloading-worker-0/DEBUG] [net.minecraftforge.fml.javafmlmod.AutomaticEventSubscriber/LOADING]: Auto-subscribing net.mcreator.undeadrevamp.init.EntityAnimationFactory to FORGE
[16Feb2025 03:35:26.872] [modloading-worker-0/DEBUG] [net.minecraftforge.fml.javafmlmod.AutomaticEventSubscriber/LOADING]: Attempting to inject @EventBusSubscriber classes into the eventbus for iceandfire
[16Feb2025 03:35:26.872] [modloading-worker-0/DEBUG] [net.minecraftforge.fml.javafmlmod.AutomaticEventSubscriber/LOADING]: Auto-subscribing com.github.alexthe666.iceandfire.recipe.IafRecipeRegistry to MOD
[16Feb2025 03:35:26.872] [modloading-worker-0/DEBUG] [net.minecraftforge.fml.javafmlmod.AutomaticEventSubscriber/LOADING]: Auto-subscribing com.github.alexthe666.iceandfire.misc.IafSoundRegistry to MOD
[16Feb2025 03:35:26.873] [modloading-worker-0/DEBUG] [net.minecraftforge.fml.javafmlmod.AutomaticEventSubscriber/LOADING]: Auto-subscribing com.github.alexthe666.iceandfire.misc.IafDamageRegistry to MOD
[16Feb2025 03:35:26.874] [modloading-worker-0/DEBUG] [net.minecraftforge.fml.javafmlmod.AutomaticEventSubscriber/LOADING]: Auto-subscribing com.github.alexthe666.iceandfire.item.IafItemRegistry to MOD
[16Feb2025 03:35:26.875] [modloading-worker-0/DEBUG] [net.minecraftforge.fml.javafmlmod.AutomaticEventSubscriber/LOADING]: Auto-subscribing com.github.alexthe666.iceandfire.event.ServerEvents to FORGE
[16Feb2025 03:35:26.880] [modloading-worker-0/DEBUG] [net.minecraftforge.fml.javafmlmod.AutomaticEventSubscriber/LOADING]: Auto-subscribing com.github.alexthe666.iceandfire.entity.IafVillagerRegistry to MOD
[16Feb2025 03:35:26.881] [modloading-worker-0/DEBUG] [net.minecraftforge.fml.javafmlmod.AutomaticEventSubscriber/LOADING]: Auto-subscribing com.github.alexthe666.iceandfire.entity.IafEntityRegistry to MOD
[16Feb2025 03:35:26.882] [modloading-worker-0/DEBUG] [net.minecraftforge.fml.javafmlmod.AutomaticEventSubscriber/LOADING]: Auto-subscribing com.github.alexthe666.iceandfire.datagen.DataGenerators to MOD
[16Feb2025 03:35:26.883] [modloading-worker-0/DEBUG] [net.minecraftforge.fml.javafmlmod.AutomaticEventSubscriber/LOADING]: Auto-subscribing com.github.alexthe666.iceandfire.block.IafBlockRegistry to MOD
[16Feb2025 03:35:26.883] [modloading-worker-0/DEBUG] [net.minecraftforge.fml.javafmlmod.AutomaticEventSubscriber/LOADING]: Auto-subscribing com.github.alexthe666.iceandfire.IceAndFire to FORGE
[16Feb2025 03:35:26.883] [modloading-worker-0/DEBUG] [net.minecraftforge.fml.javafmlmod.AutomaticEventSubscriber/LOADING]: Auto-subscribing com.github.alexthe666.iceandfire.CommonProxy to MOD
[16Feb2025 03:35:26.954] [modloading-worker-0/DEBUG] [net.minecraftforge.fml.config.ConfigTracker/CONFIG]: Config file quark-common.toml for quark tracking
[16Feb2025 03:35:26.990] [modloading-worker-0/INFO] [quark/]: Loading Module Pistons Move Tile Entities
[16Feb2025 03:35:26.993] [modloading-worker-0/INFO] [quark/]: Loading Module Ender Watcher
[16Feb2025 03:35:26.993] [modloading-worker-0/INFO] [quark/]: Loading Module Redstone Randomizer
[16Feb2025 03:35:26.993] [modloading-worker-0/INFO] [quark/]: Loading Module Feeding Trough
[16Feb2025 03:35:26.995] [modloading-worker-0/INFO] [quark/]: Loading Module Metal Buttons
[16Feb2025 03:35:26.995] [modloading-worker-0/INFO] [quark/]: Loading Module Iron Rod
[16Feb2025 03:35:26.995] [modloading-worker-0/INFO] [quark/]: Loading Module Obsidian Plate
[16Feb2025 03:35:26.996] [modloading-worker-0/INFO] [quark/]: Loading Module Chains Connect Blocks
[16Feb2025 03:35:26.996] [modloading-worker-0/INFO] [quark/]: Loading Module Gravisand
[16Feb2025 03:35:26.996] [modloading-worker-0/INFO] [quark/]: Loading Module Jukebox Automation
[16Feb2025 03:35:26.998] [modloading-worker-0/INFO] [quark/]: Loading Module Dispensers Place Blocks
[16Feb2025 03:35:26.998] [modloading-worker-0/INFO] [quark/]: Loading Module Chute
[16Feb2025 03:35:26.998] [modloading-worker-0/INFO] [quark/]: Loading Module Variant Ladders
[16Feb2025 03:35:26.998] [modloading-worker-0/INFO] [quark/]: Loading Module Variant Bookshelves
[16Feb2025 03:35:26.998] [modloading-worker-0/INFO] [quark/]: Loading Module Bamboo Backport
[16Feb2025 03:35:26.999] [modloading-worker-0/INFO] [quark/]: Loading Module Compressed Blocks
[16Feb2025 03:35:26.999] [modloading-worker-0/INFO] [quark/]: Loading Module More Potted Plants
[16Feb2025 03:35:26.999] [modloading-worker-0/INFO] [quark/]: Loading Module Duskbound Blocks
[16Feb2025 03:35:26.999] [modloading-worker-0/INFO] [quark/]: Loading Module Wooden Posts
[16Feb2025 03:35:26.999] [modloading-worker-0/INFO] [quark/]: Loading Module Thatch
[16Feb2025 03:35:27.000] [modloading-worker-0/INFO] [quark/]: Loading Module More Stone Variants
[16Feb2025 03:35:27.000] [modloading-worker-0/INFO] [quark/]: Loading Module Shear Vines
[16Feb2025 03:35:27.003] [modloading-worker-0/INFO] [quark/]: Loading Module Nether Brick Fence Gate
[16Feb2025 03:35:27.004] [modloading-worker-0/INFO] [quark/]: Loading Module Gold Bars
[16Feb2025 03:35:27.004] [modloading-worker-0/INFO] [quark/]: Loading Module Rope
[16Feb2025 03:35:27.005] [modloading-worker-0/INFO] [quark/]: Loading Module Celebratory Lamps
[16Feb2025 03:35:27.005] [modloading-worker-0/INFO] [quark/]: Loading Module Soul Sandstone
[16Feb2025 03:35:27.005] [modloading-worker-0/INFO] [quark/]: Loading Module Variant Chests
[16Feb2025 03:35:27.011] [modloading-worker-0/INFO] [quark/]: Loading Module Leaf Carpet
[16Feb2025 03:35:27.012] [modloading-worker-0/INFO] [quark/]: Loading Module Framed Glass
[16Feb2025 03:35:27.012] [modloading-worker-0/INFO] [quark/]: Loading Module Vertical Planks
[16Feb2025 03:35:27.013] [modloading-worker-0/INFO] [quark/]: Loading Module Variant Furnaces
[16Feb2025 03:35:27.013] [modloading-worker-0/INFO] [quark/]: Loading Module Hedges
[16Feb2025 03:35:27.013] [modloading-worker-0/INFO] [quark/]: Loading Module Hollow Logs
[16Feb2025 03:35:27.014] [modloading-worker-0/INFO] [quark/]: Loading Module Midori
[16Feb2025 03:35:27.015] [modloading-worker-0/INFO] [quark/]: Loading Module Rainbow Lamps
[16Feb2025 03:35:27.015] [modloading-worker-0/INFO] [quark/]: Loading Module Vertical Slabs
[16Feb2025 03:35:27.015] [modloading-worker-0/INFO] [quark/]: Loading Module Shingles
[16Feb2025 03:35:27.016] [modloading-worker-0/INFO] [quark/]: Loading Module Sturdy Stone
[16Feb2025 03:35:27.016] [modloading-worker-0/INFO] [quark/]: Loading Module Stools
[16Feb2025 03:35:27.020] [modloading-worker-0/INFO] [quark/]: Loading Module Raw Metal Bricks
[16Feb2025 03:35:27.021] [modloading-worker-0/INFO] [quark/]: Loading Module More Mud Blocks
[16Feb2025 03:35:27.021] [modloading-worker-0/INFO] [quark/]: Loading Module Grate
[16Feb2025 03:35:27.021] [modloading-worker-0/INFO] [quark/]: Loading Module Japanese Palette
[16Feb2025 03:35:27.021] [modloading-worker-0/INFO] [quark/]: Loading Module More Brick Types
[16Feb2025 03:35:27.022] [modloading-worker-0/INFO] [quark/]: Loading Module Glass Item Frame
[16Feb2025 03:35:27.022] [modloading-worker-0/INFO] [quark/]: Loading Module Industrial Palette
[16Feb2025 03:35:27.022] [modloading-worker-0/INFO] [quark/]: Loading Module Quick Armor Swapping
[16Feb2025 03:35:27.024] [modloading-worker-0/INFO] [quark/]: Loading Module Item Sharing
[16Feb2025 03:35:27.024] [modloading-worker-0/INFO] [quark/]: Loading Module Automatic Tool Restock
[16Feb2025 03:35:27.027] [modloading-worker-0/INFO] [quark/]: Loading Module Expanded Item Interactions
[16Feb2025 03:35:27.028] [modloading-worker-0/INFO] [quark/]: Loading Module Inventory Sorting
[16Feb2025 03:35:27.029] [modloading-worker-0/INFO] [quark/]: Loading Module Hotbar Changer
[16Feb2025 03:35:27.029] [modloading-worker-0/INFO] [quark/]: Loading Module Easy Transfering
[16Feb2025 03:35:27.029] [modloading-worker-0/INFO] [quark/]: Loading Module Beacon Redirection
[16Feb2025 03:35:27.029] [modloading-worker-0/INFO] [quark/]: Loading Module Ambient Discs
[16Feb2025 03:35:27.030] [modloading-worker-0/INFO] [quark/]: Loading Module Pathfinder Maps
[16Feb2025 03:35:27.036] [modloading-worker-0/INFO] [quark/]: Loading Module Color Runes
[16Feb2025 03:35:27.042] [modloading-worker-0/INFO] [quark/]: Loading Module Pickarang
[16Feb2025 03:35:27.043] [modloading-worker-0/INFO] [quark/]: Loading Module Parrot Eggs
[16Feb2025 03:35:27.045] [modloading-worker-0/INFO] [quark/]: Loading Module Trowel
[16Feb2025 03:35:27.046] [modloading-worker-0/INFO] [quark/]: Loading Module Abacus
[16Feb2025 03:35:27.047] [modloading-worker-0/INFO] [quark/]: Loading Module Bottled Cloud
[16Feb2025 03:35:27.048] [modloading-worker-0/INFO] [quark/]: Loading Module Torch Arrow
[16Feb2025 03:35:27.049] [modloading-worker-0/INFO] [quark/]: Loading Module Bundle Recipe
[16Feb2025 03:35:27.049] [modloading-worker-0/INFO] [quark/]: Loading Module Ancient Tomes
[16Feb2025 03:35:27.050] [modloading-worker-0/DEBUG] [mixin/]: Mixing MerchantOfferMixin from quark.mixins.json into net.minecraft.world.item.trading.MerchantOffer
[16Feb2025 03:35:27.051] [modloading-worker-0/DEBUG] [mixin/]: Mixing accessor.AccessorMerchantOffer from quark.mixins.json into net.minecraft.world.item.trading.MerchantOffer
[16Feb2025 03:35:27.058] [modloading-worker-0/INFO] [quark/]: Loading Module Endermosh Music Disc
[16Feb2025 03:35:27.059] [modloading-worker-0/INFO] [quark/]: Loading Module Seed Pouch
[16Feb2025 03:35:27.060] [modloading-worker-0/INFO] [quark/]: Loading Module Skull Pikes
[16Feb2025 03:35:27.061] [modloading-worker-0/INFO] [quark/]: Loading Module Slime In A Bucket
[16Feb2025 03:35:27.062] [modloading-worker-0/INFO] [quark/]: Loading Module Gold Tools Have Fortune
[16Feb2025 03:35:27.063] [modloading-worker-0/INFO] [quark/]: Loading Module Automatic Recipe Unlock
[16Feb2025 03:35:27.064] [modloading-worker-0/INFO] [quark/]: Loading Module Utility Recipes
[16Feb2025 03:35:27.066] [modloading-worker-0/INFO] [quark/]: Loading Module Poison Potato Usage
[16Feb2025 03:35:27.067] [modloading-worker-0/INFO] [quark/]: Loading Module Better Elytra Rocket
[16Feb2025 03:35:27.068] [modloading-worker-0/INFO] [quark/]: Loading Module Renewable Spore Blossoms
[16Feb2025 03:35:27.070] [modloading-worker-0/INFO] [quark/]: Loading Module Coral On Cactus
[16Feb2025 03:35:27.070] [modloading-worker-0/INFO] [quark/]: Loading Module Glass Shard
[16Feb2025 03:35:27.071] [modloading-worker-0/INFO] [quark/]: Loading Module Pig Litters
[16Feb2025 03:35:27.073] [modloading-worker-0/INFO] [quark/]: Loading Module Campfires Boost Elytra
[16Feb2025 03:35:27.074] [modloading-worker-0/INFO] [quark/]: Loading Module Dyeable Item Frames
[16Feb2025 03:35:27.075] [modloading-worker-0/INFO] [quark/]: Loading Module Slabs To Blocks
[16Feb2025 03:35:27.078] [modloading-worker-0/INFO] [quark/]: Loading Module Map Washing
[16Feb2025 03:35:27.078] [modloading-worker-0/INFO] [quark/]: Loading Module Enhanced Ladders
[16Feb2025 03:35:27.080] [modloading-worker-0/INFO] [quark/]: Loading Module Reacharound Placing
[16Feb2025 03:35:27.081] [modloading-worker-0/INFO] [quark/]: Loading Module Horses Swim
[16Feb2025 03:35:27.082] [modloading-worker-0/INFO] [quark/]: Loading Module Sponge On Water Placement
[16Feb2025 03:35:27.083] [modloading-worker-0/INFO] [quark/]: Loading Module Armed Armor Stands
[16Feb2025 03:35:27.084] [modloading-worker-0/INFO] [quark/]: Loading Module Double Door Opening
[16Feb2025 03:35:27.084] [modloading-worker-0/INFO] [quark/]: Loading Module Zombie Villagers On Normal
[16Feb2025 03:35:27.087] [modloading-worker-0/INFO] [quark/]: Loading Module Hoe Harvesting
[16Feb2025 03:35:27.088] [modloading-worker-0/INFO] [quark/]: Loading Module Emotes
[16Feb2025 03:35:27.088] [modloading-worker-0/INFO] [quark/]: Loading Module Slimes To Magma Cubes
[16Feb2025 03:35:27.089] [modloading-worker-0/INFO] [quark/]: Loading Module Snow Golem Player Heads
[16Feb2025 03:35:27.090] [modloading-worker-0/INFO] [quark/]: Loading Module Vexes Die With Their Masters
[16Feb2025 03:35:27.091] [modloading-worker-0/INFO] [quark/]: Loading Module More Note Block Sounds
[16Feb2025 03:35:27.092] [modloading-worker-0/INFO] [quark/]: Loading Module Pat The Dogs
[16Feb2025 03:35:27.094] [modloading-worker-0/INFO] [quark/]: Loading Module Grab Chickens
[16Feb2025 03:35:27.095] [modloading-worker-0/INFO] [quark/]: Loading Module More Banner Layers
[16Feb2025 03:35:27.095] [modloading-worker-0/INFO] [quark/]: Loading Module Replace Scaffolding
[16Feb2025 03:35:27.096] [modloading-worker-0/INFO] [quark/]: Loading Module Diamond Repair
[16Feb2025 03:35:27.097] [modloading-worker-0/INFO] [quark/]: Loading Module Safer Creatures
[16Feb2025 03:35:27.098] [modloading-worker-0/INFO] [quark/]: Loading Module Lock Rotation
[16Feb2025 03:35:27.099] [modloading-worker-0/INFO] [quark/]: Loading Module Villagers Follow Emeralds
[16Feb2025 03:35:27.100] [modloading-worker-0/INFO] [quark/]: Loading Module Compasses Work Everywhere
[16Feb2025 03:35:27.101] [modloading-worker-0/INFO] [quark/]: Loading Module No Durability On Cosmetics
[16Feb2025 03:35:27.102] [modloading-worker-0/INFO] [quark/]: Loading Module Sponges Better
[16Feb2025 03:35:27.102] [modloading-worker-0/INFO] [quark/]: Loading Module Sign Editing
[16Feb2025 03:35:27.103] [modloading-worker-0/INFO] [quark/]: Loading Module Simple Harvest
[16Feb2025 03:35:27.105] [modloading-worker-0/INFO] [quark/]: Loading Module Dragon Scales
[16Feb2025 03:35:27.105] [modloading-worker-0/INFO] [quark/]: Loading Module Shulker Packing
[16Feb2025 03:35:27.106] [modloading-worker-0/INFO] [quark/]: Loading Module Nether Obsidian Spikes
[16Feb2025 03:35:27.106] [modloading-worker-0/INFO] [quark/]: Loading Module Permafrost
[16Feb2025 03:35:27.107] [modloading-worker-0/INFO] [quark/]: Loading Module Fairy Rings
[16Feb2025 03:35:27.107] [modloading-worker-0/INFO] [quark/]: Loading Module Big Stone Clusters
[16Feb2025 03:35:27.108] [modloading-worker-0/INFO] [quark/]: Loading Module Spiral Spires
[16Feb2025 03:35:27.109] [modloading-worker-0/INFO] [quark/]: Loading Module Ancient Wood
[16Feb2025 03:35:27.110] [modloading-worker-0/INFO] [quark/]: Loading Module New Stone Types
[16Feb2025 03:35:27.111] [modloading-worker-0/INFO] [quark/]: Loading Module Blossom Trees
[16Feb2025 03:35:27.111] [modloading-worker-0/INFO] [quark/]: Loading Module Glimmering Weald
[16Feb2025 03:35:27.112] [modloading-worker-0/INFO] [quark/]: Loading Module Monster Box
[16Feb2025 03:35:27.113] [modloading-worker-0/INFO] [quark/]: Loading Module Azalea Wood
[16Feb2025 03:35:27.113] [modloading-worker-0/INFO] [quark/]: Loading Module No More Lava Pockets
[16Feb2025 03:35:27.114] [modloading-worker-0/INFO] [quark/]: Loading Module Corundum
[16Feb2025 03:35:27.114] [modloading-worker-0/INFO] [quark/]: Loading Module Chorus Vegetation
[16Feb2025 03:35:27.114] [modloading-worker-0/INFO] [quark/]: Loading Module Foxhound
[16Feb2025 03:35:27.118] [modloading-worker-0/INFO] [quark/]: Loading Module Wraith
[16Feb2025 03:35:27.120] [modloading-worker-0/INFO] [quark/]: Loading Module Crabs
[16Feb2025 03:35:27.123] [modloading-worker-0/INFO] [quark/]: Loading Module Forgotten
[16Feb2025 03:35:27.126] [modloading-worker-0/INFO] [quark/]: Loading Module Shiba
[16Feb2025 03:35:27.126] [modloading-worker-0/INFO] [quark/]: Loading Module Stonelings
[16Feb2025 03:35:27.129] [modloading-worker-0/INFO] [quark/]: Loading Module Toretoise
[16Feb2025 03:35:27.132] [modloading-worker-0/INFO] [quark/]: Loading Module Camera
[16Feb2025 03:35:27.132] [modloading-worker-0/INFO] [quark/]: Loading Module Elytra Indicator
[16Feb2025 03:35:27.132] [modloading-worker-0/INFO] [quark/]: Loading Module Improved Tooltips
[16Feb2025 03:35:27.132] [modloading-worker-0/INFO] [quark/]: Loading Module Greener Grass
[16Feb2025 03:35:27.133] [modloading-worker-0/INFO] [quark/]: Loading Module Buckets Show Inhabitants
[16Feb2025 03:35:27.133] [modloading-worker-0/INFO] [quark/]: Loading Module Soul Candles
[16Feb2025 03:35:27.133] [modloading-worker-0/INFO] [quark/]: Loading Module Auto Walk Keybind
[16Feb2025 03:35:27.133] [modloading-worker-0/INFO] [quark/]: Loading Module Variant Animal Textures
[16Feb2025 03:35:27.133] [modloading-worker-0/INFO] [quark/]: Loading Module Microcrafting Helper
[16Feb2025 03:35:27.133] [modloading-worker-0/INFO] [quark/]: Loading Module Uses For Curses
[16Feb2025 03:35:27.133] [modloading-worker-0/INFO] [quark/]: Loading Module Wool Shuts Up Minecarts
[16Feb2025 03:35:27.133] [modloading-worker-0/INFO] [quark/]: Loading Module Back Button Keybind
[16Feb2025 03:35:27.134] [modloading-worker-0/INFO] [quark/]: Loading Module Chest Searching
[16Feb2025 03:35:27.134] [modloading-worker-0/INFO] [quark/]: Loading Module Long Range Pick Block
[16Feb2025 03:35:27.134] [modloading-worker-0/INFO] [quark/]: Loading Module Usage Ticker
[16Feb2025 03:35:27.134] [modloading-worker-0/INFO] [quark/]: Loading Module Variant Selector
[16Feb2025 03:35:27.134] [modloading-worker-0/INFO] [quark/]: Loading Module Narrator Readout
[16Feb2025 03:35:27.134] [modloading-worker-0/INFO] [quark/]: Loading Module Climate Control Remover
[16Feb2025 03:35:27.134] [modloading-worker-0/INFO] [quark/]: Loading Module Enchantments Begone
[16Feb2025 03:35:27.135] [modloading-worker-0/INFO] [quark/]: Loading Module Game Nerfs
[16Feb2025 03:35:27.135] [modloading-worker-0/INFO] [quark/]: Loading Module Spawner Replacer
[16Feb2025 03:35:27.135] [modloading-worker-0/INFO] [quark/]: Loading Module Adjustable Chat
[16Feb2025 03:35:27.135] [modloading-worker-0/INFO] [quark/]: Loading Module Villager Rerolling Rework
[16Feb2025 03:35:27.135] [modloading-worker-0/INFO] [quark/]: Loading Module Overlay Shader
[16Feb2025 03:35:27.136] [modloading-worker-0/INFO] [quark/]: Loading Module Enchantment Predicates
[16Feb2025 03:35:27.136] [modloading-worker-0/INFO] [quark/]: Loading Module Pipes
[16Feb2025 03:35:27.137] [modloading-worker-0/INFO] [quark/]: Loading Module Backpack
[16Feb2025 03:35:27.137] [modloading-worker-0/INFO] [quark/]: Loading Module Tiny Potato
[16Feb2025 03:35:27.137] [modloading-worker-0/INFO] [quark/]: Loading Module Matrix Enchanting
[16Feb2025 03:35:27.138] [modloading-worker-0/INFO] [quark/]: Loading Module Totem Of Holding
[16Feb2025 03:35:27.138] [modloading-worker-0/INFO] [quark/]: Loading Module Crate
[16Feb2025 03:35:27.138] [modloading-worker-0/INFO] [quark/]: Loading Module Magnets
[16Feb2025 03:35:27.164] [modloading-worker-0/DEBUG] [net.minecraftforge.fml.javafmlmod.AutomaticEventSubscriber/LOADING]: Attempting to inject @EventBusSubscriber classes into the eventbus for quark
[16Feb2025 03:35:27.165] [modloading-worker-0/DEBUG] [net.minecraftforge.fml.javafmlmod.AutomaticEventSubscriber/LOADING]: Auto-subscribing vazkii.quark.base.world.WorldGenHandler to FORGE
[16Feb2025 03:35:27.166] [modloading-worker-0/DEBUG] [net.minecraftforge.fml.javafmlmod.AutomaticEventSubscriber/LOADING]: Auto-subscribing vazkii.quark.base.world.EntitySpawnHandler to FORGE
[16Feb2025 03:35:27.168] [modloading-worker-0/DEBUG] [net.minecraftforge.fml.javafmlmod.AutomaticEventSubscriber/LOADING]: Auto-subscribing vazkii.quark.base.handler.ContributorRewardHandler to FORGE
[16Feb2025 03:35:27.172] [modloading-worker-0/DEBUG] [net.minecraftforge.fml.javafmlmod.AutomaticEventSubscriber/LOADING]: Auto-subscribing vazkii.quark.base.handler.FuelHandler to FORGE
[16Feb2025 03:35:27.173] [modloading-worker-0/DEBUG] [net.minecraftforge.fml.javafmlmod.AutomaticEventSubscriber/LOADING]: Auto-subscribing vazkii.quark.base.handler.advancement.QuarkAdvancementHandler to FORGE
[16Feb2025 03:35:27.177] [modloading-worker-0/DEBUG] [net.minecraftforge.fml.javafmlmod.AutomaticEventSubscriber/LOADING]: Auto-subscribing vazkii.quark.base.handler.MiscUtil to FORGE
[16Feb2025 03:35:27.181] [modloading-worker-0/DEBUG] [mixin/]: Mixing collections.goals.GoalSelectorMixin from canary.mixins.json into net.minecraft.world.entity.ai.goal.GoalSelector
[16Feb2025 03:35:27.188] [modloading-worker-0/DEBUG] [net.minecraftforge.fml.javafmlmod.AutomaticEventSubscriber/LOADING]: Auto-subscribing vazkii.quark.base.handler.EntityAttributeHandler to MOD
[16Feb2025 03:35:27.190] [modloading-worker-0/DEBUG] [net.minecraftforge.fml.javafmlmod.AutomaticEventSubscriber/LOADING]: Auto-subscribing vazkii.quark.base.handler.ToolInteractionHandler to FORGE
[16Feb2025 03:35:27.192] [modloading-worker-0/DEBUG] [net.minecraftforge.fml.javafmlmod.AutomaticEventSubscriber/LOADING]: Auto-subscribing vazkii.quark.base.handler.RecipeCrawlHandler to FORGE
[16Feb2025 03:35:27.197] [modloading-worker-0/DEBUG] [net.minecraftforge.fml.javafmlmod.AutomaticEventSubscriber/LOADING]: Auto-subscribing vazkii.quark.base.capability.CapabilityHandler to FORGE
[16Feb2025 03:35:27.237] [main/DEBUG] [net.minecraftforge.common.capabilities.CapabilityManager/CAPABILITIES]: Attempting to automatically register: Lnet/minecraftforge/energy/IEnergyStorage;
[16Feb2025 03:35:27.237] [main/DEBUG] [net.minecraftforge.common.capabilities.CapabilityManager/CAPABILITIES]: Attempting to automatically register: Lnet/minecraftforge/fluids/capability/IFluidHandler;
[16Feb2025 03:35:27.237] [main/DEBUG] [net.minecraftforge.common.capabilities.CapabilityManager/CAPABILITIES]: Attempting to automatically register: Lnet/minecraftforge/fluids/capability/IFluidHandlerItem;
[16Feb2025 03:35:27.237] [main/DEBUG] [net.minecraftforge.common.capabilities.CapabilityManager/CAPABILITIES]: Attempting to automatically register: Lnet/minecraftforge/items/IItemHandler;
[16Feb2025 03:35:27.250] [main/INFO] [quark/]: Dispatching Module Step REGISTER
[16Feb2025 03:35:27.778] [main/INFO] [quark/]: Dispatching Module Step POST_REGISTER
[16Feb2025 03:35:27.849] [main/WARN] [net.minecraftforge.registries.ForgeRegistry/REGISTRIES]: Registry minecraft:sound_event: The object net.minecraft.sounds.SoundEvent@2d9c1b93 has been registered twice for the same name treechop:chop_wood.
[16Feb2025 03:35:27.853] [main/DEBUG] [autoreglib/]: Registering to minecraft:sound_event - quark:entity.stoneling.meep
[16Feb2025 03:35:27.853] [main/DEBUG] [autoreglib/]: Registering to minecraft:sound_event - quark:entity.stoneling.purr
[16Feb2025 03:35:27.854] [main/DEBUG] [autoreglib/]: Registering to minecraft:sound_event - quark:entity.stoneling.give
[16Feb2025 03:35:27.854] [main/DEBUG] [autoreglib/]: Registering to minecraft:sound_event - quark:entity.stoneling.take
[16Feb2025 03:35:27.854] [main/DEBUG] [autoreglib/]: Registering to minecraft:sound_event - quark:entity.stoneling.eat
[16Feb2025 03:35:27.854] [main/DEBUG] [autoreglib/]: Registering to minecraft:sound_event - quark:entity.stoneling.die
[16Feb2025 03:35:27.854] [main/DEBUG] [autoreglib/]: Registering to minecraft:sound_event - quark:entity.stoneling.cry
[16Feb2025 03:35:27.854] [main/DEBUG] [autoreglib/]: Registering to minecraft:sound_event - quark:entity.stoneling.michael
[16Feb2025 03:35:27.854] [main/DEBUG] [autoreglib/]: Registering to minecraft:sound_event - quark:entity.pickarang.throw
[16Feb2025 03:35:27.854] [main/DEBUG] [autoreglib/]: Registering to minecraft:sound_event - quark:entity.pickarang.clank
[16Feb2025 03:35:27.854] [main/DEBUG] [autoreglib/]: Registering to minecraft:sound_event - quark:entity.pickarang.spark
[16Feb2025 03:35:27.854] [main/DEBUG] [autoreglib/]: Registering to minecraft:sound_event - quark:entity.pickarang.pickup
[16Feb2025 03:35:27.854] [main/DEBUG] [autoreglib/]: Registering to minecraft:sound_event - quark:entity.foxhound.ambient
[16Feb2025 03:35:27.854] [main/DEBUG] [autoreglib/]: Registering to minecraft:sound_event - quark:entity.foxhound.death
[16Feb2025 03:35:27.854] [main/DEBUG] [autoreglib/]: Registering to minecraft:sound_event - quark:entity.foxhound.growl
[16Feb2025 03:35:27.854] [main/DEBUG] [autoreglib/]: Registering to minecraft:sound_event - quark:entity.foxhound.hurt
[16Feb2025 03:35:27.854] [main/DEBUG] [autoreglib/]: Registering to minecraft:sound_event - quark:entity.foxhound.pant
[16Feb2025 03:35:27.854] [main/DEBUG] [autoreglib/]: Registering to minecraft:sound_event - quark:entity.foxhound.shake
[16Feb2025 03:35:27.854] [main/DEBUG] [autoreglib/]: Registering to minecraft:sound_event - quark:entity.foxhound.whine
[16Feb2025 03:35:27.855] [main/DEBUG] [autoreglib/]: Registering to minecraft:sound_event - quark:entity.foxhound.eat
[16Feb2025 03:35:27.855] [main/DEBUG] [autoreglib/]: Registering to minecraft:sound_event - quark:entity.foxhound.crackle
[16Feb2025 03:35:27.855] [main/DEBUG] [autoreglib/]: Registering to minecraft:sound_event - quark:entity.crab.die
[16Feb2025 03:35:27.855] [main/DEBUG] [autoreglib/]: Registering to minecraft:sound_event - quark:entity.crab.hurt
[16Feb2025 03:35:27.855] [main/DEBUG] [autoreglib/]: Registering to minecraft:sound_event - quark:entity.crab.idle
[16Feb2025 03:35:27.855] [main/DEBUG] [autoreglib/]: Registering to minecraft:sound_event - quark:entity.toretoise.die
[16Feb2025 03:35:27.855] [main/DEBUG] [autoreglib/]: Registering to minecraft:sound_event - quark:entity.toretoise.hurt
[16Feb2025 03:35:27.855] [main/DEBUG] [autoreglib/]: Registering to minecraft:sound_event - quark:entity.toretoise.idle
[16Feb2025 03:35:27.855] [main/DEBUG] [autoreglib/]: Registering to minecraft:sound_event - quark:entity.toretoise.angry
[16Feb2025 03:35:27.855] [main/DEBUG] [autoreglib/]: Registering to minecraft:sound_event - quark:entity.toretoise.harvest
[16Feb2025 03:35:27.855] [main/DEBUG] [autoreglib/]: Registering to minecraft:sound_event - quark:entity.toretoise.eat_satiated
[16Feb2025 03:35:27.855] [main/DEBUG] [autoreglib/]: Registering to minecraft:sound_event - quark:entity.toretoise.eat
[16Feb2025 03:35:27.855] [main/DEBUG] [autoreglib/]: Registering to minecraft:sound_event - quark:entity.toretoise.regrow
[16Feb2025 03:35:27.855] [main/DEBUG] [autoreglib/]: Registering to minecraft:sound_event - quark:entity.parrot.egg
[16Feb2025 03:35:27.855] [main/DEBUG] [autoreglib/]: Registering to minecraft:sound_event - quark:entity.soul_bead.idle
[16Feb2025 03:35:27.855] [main/DEBUG] [autoreglib/]: Registering to minecraft:sound_event - quark:block.monster_box.growl
[16Feb2025 03:35:27.856] [main/DEBUG] [autoreglib/]: Registering to minecraft:sound_event - quark:block.pipe.shoot
[16Feb2025 03:35:27.856] [main/DEBUG] [autoreglib/]: Registering to minecraft:sound_event - quark:block.pipe.pickup
[16Feb2025 03:35:27.856] [main/DEBUG] [autoreglib/]: Registering to minecraft:sound_event - quark:block.pipe.shoot.lenny
[16Feb2025 03:35:27.856] [main/DEBUG] [autoreglib/]: Registering to minecraft:sound_event - quark:block.pipe.pickup.lenny
[16Feb2025 03:35:27.856] [main/DEBUG] [autoreglib/]: Registering to minecraft:sound_event - quark:block.potato.do_it
[16Feb2025 03:35:27.856] [main/DEBUG] [autoreglib/]: Registering to minecraft:sound_event - quark:block.potato.soda
[16Feb2025 03:35:27.856] [main/DEBUG] [autoreglib/]: Registering to minecraft:sound_event - quark:block.potato.kingbdogz
[16Feb2025 03:35:27.856] [main/DEBUG] [autoreglib/]: Registering to minecraft:sound_event - quark:block.potato.yung
[16Feb2025 03:35:27.856] [main/DEBUG] [autoreglib/]: Registering to minecraft:sound_event - quark:block.potato.hurt
[16Feb2025 03:35:27.856] [main/DEBUG] [autoreglib/]: Registering to minecraft:sound_event - quark:item.camera.shutter
[16Feb2025 03:35:27.856] [main/DEBUG] [autoreglib/]: Registering to minecraft:sound_event - quark:item.soul_powder.spawn
[16Feb2025 03:35:27.856] [main/DEBUG] [autoreglib/]: Registering to minecraft:sound_event - quark:item.bucket.fill_crab
[16Feb2025 03:35:27.856] [main/DEBUG] [autoreglib/]: Registering to minecraft:sound_event - quark:item.bucket.empty_crab
[16Feb2025 03:35:27.856] [main/DEBUG] [autoreglib/]: Registering to minecraft:sound_event - quark:pet.device
[16Feb2025 03:35:27.856] [main/DEBUG] [autoreglib/]: Registering to minecraft:sound_event - quark:pet.neko
[16Feb2025 03:35:27.856] [main/DEBUG] [autoreglib/]: Registering to minecraft:sound_event - quark:pet.slime
[16Feb2025 03:35:27.856] [main/DEBUG] [autoreglib/]: Registering to minecraft:sound_event - quark:pet.wire
[16Feb2025 03:35:27.856] [main/DEBUG] [autoreglib/]: Registering to minecraft:sound_event - quark:ambient.drips
[16Feb2025 03:35:27.857] [main/DEBUG] [autoreglib/]: Registering to minecraft:sound_event - quark:ambient.ocean
[16Feb2025 03:35:27.857] [main/DEBUG] [autoreglib/]: Registering to minecraft:sound_event - quark:ambient.rain
[16Feb2025 03:35:27.857] [main/DEBUG] [autoreglib/]: Registering to minecraft:sound_event - quark:ambient.wind
[16Feb2025 03:35:27.857] [main/DEBUG] [autoreglib/]: Registering to minecraft:sound_event - quark:ambient.fire
[16Feb2025 03:35:27.857] [main/DEBUG] [autoreglib/]: Registering to minecraft:sound_event - quark:ambient.clock
[16Feb2025 03:35:27.857] [main/DEBUG] [autoreglib/]: Registering to minecraft:sound_event - quark:ambient.crickets
[16Feb2025 03:35:27.857] [main/DEBUG] [autoreglib/]: Registering to minecraft:sound_event - quark:ambient.chatter
[16Feb2025 03:35:27.857] [main/DEBUG] [autoreglib/]: Registering to minecraft:sound_event - quark:music.endermosh
[16Feb2025 03:35:27.857] [main/DEBUG] [autoreglib/]: Registering to minecraft:sound_event - quark:music.glimmering_weald
[16Feb2025 03:35:28.712] [main/DEBUG] [autoreglib/]: Registering to minecraft:block - quark:spruce_ladder
[16Feb2025 03:35:28.713] [main/DEBUG] [autoreglib/]: Registering to minecraft:block - quark:birch_ladder
[16Feb2025 03:35:28.713] [main/DEBUG] [autoreglib/]: Registering to minecraft:block - quark:jungle_ladder
[16Feb2025 03:35:28.713] [main/DEBUG] [autoreglib/]: Registering to minecraft:block - quark:acacia_ladder
[16Feb2025 03:35:28.713] [main/DEBUG] [autoreglib/]: Registering to minecraft:block - quark:dark_oak_ladder
[16Feb2025 03:35:28.713] [main/DEBUG] [autoreglib/]: Registering to minecraft:block - quark:crimson_ladder
[16Feb2025 03:35:28.713] [main/DEBUG] [autoreglib/]: Registering to minecraft:block - quark:warped_ladder
[16Feb2025 03:35:28.713] [main/DEBUG] [autoreglib/]: Registering to minecraft:block - quark:mangrove_ladder
[16Feb2025 03:35:28.713] [main/DEBUG] [autoreglib/]: Registering to minecraft:block - quark:spruce_bookshelf
[16Feb2025 03:35:28.713] [main/DEBUG] [autoreglib/]: Registering to minecraft:block - quark:birch_bookshelf
[16Feb2025 03:35:28.713] [main/DEBUG] [autoreglib/]: Registering to minecraft:block - quark:jungle_bookshelf
[16Feb2025 03:35:28.713] [main/DEBUG] [autoreglib/]: Registering to minecraft:block - quark:acacia_bookshelf
[16Feb2025 03:35:28.713] [main/DEBUG] [autoreglib/]: Registering to minecraft:block - quark:dark_oak_bookshelf
[16Feb2025 03:35:28.713] [main/DEBUG] [autoreglib/]: Registering to minecraft:block - quark:crimson_bookshelf
[16Feb2025 03:35:28.713] [main/DEBUG] [autoreglib/]: Registering to minecraft:block - quark:warped_bookshelf
[16Feb2025 03:35:28.713] [main/DEBUG] [autoreglib/]: Registering to minecraft:block - quark:mangrove_bookshelf
[16Feb2025 03:35:28.714] [main/DEBUG] [autoreglib/]: Registering to minecraft:block - quark:bamboo_planks
[16Feb2025 03:35:28.714] [main/DEBUG] [autoreglib/]: Registering to minecraft:block - quark:bamboo_planks_slab
[16Feb2025 03:35:28.714] [main/DEBUG] [autoreglib/]: Registering to minecraft:block - quark:bamboo_planks_stairs
[16Feb2025 03:35:28.714] [main/DEBUG] [autoreglib/]: Registering to minecraft:block - quark:bamboo_fence
[16Feb2025 03:35:28.714] [main/DEBUG] [autoreglib/]: Registering to minecraft:block - quark:bamboo_fence_gate
[16Feb2025 03:35:28.714] [main/DEBUG] [autoreglib/]: Registering to minecraft:block - quark:bamboo_door
[16Feb2025 03:35:28.714] [main/DEBUG] [autoreglib/]: Registering to minecraft:block - quark:bamboo_trapdoor
[16Feb2025 03:35:28.714] [main/DEBUG] [autoreglib/]: Registering to minecraft:block - quark:bamboo_button
[16Feb2025 03:35:28.714] [main/DEBUG] [autoreglib/]: Registering to minecraft:block - quark:bamboo_pressure_plate
[16Feb2025 03:35:28.714] [main/DEBUG] [autoreglib/]: Registering to minecraft:block - quark:bamboo_sign
[16Feb2025 03:35:28.714] [main/DEBUG] [autoreglib/]: Registering to minecraft:block - quark:bamboo_wall_sign
[16Feb2025 03:35:28.714] [main/DEBUG] [autoreglib/]: Registering to minecraft:block - quark:bamboo_bookshelf
[16Feb2025 03:35:28.715] [main/DEBUG] [autoreglib/]: Registering to minecraft:block - quark:bamboo_ladder
[16Feb2025 03:35:28.715] [main/DEBUG] [autoreglib/]: Registering to minecraft:block - quark:bamboo_post
[16Feb2025 03:35:28.715] [main/DEBUG] [autoreglib/]: Registering to minecraft:block - quark:stripped_bamboo_post
[16Feb2025 03:35:28.715] [main/DEBUG] [autoreglib/]: Registering to minecraft:block - quark:vertical_bamboo_planks
[16Feb2025 03:35:28.715] [main/DEBUG] [autoreglib/]: Registering to minecraft:block - quark:bamboo_mosaic
[16Feb2025 03:35:28.715] [main/DEBUG] [autoreglib/]: Registering to minecraft:block - quark:charcoal_block
[16Feb2025 03:35:28.715] [main/DEBUG] [autoreglib/]: Registering to minecraft:block - quark:sugar_cane_block
[16Feb2025 03:35:28.715] [main/DEBUG] [autoreglib/]: Registering to minecraft:block - quark:bamboo_block
[16Feb2025 03:35:28.715] [main/DEBUG] [autoreglib/]: Registering to minecraft:block - quark:stripped_bamboo_block
[16Feb2025 03:35:28.715] [main/DEBUG] [autoreglib/]: Registering to minecraft:block - quark:cactus_block
[16Feb2025 03:35:28.715] [main/DEBUG] [autoreglib/]: Registering to minecraft:block - quark:chorus_fruit_block
[16Feb2025 03:35:28.715] [main/DEBUG] [autoreglib/]: Registering to minecraft:block - quark:stick_block
[16Feb2025 03:35:28.715] [main/DEBUG] [autoreglib/]: Registering to minecraft:block - quark:golden_apple_crate
[16Feb2025 03:35:28.715] [main/DEBUG] [autoreglib/]: Registering to minecraft:block - quark:apple_crate
[16Feb2025 03:35:28.715] [main/DEBUG] [autoreglib/]: Registering to minecraft:block - quark:potato_crate
[16Feb2025 03:35:28.715] [main/DEBUG] [autoreglib/]: Registering to minecraft:block - quark:carrot_crate
[16Feb2025 03:35:28.715] [main/DEBUG] [autoreglib/]: Registering to minecraft:block - quark:golden_carrot_crate
[16Feb2025 03:35:28.716] [main/DEBUG] [autoreglib/]: Registering to minecraft:block - quark:beetroot_crate
[16Feb2025 03:35:28.716] [main/DEBUG] [autoreglib/]: Registering to minecraft:block - quark:cocoa_beans_sack
[16Feb2025 03:35:28.716] [main/DEBUG] [autoreglib/]: Registering to minecraft:block - quark:nether_wart_sack
[16Feb2025 03:35:28.716] [main/DEBUG] [autoreglib/]: Registering to minecraft:block - quark:gunpowder_sack
[16Feb2025 03:35:28.716] [main/DEBUG] [autoreglib/]: Registering to minecraft:block - quark:berry_sack
[16Feb2025 03:35:28.716] [main/DEBUG] [autoreglib/]: Registering to minecraft:block - quark:glowberry_sack
[16Feb2025 03:35:28.716] [main/DEBUG] [autoreglib/]: Registering to minecraft:block - quark:blaze_lantern
[16Feb2025 03:35:28.716] [main/DEBUG] [autoreglib/]: Registering to minecraft:block - quark:bonded_leather
[16Feb2025 03:35:28.716] [main/DEBUG] [autoreglib/]: Registering to minecraft:block - quark:bonded_rabbit_hide
[16Feb2025 03:35:28.716] [main/DEBUG] [autoreglib/]: Registering to minecraft:block - quark:potted_beetroot
[16Feb2025 03:35:28.716] [main/DEBUG] [autoreglib/]: Registering to minecraft:block - quark:potted_berries
[16Feb2025 03:35:28.716] [main/DEBUG] [autoreglib/]: Registering to minecraft:block - quark:potted_carrot
[16Feb2025 03:35:28.716] [main/DEBUG] [autoreglib/]: Registering to minecraft:block - quark:potted_chorus
[16Feb2025 03:35:28.716] [main/DEBUG] [autoreglib/]: Registering to minecraft:block - quark:potted_cocoa_bean
[16Feb2025 03:35:28.716] [main/DEBUG] [autoreglib/]: Registering to minecraft:block - quark:potted_grass
[16Feb2025 03:35:28.716] [main/DEBUG] [autoreglib/]: Registering to minecraft:block - quark:potted_peony
[16Feb2025 03:35:28.716] [main/DEBUG] [autoreglib/]: Registering to minecraft:block - quark:potted_large_fern
[16Feb2025 03:35:28.717] [main/DEBUG] [autoreglib/]: Registering to minecraft:block - quark:potted_lilac
[16Feb2025 03:35:28.717] [main/DEBUG] [autoreglib/]: Registering to minecraft:block - quark:potted_melon
[16Feb2025 03:35:28.717] [main/DEBUG] [autoreglib/]: Registering to minecraft:block - quark:potted_nether_sprouts
[16Feb2025 03:35:28.717] [main/DEBUG] [autoreglib/]: Registering to minecraft:block - quark:potted_nether_wart
[16Feb2025 03:35:28.717] [main/DEBUG] [autoreglib/]: Registering to minecraft:block - quark:potted_potato
[16Feb2025 03:35:28.717] [main/DEBUG] [autoreglib/]: Registering to minecraft:block - quark:potted_pumpkin
[16Feb2025 03:35:28.717] [main/DEBUG] [autoreglib/]: Registering to minecraft:block - quark:potted_rose
[16Feb2025 03:35:28.717] [main/DEBUG] [autoreglib/]: Registering to minecraft:block - quark:potted_sea_pickle
[16Feb2025 03:35:28.717] [main/DEBUG] [autoreglib/]: Registering to minecraft:block - quark:potted_sugar_cane
[16Feb2025 03:35:28.717] [main/DEBUG] [autoreglib/]: Registering to minecraft:block - quark:potted_sunflower
[16Feb2025 03:35:28.717] [main/DEBUG] [autoreglib/]: Registering to minecraft:block - quark:potted_tall_grass
[16Feb2025 03:35:28.717] [main/DEBUG] [autoreglib/]: Registering to minecraft:block - quark:potted_twisting_vines
[16Feb2025 03:35:28.717] [main/DEBUG] [autoreglib/]: Registering to minecraft:block - quark:potted_vine
[16Feb2025 03:35:28.717] [main/DEBUG] [autoreglib/]: Registering to minecraft:block - quark:potted_weeping_vines
[16Feb2025 03:35:28.717] [main/DEBUG] [autoreglib/]: Registering to minecraft:block - quark:potted_wheat
[16Feb2025 03:35:28.717] [main/DEBUG] [autoreglib/]: Registering to minecraft:block - quark:potted_cave_vines
[16Feb2025 03:35:28.717] [main/DEBUG] [autoreglib/]: Registering to minecraft:block - quark:duskbound_block
[16Feb2025 03:35:28.717] [main/DEBUG] [autoreglib/]: Registering to minecraft:block - quark:duskbound_block_slab
[16Feb2025 03:35:28.718] [main/DEBUG] [autoreglib/]: Registering to minecraft:block - quark:duskbound_block_stairs
[16Feb2025 03:35:28.718] [main/DEBUG] [autoreglib/]: Registering to minecraft:block - quark:duskbound_lantern
[16Feb2025 03:35:28.718] [main/DEBUG] [autoreglib/]: Registering to minecraft:block - quark:oak_post
[16Feb2025 03:35:28.718] [main/DEBUG] [autoreglib/]: Registering to minecraft:block - quark:stripped_oak_post
[16Feb2025 03:35:28.718] [main/DEBUG] [autoreglib/]: Registering to minecraft:block - quark:spruce_post
[16Feb2025 03:35:28.718] [main/DEBUG] [autoreglib/]: Registering to minecraft:block - quark:stripped_spruce_post
[16Feb2025 03:35:28.718] [main/DEBUG] [autoreglib/]: Registering to minecraft:block - quark:birch_post
[16Feb2025 03:35:28.718] [main/DEBUG] [autoreglib/]: Registering to minecraft:block - quark:stripped_birch_post
[16Feb2025 03:35:28.718] [main/DEBUG] [autoreglib/]: Registering to minecraft:block - quark:jungle_post
[16Feb2025 03:35:28.718] [main/DEBUG] [autoreglib/]: Registering to minecraft:block - quark:stripped_jungle_post
[16Feb2025 03:35:28.718] [main/DEBUG] [autoreglib/]: Registering to minecraft:block - quark:acacia_post
[16Feb2025 03:35:28.718] [main/DEBUG] [autoreglib/]: Registering to minecraft:block - quark:stripped_acacia_post
[16Feb2025 03:35:28.718] [main/DEBUG] [autoreglib/]: Registering to minecraft:block - quark:dark_oak_post
[16Feb2025 03:35:28.718] [main/DEBUG] [autoreglib/]: Registering to minecraft:block - quark:stripped_dark_oak_post
[16Feb2025 03:35:28.718] [main/DEBUG] [autoreglib/]: Registering to minecraft:block - quark:crimson_post
[16Feb2025 03:35:28.718] [main/DEBUG] [autoreglib/]: Registering to minecraft:block - quark:stripped_crimson_post
[16Feb2025 03:35:28.718] [main/DEBUG] [autoreglib/]: Registering to minecraft:block - quark:warped_post
[16Feb2025 03:35:28.718] [main/DEBUG] [autoreglib/]: Registering to minecraft:block - quark:stripped_warped_post
[16Feb2025 03:35:28.718] [main/DEBUG] [autoreglib/]: Registering to minecraft:block - quark:mangrove_post
[16Feb2025 03:35:28.719] [main/DEBUG] [autoreglib/]: Registering to minecraft:block - quark:stripped_mangrove_post
[16Feb2025 03:35:28.719] [main/DEBUG] [autoreglib/]: Registering to minecraft:block - quark:thatch
[16Feb2025 03:35:28.719] [main/DEBUG] [autoreglib/]: Registering to minecraft:block - quark:thatch_slab
[16Feb2025 03:35:28.719] [main/DEBUG] [autoreglib/]: Registering to minecraft:block - quark:thatch_stairs
[16Feb2025 03:35:28.719] [main/DEBUG] [autoreglib/]: Registering to minecraft:block - quark:polished_calcite
[16Feb2025 03:35:28.719] [main/DEBUG] [autoreglib/]: Registering to minecraft:block - quark:calcite_slab
[16Feb2025 03:35:28.719] [main/DEBUG] [autoreglib/]: Registering to minecraft:block - quark:calcite_stairs
[16Feb2025 03:35:28.719] [main/DEBUG] [autoreglib/]: Registering to minecraft:block - quark:calcite_wall
[16Feb2025 03:35:28.719] [main/DEBUG] [autoreglib/]: Registering to minecraft:block - quark:polished_calcite_slab
[16Feb2025 03:35:28.719] [main/DEBUG] [autoreglib/]: Registering to minecraft:block - quark:polished_calcite_stairs
[16Feb2025 03:35:28.719] [main/DEBUG] [autoreglib/]: Registering to minecraft:block - quark:polished_dripstone
[16Feb2025 03:35:28.719] [main/DEBUG] [autoreglib/]: Registering to minecraft:block - quark:dripstone_block_slab
[16Feb2025 03:35:28.719] [main/DEBUG] [autoreglib/]: Registering to minecraft:block - quark:dripstone_block_stairs
[16Feb2025 03:35:28.719] [main/DEBUG] [autoreglib/]: Registering to minecraft:block - quark:dripstone_block_wall
[16Feb2025 03:35:28.719] [main/DEBUG] [autoreglib/]: Registering to minecraft:block - quark:polished_dripstone_slab
[16Feb2025 03:35:28.719] [main/DEBUG] [autoreglib/]: Registering to minecraft:block - quark:polished_dripstone_stairs
[16Feb2025 03:35:28.719] [main/DEBUG] [autoreglib/]: Registering to minecraft:block - quark:polished_tuff
[16Feb2025 03:35:28.719] [main/DEBUG] [autoreglib/]: Registering to minecraft:block - quark:tuff_slab
[16Feb2025 03:35:28.719] [main/DEBUG] [autoreglib/]: Registering to minecraft:block - quark:tuff_stairs
[16Feb2025 03:35:28.720] [main/DEBUG] [autoreglib/]: Registering to minecraft:block - quark:tuff_wall
[16Feb2025 03:35:28.720] [main/DEBUG] [autoreglib/]: Registering to minecraft:block - quark:polished_tuff_slab
[16Feb2025 03:35:28.720] [main/DEBUG] [autoreglib/]: Registering to minecraft:block - quark:polished_tuff_stairs
[16Feb2025 03:35:28.720] [main/DEBUG] [autoreglib/]: Registering to minecraft:block - quark:granite_bricks
[16Feb2025 03:35:28.720] [main/DEBUG] [autoreglib/]: Registering to minecraft:block - quark:granite_bricks_slab
[16Feb2025 03:35:28.720] [main/DEBUG] [autoreglib/]: Registering to minecraft:block - quark:granite_bricks_stairs
[16Feb2025 03:35:28.720] [main/DEBUG] [autoreglib/]: Registering to minecraft:block - quark:granite_bricks_wall
[16Feb2025 03:35:28.720] [main/DEBUG] [autoreglib/]: Registering to minecraft:block - quark:chiseled_granite_bricks
[16Feb2025 03:35:28.720] [main/DEBUG] [autoreglib/]: Registering to minecraft:block - quark:granite_pillar
[16Feb2025 03:35:28.720] [main/DEBUG] [autoreglib/]: Registering to minecraft:block - quark:diorite_bricks
[16Feb2025 03:35:28.720] [main/DEBUG] [autoreglib/]: Registering to minecraft:block - quark:diorite_bricks_slab
[16Feb2025 03:35:28.720] [main/DEBUG] [autoreglib/]: Registering to minecraft:block - quark:diorite_bricks_stairs
[16Feb2025 03:35:28.720] [main/DEBUG] [autoreglib/]: Registering to minecraft:block - quark:diorite_bricks_wall
[16Feb2025 03:35:28.721] [main/DEBUG] [autoreglib/]: Registering to minecraft:block - quark:chiseled_diorite_bricks
[16Feb2025 03:35:28.721] [main/DEBUG] [autoreglib/]: Registering to minecraft:block - quark:diorite_pillar
[16Feb2025 03:35:28.721] [main/DEBUG] [autoreglib/]: Registering to minecraft:block - quark:andesite_bricks
[16Feb2025 03:35:28.721] [main/DEBUG] [autoreglib/]: Registering to minecraft:block - quark:andesite_bricks_slab
[16Feb2025 03:35:28.721] [main/DEBUG] [autoreglib/]: Registering to minecraft:block - quark:andesite_bricks_stairs
[16Feb2025 03:35:28.721] [main/DEBUG] [autoreglib/]: Registering to minecraft:block - quark:andesite_bricks_wall
[16Feb2025 03:35:28.721] [main/DEBUG] [autoreglib/]: Registering to minecraft:block - quark:chiseled_andesite_bricks
[16Feb2025 03:35:28.721] [main/DEBUG] [autoreglib/]: Registering to minecraft:block - quark:andesite_pillar
[16Feb2025 03:35:28.721] [main/DEBUG] [autoreglib/]: Registering to minecraft:block - quark:calcite_bricks
[16Feb2025 03:35:28.721] [main/DEBUG] [autoreglib/]: Registering to minecraft:block - quark:calcite_bricks_slab
[16Feb2025 03:35:28.721] [main/DEBUG] [autoreglib/]: Registering to minecraft:block - quark:calcite_bricks_stairs
[16Feb2025 03:35:28.721] [main/DEBUG] [autoreglib/]: Registering to minecraft:block - quark:calcite_bricks_wall
[16Feb2025 03:35:28.721] [main/DEBUG] [autoreglib/]: Registering to minecraft:block - quark:chiseled_calcite_bricks
[16Feb2025 03:35:28.721] [main/DEBUG] [autoreglib/]: Registering to minecraft:block - quark:calcite_pillar
[16Feb2025 03:35:28.721] [main/DEBUG] [autoreglib/]: Registering to minecraft:block - quark:dripstone_bricks
[16Feb2025 03:35:28.721] [main/DEBUG] [autoreglib/]: Registering to minecraft:block - quark:dripstone_bricks_slab
[16Feb2025 03:35:28.721] [main/DEBUG] [autoreglib/]: Registering to minecraft:block - quark:dripstone_bricks_stairs
[16Feb2025 03:35:28.721] [main/DEBUG] [autoreglib/]: Registering to minecraft:block - quark:dripstone_bricks_wall
[16Feb2025 03:35:28.722] [main/DEBUG] [autoreglib/]: Registering to minecraft:block - quark:chiseled_dripstone_bricks
[16Feb2025 03:35:28.722] [main/DEBUG] [autoreglib/]: Registering to minecraft:block - quark:dripstone_pillar
[16Feb2025 03:35:28.722] [main/DEBUG] [autoreglib/]: Registering to minecraft:block - quark:tuff_bricks
[16Feb2025 03:35:28.722] [main/DEBUG] [autoreglib/]: Registering to minecraft:block - quark:tuff_bricks_slab
[16Feb2025 03:35:28.722] [main/DEBUG] [autoreglib/]: Registering to minecraft:block - quark:tuff_bricks_stairs
[16Feb2025 03:35:28.722] [main/DEBUG] [autoreglib/]: Registering to minecraft:block - quark:tuff_bricks_wall
[16Feb2025 03:35:28.722] [main/DEBUG] [autoreglib/]: Registering to minecraft:block - quark:chiseled_tuff_bricks
[16Feb2025 03:35:28.722] [main/DEBUG] [autoreglib/]: Registering to minecraft:block - quark:tuff_pillar
[16Feb2025 03:35:28.722] [main/DEBUG] [autoreglib/]: Registering to minecraft:block - quark:limestone_bricks
[16Feb2025 03:35:28.722] [main/DEBUG] [autoreglib/]: Registering to minecraft:block - quark:limestone_bricks_slab
[16Feb2025 03:35:28.722] [main/DEBUG] [autoreglib/]: Registering to minecraft:block - quark:limestone_bricks_stairs
[16Feb2025 03:35:28.722] [main/DEBUG] [autoreglib/]: Registering to minecraft:block - quark:limestone_bricks_wall
[16Feb2025 03:35:28.722] [main/DEBUG] [autoreglib/]: Registering to minecraft:block - quark:chiseled_limestone_bricks
[16Feb2025 03:35:28.722] [main/DEBUG] [autoreglib/]: Registering to minecraft:block - quark:limestone_pillar
[16Feb2025 03:35:28.722] [main/DEBUG] [autoreglib/]: Registering to minecraft:block - quark:jasper_bricks
[16Feb2025 03:35:28.722] [main/DEBUG] [autoreglib/]: Registering to minecraft:block - quark:jasper_bricks_slab
[16Feb2025 03:35:28.722] [main/DEBUG] [autoreglib/]: Registering to minecraft:block - quark:jasper_bricks_stairs
[16Feb2025 03:35:28.722] [main/DEBUG] [autoreglib/]: Registering to minecraft:block - quark:jasper_bricks_wall
[16Feb2025 03:35:28.722] [main/DEBUG] [autoreglib/]: Registering to minecraft:block - quark:chiseled_jasper_bricks
[16Feb2025 03:35:28.722] [main/DEBUG] [autoreglib/]: Registering to minecraft:block - quark:jasper_pillar
[16Feb2025 03:35:28.723] [main/DEBUG] [autoreglib/]: Registering to minecraft:block - quark:shale_bricks
[16Feb2025 03:35:28.723] [main/DEBUG] [autoreglib/]: Registering to minecraft:block - quark:shale_bricks_slab
[16Feb2025 03:35:28.723] [main/DEBUG] [autoreglib/]: Registering to minecraft:block - quark:shale_bricks_stairs
[16Feb2025 03:35:28.723] [main/DEBUG] [autoreglib/]: Registering to minecraft:block - quark:shale_bricks_wall
[16Feb2025 03:35:28.723] [main/DEBUG] [autoreglib/]: Registering to minecraft:block - quark:chiseled_shale_bricks
[16Feb2025 03:35:28.723] [main/DEBUG] [autoreglib/]: Registering to minecraft:block - quark:shale_pillar
[16Feb2025 03:35:28.723] [main/DEBUG] [autoreglib/]: Registering to minecraft:block - quark:myalite_bricks
[16Feb2025 03:35:28.723] [main/DEBUG] [autoreglib/]: Registering to minecraft:block - quark:myalite_bricks_slab
[16Feb2025 03:35:28.723] [main/DEBUG] [autoreglib/]: Registering to minecraft:block - quark:myalite_bricks_stairs
[16Feb2025 03:35:28.723] [main/DEBUG] [autoreglib/]: Registering to minecraft:block - quark:myalite_bricks_wall
[16Feb2025 03:35:28.723] [main/DEBUG] [autoreglib/]: Registering to minecraft:block - quark:chiseled_myalite_bricks
[16Feb2025 03:35:28.723] [main/DEBUG] [autoreglib/]: Registering to minecraft:block - quark:myalite_pillar
[16Feb2025 03:35:28.723] [main/DEBUG] [autoreglib/]: Registering to minecraft:block - quark:cut_vine
[16Feb2025 03:35:28.723] [main/DEBUG] [autoreglib/]: Registering to minecraft:block - quark:nether_brick_fence_gate
[16Feb2025 03:35:28.723] [main/DEBUG] [autoreglib/]: Registering to minecraft:block - quark:gold_bars
[16Feb2025 03:35:28.723] [main/DEBUG] [autoreglib/]: Registering to minecraft:block - quark:rope
[16Feb2025 03:35:28.724] [main/DEBUG] [autoreglib/]: Registering to minecraft:block - quark:stone_lamp
[16Feb2025 03:35:28.724] [main/DEBUG] [autoreglib/]: Registering to minecraft:block - quark:stone_brick_lamp
[16Feb2025 03:35:28.724] [main/DEBUG] [autoreglib/]: Registering to minecraft:block - quark:soul_sandstone
[16Feb2025 03:35:28.724] [main/DEBUG] [autoreglib/]: Registering to minecraft:block - quark:soul_sandstone_slab
[16Feb2025 03:35:28.724] [main/DEBUG] [autoreglib/]: Registering to minecraft:block - quark:soul_sandstone_stairs
[16Feb2025 03:35:28.724] [main/DEBUG] [autoreglib/]: Registering to minecraft:block - quark:soul_sandstone_wall
[16Feb2025 03:35:28.724] [main/DEBUG] [autoreglib/]: Registering to minecraft:block - quark:chiseled_soul_sandstone
[16Feb2025 03:35:28.724] [main/DEBUG] [autoreglib/]: Registering to minecraft:block - quark:cut_soul_sandstone
[16Feb2025 03:35:28.724] [main/DEBUG] [autoreglib/]: Registering to minecraft:block - quark:cut_soul_sandstone_slab
[16Feb2025 03:35:28.724] [main/DEBUG] [autoreglib/]: Registering to minecraft:block - quark:smooth_soul_sandstone
[16Feb2025 03:35:28.724] [main/DEBUG] [autoreglib/]: Registering to minecraft:block - quark:smooth_soul_sandstone_slab
[16Feb2025 03:35:28.724] [main/DEBUG] [autoreglib/]: Registering to minecraft:block - quark:smooth_soul_sandstone_stairs
[16Feb2025 03:35:28.724] [main/DEBUG] [autoreglib/]: Registering to minecraft:block - quark:oak_leaf_carpet
[16Feb2025 03:35:28.724] [main/DEBUG] [autoreglib/]: Registering to minecraft:block - quark:spruce_leaf_carpet
[16Feb2025 03:35:28.725] [main/DEBUG] [autoreglib/]: Registering to minecraft:block - quark:birch_leaf_carpet
[16Feb2025 03:35:28.725] [main/DEBUG] [autoreglib/]: Registering to minecraft:block - quark:jungle_leaf_carpet
[16Feb2025 03:35:28.725] [main/DEBUG] [autoreglib/]: Registering to minecraft:block - quark:acacia_leaf_carpet
[16Feb2025 03:35:28.725] [main/DEBUG] [autoreglib/]: Registering to minecraft:block - quark:dark_oak_leaf_carpet
[16Feb2025 03:35:28.725] [main/DEBUG] [autoreglib/]: Registering to minecraft:block - quark:mangrove_leaf_carpet
[16Feb2025 03:35:28.725] [main/DEBUG] [autoreglib/]: Registering to minecraft:block - quark:azalea_leaf_carpet
[16Feb2025 03:35:28.725] [main/DEBUG] [autoreglib/]: Registering to minecraft:block - quark:flowering_azalea_leaf_carpet
[16Feb2025 03:35:28.725] [main/DEBUG] [autoreglib/]: Registering to minecraft:block - quark:framed_glass
[16Feb2025 03:35:28.725] [main/DEBUG] [autoreglib/]: Registering to minecraft:block - quark:framed_glass_pane
[16Feb2025 03:35:28.725] [main/DEBUG] [autoreglib/]: Registering to minecraft:block - quark:white_framed_glass
[16Feb2025 03:35:28.725] [main/DEBUG] [autoreglib/]: Registering to minecraft:block - quark:white_framed_glass_pane
[16Feb2025 03:35:28.725] [main/DEBUG] [autoreglib/]: Registering to minecraft:block - quark:orange_framed_glass
[16Feb2025 03:35:28.725] [main/DEBUG] [autoreglib/]: Registering to minecraft:block - quark:orange_framed_glass_pane
[16Feb2025 03:35:28.725] [main/DEBUG] [autoreglib/]: Registering to minecraft:block - quark:magenta_framed_glass
[16Feb2025 03:35:28.725] [main/DEBUG] [autoreglib/]: Registering to minecraft:block - quark:magenta_framed_glass_pane
[16Feb2025 03:35:28.725] [main/DEBUG] [autoreglib/]: Registering to minecraft:block - quark:light_blue_framed_glass
[16Feb2025 03:35:28.725] [main/DEBUG] [autoreglib/]: Registering to minecraft:block - quark:light_blue_framed_glass_pane
[16Feb2025 03:35:28.725] [main/DEBUG] [autoreglib/]: Registering to minecraft:block - quark:yellow_framed_glass
[16Feb2025 03:35:28.725] [main/DEBUG] [autoreglib/]: Registering to minecraft:block - quark:yellow_framed_glass_pane
[16Feb2025 03:35:28.726] [main/DEBUG] [autoreglib/]: Registering to minecraft:block - quark:lime_framed_glass
[16Feb2025 03:35:28.726] [main/DEBUG] [autoreglib/]: Registering to minecraft:block - quark:lime_framed_glass_pane
[16Feb2025 03:35:28.726] [main/DEBUG] [autoreglib/]: Registering to minecraft:block - quark:pink_framed_glass
[16Feb2025 03:35:28.726] [main/DEBUG] [autoreglib/]: Registering to minecraft:block - quark:pink_framed_glass_pane
[16Feb2025 03:35:28.726] [main/DEBUG] [autoreglib/]: Registering to minecraft:block - quark:gray_framed_glass
[16Feb2025 03:35:28.726] [main/DEBUG] [autoreglib/]: Registering to minecraft:block - quark:gray_framed_glass_pane
[16Feb2025 03:35:28.726] [main/DEBUG] [autoreglib/]: Registering to minecraft:block - quark:light_gray_framed_glass
[16Feb2025 03:35:28.726] [main/DEBUG] [autoreglib/]: Registering to minecraft:block - quark:light_gray_framed_glass_pane
[16Feb2025 03:35:28.726] [main/DEBUG] [autoreglib/]: Registering to minecraft:block - quark:cyan_framed_glass
[16Feb2025 03:35:28.726] [main/DEBUG] [autoreglib/]: Registering to minecraft:block - quark:cyan_framed_glass_pane
[16Feb2025 03:35:28.726] [main/DEBUG] [autoreglib/]: Registering to minecraft:block - quark:purple_framed_glass
[16Feb2025 03:35:28.726] [main/DEBUG] [autoreglib/]: Registering to minecraft:block - quark:purple_framed_glass_pane
[16Feb2025 03:35:28.726] [main/DEBUG] [autoreglib/]: Registering to minecraft:block - quark:blue_framed_glass
[16Feb2025 03:35:28.726] [main/DEBUG] [autoreglib/]: Registering to minecraft:block - quark:blue_framed_glass_pane
[16Feb2025 03:35:28.726] [main/DEBUG] [autoreglib/]: Registering to minecraft:block - quark:brown_framed_glass
[16Feb2025 03:35:28.726] [main/DEBUG] [autoreglib/]: Registering to minecraft:block - quark:brown_framed_glass_pane
[16Feb2025 03:35:28.726] [main/DEBUG] [autoreglib/]: Registering to minecraft:block - quark:green_framed_glass
[16Feb2025 03:35:28.726] [main/DEBUG] [autoreglib/]: Registering to minecraft:block - quark:green_framed_glass_pane
[16Feb2025 03:35:28.726] [main/DEBUG] [autoreglib/]: Registering to minecraft:block - quark:red_framed_glass
[16Feb2025 03:35:28.727] [main/DEBUG] [autoreglib/]: Registering to minecraft:block - quark:red_framed_glass_pane
[16Feb2025 03:35:28.727] [main/DEBUG] [autoreglib/]: Registering to minecraft:block - quark:black_framed_glass
[16Feb2025 03:35:28.727] [main/DEBUG] [autoreglib/]: Registering to minecraft:block - quark:black_framed_glass_pane
[16Feb2025 03:35:28.727] [main/DEBUG] [autoreglib/]: Registering to minecraft:block - quark:vertical_oak_planks
[16Feb2025 03:35:28.727] [main/DEBUG] [autoreglib/]: Registering to minecraft:block - quark:vertical_spruce_planks
[16Feb2025 03:35:28.727] [main/DEBUG] [autoreglib/]: Registering to minecraft:block - quark:vertical_birch_planks
[16Feb2025 03:35:28.727] [main/DEBUG] [autoreglib/]: Registering to minecraft:block - quark:vertical_jungle_planks
[16Feb2025 03:35:28.727] [main/DEBUG] [autoreglib/]: Registering to minecraft:block - quark:vertical_acacia_planks
[16Feb2025 03:35:28.727] [main/DEBUG] [autoreglib/]: Registering to minecraft:block - quark:vertical_dark_oak_planks
[16Feb2025 03:35:28.727] [main/DEBUG] [autoreglib/]: Registering to minecraft:block - quark:vertical_crimson_planks
[16Feb2025 03:35:28.727] [main/DEBUG] [autoreglib/]: Registering to minecraft:block - quark:vertical_warped_planks
[16Feb2025 03:35:28.727] [main/DEBUG] [autoreglib/]: Registering to minecraft:block - quark:vertical_mangrove_planks
[16Feb2025 03:35:28.727] [main/DEBUG] [autoreglib/]: Registering to minecraft:block - quark:deepslate_furnace
[16Feb2025 03:35:28.727] [main/DEBUG] [autoreglib/]: Registering to minecraft:block - quark:blackstone_furnace
[16Feb2025 03:35:28.727] [main/DEBUG] [autoreglib/]: Registering to minecraft:block - quark:oak_hedge
[16Feb2025 03:35:28.727] [main/DEBUG] [autoreglib/]: Registering to minecraft:block - quark:spruce_hedge
[16Feb2025 03:35:28.727] [main/DEBUG] [autoreglib/]: Registering to minecraft:block - quark:birch_hedge
[16Feb2025 03:35:28.727] [main/DEBUG] [autoreglib/]: Registering to minecraft:block - quark:jungle_hedge
[16Feb2025 03:35:28.728] [main/DEBUG] [autoreglib/]: Registering to minecraft:block - quark:acacia_hedge
[16Feb2025 03:35:28.728] [main/DEBUG] [autoreglib/]: Registering to minecraft:block - quark:dark_oak_hedge
[16Feb2025 03:35:28.728] [main/DEBUG] [autoreglib/]: Registering to minecraft:block - quark:mangrove_hedge
[16Feb2025 03:35:28.728] [main/DEBUG] [autoreglib/]: Registering to minecraft:block - quark:azalea_hedge
[16Feb2025 03:35:28.728] [main/DEBUG] [autoreglib/]: Registering to minecraft:block - quark:flowering_azalea_hedge
[16Feb2025 03:35:28.728] [main/DEBUG] [autoreglib/]: Registering to minecraft:block - quark:hollow_oak_log
[16Feb2025 03:35:28.728] [main/DEBUG] [autoreglib/]: Registering to minecraft:block - quark:hollow_spruce_log
[16Feb2025 03:35:28.728] [main/DEBUG] [autoreglib/]: Registering to minecraft:block - quark:hollow_birch_log
[16Feb2025 03:35:28.728] [main/DEBUG] [autoreglib/]: Registering to minecraft:block - quark:hollow_jungle_log
[16Feb2025 03:35:28.728] [main/DEBUG] [autoreglib/]: Registering to minecraft:block - quark:hollow_acacia_log
[16Feb2025 03:35:28.728] [main/DEBUG] [autoreglib/]: Registering to minecraft:block - quark:hollow_dark_oak_log
[16Feb2025 03:35:28.728] [main/DEBUG] [autoreglib/]: Registering to minecraft:block - quark:hollow_crimson_stem
[16Feb2025 03:35:28.728] [main/DEBUG] [autoreglib/]: Registering to minecraft:block - quark:hollow_warped_stem
[16Feb2025 03:35:28.728] [main/DEBUG] [autoreglib/]: Registering to minecraft:block - quark:hollow_mangrove_log
[16Feb2025 03:35:28.728] [main/DEBUG] [autoreglib/]: Registering to minecraft:block - quark:midori_block
[16Feb2025 03:35:28.729] [main/DEBUG] [autoreglib/]: Registering to minecraft:block - quark:midori_block_slab
[16Feb2025 03:35:28.729] [main/DEBUG] [autoreglib/]: Registering to minecraft:block - quark:midori_block_stairs
[16Feb2025 03:35:28.729] [main/DEBUG] [autoreglib/]: Registering to minecraft:block - quark:midori_pillar
[16Feb2025 03:35:28.729] [main/DEBUG] [autoreglib/]: Registering to minecraft:block - quark:red_crystal_lamp
[16Feb2025 03:35:28.729] [main/DEBUG] [autoreglib/]: Registering to minecraft:block - quark:orange_crystal_lamp
[16Feb2025 03:35:28.729] [main/DEBUG] [autoreglib/]: Registering to minecraft:block - quark:yellow_crystal_lamp
[16Feb2025 03:35:28.729] [main/DEBUG] [autoreglib/]: Registering to minecraft:block - quark:green_crystal_lamp
[16Feb2025 03:35:28.729] [main/DEBUG] [autoreglib/]: Registering to minecraft:block - quark:blue_crystal_lamp
[16Feb2025 03:35:28.729] [main/DEBUG] [autoreglib/]: Registering to minecraft:block - quark:indigo_crystal_lamp
[16Feb2025 03:35:28.729] [main/DEBUG] [autoreglib/]: Registering to minecraft:block - quark:violet_crystal_lamp
[16Feb2025 03:35:28.729] [main/DEBUG] [autoreglib/]: Registering to minecraft:block - quark:white_crystal_lamp
[16Feb2025 03:35:28.729] [main/DEBUG] [autoreglib/]: Registering to minecraft:block - quark:black_crystal_lamp
[16Feb2025 03:35:28.729] [main/DEBUG] [autoreglib/]: Registering to minecraft:block - quark:shingles
[16Feb2025 03:35:28.729] [main/DEBUG] [autoreglib/]: Registering to minecraft:block - quark:shingles_slab
[16Feb2025 03:35:28.729] [main/DEBUG] [autoreglib/]: Registering to minecraft:block - quark:shingles_stairs
[16Feb2025 03:35:28.729] [main/DEBUG] [autoreglib/]: Registering to minecraft:block - quark:white_shingles
[16Feb2025 03:35:28.730] [main/DEBUG] [autoreglib/]: Registering to minecraft:block - quark:white_shingles_slab
[16Feb2025 03:35:28.730] [main/DEBUG] [autoreglib/]: Registering to minecraft:block - quark:white_shingles_stairs
[16Feb2025 03:35:28.730] [main/DEBUG] [autoreglib/]: Registering to minecraft:block - quark:orange_shingles
[16Feb2025 03:35:28.730] [main/DEBUG] [autoreglib/]: Registering to minecraft:block - quark:orange_shingles_slab
[16Feb2025 03:35:28.730] [main/DEBUG] [autoreglib/]: Registering to minecraft:block - quark:orange_shingles_stairs
[16Feb2025 03:35:28.730] [main/DEBUG] [autoreglib/]: Registering to minecraft:block - quark:magenta_shingles
[16Feb2025 03:35:28.730] [main/DEBUG] [autoreglib/]: Registering to minecraft:block - quark:magenta_shingles_slab
[16Feb2025 03:35:28.730] [main/DEBUG] [autoreglib/]: Registering to minecraft:block - quark:magenta_shingles_stairs
[16Feb2025 03:35:28.730] [main/DEBUG] [autoreglib/]: Registering to minecraft:block - quark:light_blue_shingles
[16Feb2025 03:35:28.730] [main/DEBUG] [autoreglib/]: Registering to minecraft:block - quark:light_blue_shingles_slab
[16Feb2025 03:35:28.731] [main/DEBUG] [autoreglib/]: Registering to minecraft:block - quark:light_blue_shingles_stairs
[16Feb2025 03:35:28.731] [main/DEBUG] [autoreglib/]: Registering to minecraft:block - quark:yellow_shingles
[16Feb2025 03:35:28.731] [main/DEBUG] [autoreglib/]: Registering to minecraft:block - quark:yellow_shingles_slab
[16Feb2025 03:35:28.731] [main/DEBUG] [autoreglib/]: Registering to minecraft:block - quark:yellow_shingles_stairs
[16Feb2025 03:35:28.731] [main/DEBUG] [autoreglib/]: Registering to minecraft:block - quark:lime_shingles
[16Feb2025 03:35:28.731] [main/DEBUG] [autoreglib/]: Registering to minecraft:block - quark:lime_shingles_slab
[16Feb2025 03:35:28.731] [main/DEBUG] [autoreglib/]: Registering to minecraft:block - quark:lime_shingles_stairs
[16Feb2025 03:35:28.731] [main/DEBUG] [autoreglib/]: Registering to minecraft:block - quark:pink_shingles
[16Feb2025 03:35:28.731] [main/DEBUG] [autoreglib/]: Registering to minecraft:block - quark:pink_shingles_slab
[16Feb2025 03:35:28.731] [main/DEBUG] [autoreglib/]: Registering to minecraft:block - quark:pink_shingles_stairs
[16Feb2025 03:35:28.731] [main/DEBUG] [autoreglib/]: Registering to minecraft:block - quark:gray_shingles
[16Feb2025 03:35:28.731] [main/DEBUG] [autoreglib/]: Registering to minecraft:block - quark:gray_shingles_slab
[16Feb2025 03:35:28.731] [main/DEBUG] [autoreglib/]: Registering to minecraft:block - quark:gray_shingles_stairs
[16Feb2025 03:35:28.731] [main/DEBUG] [autoreglib/]: Registering to minecraft:block - quark:light_gray_shingles
[16Feb2025 03:35:28.731] [main/DEBUG] [autoreglib/]: Registering to minecraft:block - quark:light_gray_shingles_slab
[16Feb2025 03:35:28.731] [main/DEBUG] [autoreglib/]: Registering to minecraft:block - quark:light_gray_shingles_stairs
[16Feb2025 03:35:28.731] [main/DEBUG] [autoreglib/]: Registering to minecraft:block - quark:cyan_shingles
[16Feb2025 03:35:28.731] [main/DEBUG] [autoreglib/]: Registering to minecraft:block - quark:cyan_shingles_slab
[16Feb2025 03:35:28.732] [main/DEBUG] [autoreglib/]: Registering to minecraft:block - quark:cyan_shingles_stairs
[16Feb2025 03:35:28.732] [main/DEBUG] [autoreglib/]: Registering to minecraft:block - quark:purple_shingles
[16Feb2025 03:35:28.732] [main/DEBUG] [autoreglib/]: Registering to minecraft:block - quark:purple_shingles_slab
[16Feb2025 03:35:28.732] [main/DEBUG] [autoreglib/]: Registering to minecraft:block - quark:purple_shingles_stairs
[16Feb2025 03:35:28.732] [main/DEBUG] [autoreglib/]: Registering to minecraft:block - quark:blue_shingles
[16Feb2025 03:35:28.732] [main/DEBUG] [autoreglib/]: Registering to minecraft:block - quark:blue_shingles_slab
[16Feb2025 03:35:28.732] [main/DEBUG] [autoreglib/]: Registering to minecraft:block - quark:blue_shingles_stairs
[16Feb2025 03:35:28.732] [main/DEBUG] [autoreglib/]: Registering to minecraft:block - quark:brown_shingles
[16Feb2025 03:35:28.732] [main/DEBUG] [autoreglib/]: Registering to minecraft:block - quark:brown_shingles_slab
[16Feb2025 03:35:28.732] [main/DEBUG] [autoreglib/]: Registering to minecraft:block - quark:brown_shingles_stairs
[16Feb2025 03:35:28.732] [main/DEBUG] [autoreglib/]: Registering to minecraft:block - quark:green_shingles
[16Feb2025 03:35:28.732] [main/DEBUG] [autoreglib/]: Registering to minecraft:block - quark:green_shingles_slab
[16Feb2025 03:35:28.732] [main/DEBUG] [autoreglib/]: Registering to minecraft:block - quark:green_shingles_stairs
[16Feb2025 03:35:28.732] [main/DEBUG] [autoreglib/]: Registering to minecraft:block - quark:red_shingles
[16Feb2025 03:35:28.732] [main/DEBUG] [autoreglib/]: Registering to minecraft:block - quark:red_shingles_slab
[16Feb2025 03:35:28.732] [main/DEBUG] [autoreglib/]: Registering to minecraft:block - quark:red_shingles_stairs
[16Feb2025 03:35:28.732] [main/DEBUG] [autoreglib/]: Registering to minecraft:block - quark:black_shingles
[16Feb2025 03:35:28.732] [main/DEBUG] [autoreglib/]: Registering to minecraft:block - quark:black_shingles_slab
[16Feb2025 03:35:28.732] [main/DEBUG] [autoreglib/]: Registering to minecraft:block - quark:black_shingles_stairs
[16Feb2025 03:35:28.733] [main/DEBUG] [autoreglib/]: Registering to minecraft:block - quark:sturdy_stone
[16Feb2025 03:35:28.733] [main/DEBUG] [autoreglib/]: Registering to minecraft:block - quark:white_stool
[16Feb2025 03:35:28.733] [main/DEBUG] [autoreglib/]: Registering to minecraft:block - quark:orange_stool
[16Feb2025 03:35:28.733] [main/DEBUG] [autoreglib/]: Registering to minecraft:block - quark:magenta_stool
[16Feb2025 03:35:28.733] [main/DEBUG] [autoreglib/]: Registering to minecraft:block - quark:light_blue_stool
[16Feb2025 03:35:28.733] [main/DEBUG] [autoreglib/]: Registering to minecraft:block - quark:yellow_stool
[16Feb2025 03:35:28.733] [main/DEBUG] [autoreglib/]: Registering to minecraft:block - quark:lime_stool
[16Feb2025 03:35:28.733] [main/DEBUG] [autoreglib/]: Registering to minecraft:block - quark:pink_stool
[16Feb2025 03:35:28.733] [main/DEBUG] [autoreglib/]: Registering to minecraft:block - quark:gray_stool
[16Feb2025 03:35:28.733] [main/DEBUG] [autoreglib/]: Registering to minecraft:block - quark:light_gray_stool
[16Feb2025 03:35:28.733] [main/DEBUG] [autoreglib/]: Registering to minecraft:block - quark:cyan_stool
[16Feb2025 03:35:28.733] [main/DEBUG] [autoreglib/]: Registering to minecraft:block - quark:purple_stool
[16Feb2025 03:35:28.733] [main/DEBUG] [autoreglib/]: Registering to minecraft:block - quark:blue_stool
[16Feb2025 03:35:28.733] [main/DEBUG] [autoreglib/]: Registering to minecraft:block - quark:brown_stool
[16Feb2025 03:35:28.733] [main/DEBUG] [autoreglib/]: Registering to minecraft:block - quark:green_stool
[16Feb2025 03:35:28.733] [main/DEBUG] [autoreglib/]: Registering to minecraft:block - quark:red_stool
[16Feb2025 03:35:28.733] [main/DEBUG] [autoreglib/]: Registering to minecraft:block - quark:black_stool
[16Feb2025 03:35:28.733] [main/DEBUG] [autoreglib/]: Registering to minecraft:block - quark:raw_iron_bricks
[16Feb2025 03:35:28.734] [main/DEBUG] [autoreglib/]: Registering to minecraft:block - quark:raw_gold_bricks
[16Feb2025 03:35:28.734] [main/DEBUG] [autoreglib/]: Registering to minecraft:block - quark:raw_copper_bricks
[16Feb2025 03:35:28.734] [main/DEBUG] [autoreglib/]: Registering to minecraft:block - quark:raw_iron_bricks_slab
[16Feb2025 03:35:28.734] [main/DEBUG] [autoreglib/]: Registering to minecraft:block - quark:raw_iron_bricks_stairs
[16Feb2025 03:35:28.734] [main/DEBUG] [autoreglib/]: Registering to minecraft:block - quark:raw_gold_bricks_slab
[16Feb2025 03:35:28.734] [main/DEBUG] [autoreglib/]: Registering to minecraft:block - quark:raw_gold_bricks_stairs
[16Feb2025 03:35:28.734] [main/DEBUG] [autoreglib/]: Registering to minecraft:block - quark:raw_copper_bricks_slab
[16Feb2025 03:35:28.734] [main/DEBUG] [autoreglib/]: Registering to minecraft:block - quark:raw_copper_bricks_stairs
[16Feb2025 03:35:28.734] [main/DEBUG] [autoreglib/]: Registering to minecraft:block - quark:carved_mud_bricks
[16Feb2025 03:35:28.734] [main/DEBUG] [autoreglib/]: Registering to minecraft:block - quark:mud_pillar
[16Feb2025 03:35:28.734] [main/DEBUG] [autoreglib/]: Registering to minecraft:block - quark:mud_brick_lattice
[16Feb2025 03:35:28.734] [main/DEBUG] [autoreglib/]: Registering to minecraft:block - quark:grate
[16Feb2025 03:35:28.734] [main/DEBUG] [autoreglib/]: Registering to minecraft:block - quark:paper_lantern
[16Feb2025 03:35:28.734] [main/DEBUG] [autoreglib/]: Registering to minecraft:block - quark:paper_lantern_sakura
[16Feb2025 03:35:28.734] [main/DEBUG] [autoreglib/]: Registering to minecraft:block - quark:paper_wall
[16Feb2025 03:35:28.734] [main/DEBUG] [autoreglib/]: Registering to minecraft:block - quark:paper_wall_big
[16Feb2025 03:35:28.734] [main/DEBUG] [autoreglib/]: Registering to minecraft:block - quark:paper_wall_sakura
[16Feb2025 03:35:28.734] [main/DEBUG] [autoreglib/]: Registering to minecraft:block - quark:bamboo_mat
[16Feb2025 03:35:28.734] [main/DEBUG] [autoreglib/]: Registering to minecraft:block - quark:bamboo_mat_carpet
[16Feb2025 03:35:28.735] [main/DEBUG] [autoreglib/]: Registering to minecraft:block - quark:blue_nether_bricks
[16Feb2025 03:35:28.735] [main/DEBUG] [autoreglib/]: Registering to minecraft:block - quark:blue_nether_bricks_slab
[16Feb2025 03:35:28.735] [main/DEBUG] [autoreglib/]: Registering to minecraft:block - quark:blue_nether_bricks_stairs
[16Feb2025 03:35:28.735] [main/DEBUG] [autoreglib/]: Registering to minecraft:block - quark:blue_nether_bricks_wall
[16Feb2025 03:35:28.735] [main/DEBUG] [autoreglib/]: Registering to minecraft:block - quark:sandstone_bricks
[16Feb2025 03:35:28.735] [main/DEBUG] [autoreglib/]: Registering to minecraft:block - quark:sandstone_bricks_slab
[16Feb2025 03:35:28.735] [main/DEBUG] [autoreglib/]: Registering to minecraft:block - quark:sandstone_bricks_stairs
[16Feb2025 03:35:28.735] [main/DEBUG] [autoreglib/]: Registering to minecraft:block - quark:sandstone_bricks_wall
[16Feb2025 03:35:28.735] [main/DEBUG] [autoreglib/]: Registering to minecraft:block - quark:red_sandstone_bricks
[16Feb2025 03:35:28.735] [main/DEBUG] [autoreglib/]: Registering to minecraft:block - quark:red_sandstone_bricks_slab
[16Feb2025 03:35:28.735] [main/DEBUG] [autoreglib/]: Registering to minecraft:block - quark:red_sandstone_bricks_stairs
[16Feb2025 03:35:28.735] [main/DEBUG] [autoreglib/]: Registering to minecraft:block - quark:red_sandstone_bricks_wall
[16Feb2025 03:35:28.735] [main/DEBUG] [autoreglib/]: Registering to minecraft:block - quark:soul_sandstone_bricks
[16Feb2025 03:35:28.735] [main/DEBUG] [autoreglib/]: Registering to minecraft:block - quark:soul_sandstone_bricks_slab
[16Feb2025 03:35:28.735] [main/DEBUG] [autoreglib/]: Registering to minecraft:block - quark:soul_sandstone_bricks_stairs
[16Feb2025 03:35:28.735] [main/DEBUG] [autoreglib/]: Registering to minecraft:block - quark:soul_sandstone_bricks_wall
[16Feb2025 03:35:28.735] [main/DEBUG] [autoreglib/]: Registering to minecraft:block - quark:cobblestone_bricks
[16Feb2025 03:35:28.735] [main/DEBUG] [autoreglib/]: Registering to minecraft:block - quark:cobblestone_bricks_slab
[16Feb2025 03:35:28.736] [main/DEBUG] [autoreglib/]: Registering to minecraft:block - quark:cobblestone_bricks_stairs
[16Feb2025 03:35:28.736] [main/DEBUG] [autoreglib/]: Registering to minecraft:block - quark:cobblestone_bricks_wall
[16Feb2025 03:35:28.736] [main/DEBUG] [autoreglib/]: Registering to minecraft:block - quark:mossy_cobblestone_bricks
[16Feb2025 03:35:28.736] [main/DEBUG] [autoreglib/]: Registering to minecraft:block - quark:mossy_cobblestone_bricks_slab
[16Feb2025 03:35:28.736] [main/DEBUG] [autoreglib/]: Registering to minecraft:block - quark:mossy_cobblestone_bricks_stairs
[16Feb2025 03:35:28.736] [main/DEBUG] [autoreglib/]: Registering to minecraft:block - quark:mossy_cobblestone_bricks_wall
[16Feb2025 03:35:28.736] [main/DEBUG] [autoreglib/]: Registering to minecraft:block - quark:blackstone_bricks
[16Feb2025 03:35:28.736] [main/DEBUG] [autoreglib/]: Registering to minecraft:block - quark:blackstone_bricks_slab
[16Feb2025 03:35:28.736] [main/DEBUG] [autoreglib/]: Registering to minecraft:block - quark:blackstone_bricks_stairs
[16Feb2025 03:35:28.736] [main/DEBUG] [autoreglib/]: Registering to minecraft:block - quark:blackstone_bricks_wall
[16Feb2025 03:35:28.736] [main/DEBUG] [autoreglib/]: Registering to minecraft:block - quark:dirt_bricks
[16Feb2025 03:35:28.736] [main/DEBUG] [autoreglib/]: Registering to minecraft:block - quark:dirt_bricks_slab
[16Feb2025 03:35:28.736] [main/DEBUG] [autoreglib/]: Registering to minecraft:block - quark:dirt_bricks_stairs
[16Feb2025 03:35:28.736] [main/DEBUG] [autoreglib/]: Registering to minecraft:block - quark:dirt_bricks_wall
[16Feb2025 03:35:28.736] [main/DEBUG] [autoreglib/]: Registering to minecraft:block - quark:netherrack_bricks
[16Feb2025 03:35:28.736] [main/DEBUG] [autoreglib/]: Registering to minecraft:block - quark:netherrack_bricks_slab
[16Feb2025 03:35:28.736] [main/DEBUG] [autoreglib/]: Registering to minecraft:block - quark:netherrack_bricks_stairs
[16Feb2025 03:35:28.736] [main/DEBUG] [autoreglib/]: Registering to minecraft:block - quark:netherrack_bricks_wall
[16Feb2025 03:35:28.737] [main/DEBUG] [autoreglib/]: Registering to minecraft:block - quark:iron_plate
[16Feb2025 03:35:28.737] [main/DEBUG] [autoreglib/]: Registering to minecraft:block - quark:iron_plate_slab
[16Feb2025 03:35:28.737] [main/DEBUG] [autoreglib/]: Registering to minecraft:block - quark:iron_plate_stairs
[16Feb2025 03:35:28.737] [main/DEBUG] [autoreglib/]: Registering to minecraft:block - quark:rusty_iron_plate
[16Feb2025 03:35:28.737] [main/DEBUG] [autoreglib/]: Registering to minecraft:block - quark:rusty_iron_plate_slab
[16Feb2025 03:35:28.737] [main/DEBUG] [autoreglib/]: Registering to minecraft:block - quark:rusty_iron_plate_stairs
[16Feb2025 03:35:28.737] [main/DEBUG] [autoreglib/]: Registering to minecraft:block - quark:iron_pillar
[16Feb2025 03:35:28.737] [main/DEBUG] [autoreglib/]: Registering to minecraft:block - quark:iron_ladder
[16Feb2025 03:35:28.737] [main/DEBUG] [autoreglib/]: Registering to minecraft:block - quark:permafrost
[16Feb2025 03:35:28.737] [main/DEBUG] [autoreglib/]: Registering to minecraft:block - quark:permafrost_slab
[16Feb2025 03:35:28.737] [main/DEBUG] [autoreglib/]: Registering to minecraft:block - quark:permafrost_stairs
[16Feb2025 03:35:28.737] [main/DEBUG] [autoreglib/]: Registering to minecraft:block - quark:permafrost_wall
[16Feb2025 03:35:28.737] [main/DEBUG] [autoreglib/]: Registering to minecraft:block - quark:permafrost_bricks
[16Feb2025 03:35:28.737] [main/DEBUG] [autoreglib/]: Registering to minecraft:block - quark:permafrost_bricks_slab
[16Feb2025 03:35:28.737] [main/DEBUG] [autoreglib/]: Registering to minecraft:block - quark:permafrost_bricks_stairs
[16Feb2025 03:35:28.737] [main/DEBUG] [autoreglib/]: Registering to minecraft:block - quark:permafrost_bricks_wall
[16Feb2025 03:35:28.737] [main/DEBUG] [autoreglib/]: Registering to minecraft:block - quark:dusky_myalite
[16Feb2025 03:35:28.737] [main/DEBUG] [autoreglib/]: Registering to minecraft:block - quark:myalite_crystal
[16Feb2025 03:35:28.737] [main/DEBUG] [autoreglib/]: Registering to minecraft:block - quark:ancient_log
[16Feb2025 03:35:28.738] [main/DEBUG] [autoreglib/]: Registering to minecraft:block - quark:ancient_wood
[16Feb2025 03:35:28.738] [main/DEBUG] [autoreglib/]: Registering to minecraft:block - quark:stripped_ancient_log
[16Feb2025 03:35:28.738] [main/DEBUG] [autoreglib/]: Registering to minecraft:block - quark:stripped_ancient_wood
[16Feb2025 03:35:28.738] [main/DEBUG] [autoreglib/]: Registering to minecraft:block - quark:ancient_planks
[16Feb2025 03:35:28.738] [main/DEBUG] [autoreglib/]: Registering to minecraft:block - quark:ancient_planks_slab
[16Feb2025 03:35:28.738] [main/DEBUG] [autoreglib/]: Registering to minecraft:block - quark:ancient_planks_stairs
[16Feb2025 03:35:28.738] [main/DEBUG] [autoreglib/]: Registering to minecraft:block - quark:ancient_fence
[16Feb2025 03:35:28.738] [main/DEBUG] [autoreglib/]: Registering to minecraft:block - quark:ancient_fence_gate
[16Feb2025 03:35:28.738] [main/DEBUG] [autoreglib/]: Registering to minecraft:block - quark:ancient_door
[16Feb2025 03:35:28.738] [main/DEBUG] [autoreglib/]: Registering to minecraft:block - quark:ancient_trapdoor
[16Feb2025 03:35:28.739] [main/DEBUG] [autoreglib/]: Registering to minecraft:block - quark:ancient_button
[16Feb2025 03:35:28.739] [main/DEBUG] [autoreglib/]: Registering to minecraft:block - quark:ancient_pressure_plate
[16Feb2025 03:35:28.739] [main/DEBUG] [autoreglib/]: Registering to minecraft:block - quark:ancient_sign
[16Feb2025 03:35:28.739] [main/DEBUG] [autoreglib/]: Registering to minecraft:block - quark:ancient_wall_sign
[16Feb2025 03:35:28.739] [main/DEBUG] [autoreglib/]: Registering to minecraft:block - quark:ancient_bookshelf
[16Feb2025 03:35:28.739] [main/DEBUG] [autoreglib/]: Registering to minecraft:block - quark:ancient_ladder
[16Feb2025 03:35:28.739] [main/DEBUG] [autoreglib/]: Registering to minecraft:block - quark:ancient_post
[16Feb2025 03:35:28.739] [main/DEBUG] [autoreglib/]: Registering to minecraft:block - quark:stripped_ancient_post
[16Feb2025 03:35:28.739] [main/DEBUG] [autoreglib/]: Registering to minecraft:block - quark:vertical_ancient_planks
[16Feb2025 03:35:28.739] [main/DEBUG] [autoreglib/]: Registering to minecraft:block - quark:hollow_ancient_log
[16Feb2025 03:35:28.739] [main/DEBUG] [autoreglib/]: Registering to minecraft:block - quark:ancient_leaves
[16Feb2025 03:35:28.739] [main/DEBUG] [autoreglib/]: Registering to minecraft:block - quark:ancient_sapling
[16Feb2025 03:35:28.739] [main/DEBUG] [autoreglib/]: Registering to minecraft:block - quark:potted_ancient_sapling
[16Feb2025 03:35:28.739] [main/DEBUG] [autoreglib/]: Registering to minecraft:block - quark:limestone
[16Feb2025 03:35:28.739] [main/DEBUG] [autoreglib/]: Registering to minecraft:block - quark:polished_limestone
[16Feb2025 03:35:28.739] [main/DEBUG] [autoreglib/]: Registering to minecraft:block - quark:limestone_slab
[16Feb2025 03:35:28.739] [main/DEBUG] [autoreglib/]: Registering to minecraft:block - quark:limestone_stairs
[16Feb2025 03:35:28.739] [main/DEBUG] [autoreglib/]: Registering to minecraft:block - quark:limestone_wall
[16Feb2025 03:35:28.740] [main/DEBUG] [autoreglib/]: Registering to minecraft:block - quark:polished_limestone_slab
[16Feb2025 03:35:28.740] [main/DEBUG] [autoreglib/]: Registering to minecraft:block - quark:polished_limestone_stairs
[16Feb2025 03:35:28.740] [main/DEBUG] [autoreglib/]: Registering to minecraft:block - quark:jasper
[16Feb2025 03:35:28.740] [main/DEBUG] [autoreglib/]: Registering to minecraft:block - quark:polished_jasper
[16Feb2025 03:35:28.740] [main/DEBUG] [autoreglib/]: Registering to minecraft:block - quark:jasper_slab
[16Feb2025 03:35:28.740] [main/DEBUG] [autoreglib/]: Registering to minecraft:block - quark:jasper_stairs
[16Feb2025 03:35:28.740] [main/DEBUG] [autoreglib/]: Registering to minecraft:block - quark:jasper_wall
[16Feb2025 03:35:28.740] [main/DEBUG] [autoreglib/]: Registering to minecraft:block - quark:polished_jasper_slab
[16Feb2025 03:35:28.740] [main/DEBUG] [autoreglib/]: Registering to minecraft:block - quark:polished_jasper_stairs
[16Feb2025 03:35:28.740] [main/DEBUG] [autoreglib/]: Registering to minecraft:block - quark:shale
[16Feb2025 03:35:28.740] [main/DEBUG] [autoreglib/]: Registering to minecraft:block - quark:polished_shale
[16Feb2025 03:35:28.740] [main/DEBUG] [autoreglib/]: Registering to minecraft:block - quark:shale_slab
[16Feb2025 03:35:28.740] [main/DEBUG] [autoreglib/]: Registering to minecraft:block - quark:shale_stairs
[16Feb2025 03:35:28.740] [main/DEBUG] [autoreglib/]: Registering to minecraft:block - quark:shale_wall
[16Feb2025 03:35:28.740] [main/DEBUG] [autoreglib/]: Registering to minecraft:block - quark:polished_shale_slab
[16Feb2025 03:35:28.740] [main/DEBUG] [autoreglib/]: Registering to minecraft:block - quark:polished_shale_stairs
[16Feb2025 03:35:28.740] [main/DEBUG] [autoreglib/]: Registering to minecraft:block - quark:myalite
[16Feb2025 03:35:28.740] [main/DEBUG] [autoreglib/]: Registering to minecraft:block - quark:polished_myalite
[16Feb2025 03:35:28.740] [main/DEBUG] [autoreglib/]: Registering to minecraft:block - quark:myalite_slab
[16Feb2025 03:35:28.740] [main/DEBUG] [autoreglib/]: Registering to minecraft:block - quark:myalite_stairs
[16Feb2025 03:35:28.741] [main/DEBUG] [autoreglib/]: Registering to minecraft:block - quark:myalite_wall
[16Feb2025 03:35:28.741] [main/DEBUG] [autoreglib/]: Registering to minecraft:block - quark:polished_myalite_slab
[16Feb2025 03:35:28.741] [main/DEBUG] [autoreglib/]: Registering to minecraft:block - quark:polished_myalite_stairs
[16Feb2025 03:35:28.741] [main/DEBUG] [autoreglib/]: Registering to minecraft:block - quark:blossom_log
[16Feb2025 03:35:28.741] [main/DEBUG] [autoreglib/]: Registering to minecraft:block - quark:blossom_wood
[16Feb2025 03:35:28.741] [main/DEBUG] [autoreglib/]: Registering to minecraft:block - quark:stripped_blossom_log
[16Feb2025 03:35:28.741] [main/DEBUG] [autoreglib/]: Registering to minecraft:block - quark:stripped_blossom_wood
[16Feb2025 03:35:28.741] [main/DEBUG] [autoreglib/]: Registering to minecraft:block - quark:blossom_planks
[16Feb2025 03:35:28.741] [main/DEBUG] [autoreglib/]: Registering to minecraft:block - quark:blossom_planks_slab
[16Feb2025 03:35:28.741] [main/DEBUG] [autoreglib/]: Registering to minecraft:block - quark:blossom_planks_stairs
[16Feb2025 03:35:28.741] [main/DEBUG] [autoreglib/]: Registering to minecraft:block - quark:blossom_fence
[16Feb2025 03:35:28.741] [main/DEBUG] [autoreglib/]: Registering to minecraft:block - quark:blossom_fence_gate
[16Feb2025 03:35:28.741] [main/DEBUG] [autoreglib/]: Registering to minecraft:block - quark:blossom_door
[16Feb2025 03:35:28.741] [main/DEBUG] [autoreglib/]: Registering to minecraft:block - quark:blossom_trapdoor
[16Feb2025 03:35:28.741] [main/DEBUG] [autoreglib/]: Registering to minecraft:block - quark:blossom_button
[16Feb2025 03:35:28.741] [main/DEBUG] [autoreglib/]: Registering to minecraft:block - quark:blossom_pressure_plate
[16Feb2025 03:35:28.742] [main/DEBUG] [autoreglib/]: Registering to minecraft:block - quark:blossom_sign
[16Feb2025 03:35:28.742] [main/DEBUG] [autoreglib/]: Registering to minecraft:block - quark:blossom_wall_sign
[16Feb2025 03:35:28.742] [main/DEBUG] [autoreglib/]: Registering to minecraft:block - quark:blossom_bookshelf
[16Feb2025 03:35:28.742] [main/DEBUG] [autoreglib/]: Registering to minecraft:block - quark:blossom_ladder
[16Feb2025 03:35:28.742] [main/DEBUG] [autoreglib/]: Registering to minecraft:block - quark:blossom_post
[16Feb2025 03:35:28.742] [main/DEBUG] [autoreglib/]: Registering to minecraft:block - quark:stripped_blossom_post
[16Feb2025 03:35:28.742] [main/DEBUG] [autoreglib/]: Registering to minecraft:block - quark:vertical_blossom_planks
[16Feb2025 03:35:28.742] [main/DEBUG] [autoreglib/]: Registering to minecraft:block - quark:hollow_blossom_log
[16Feb2025 03:35:28.742] [main/DEBUG] [autoreglib/]: Registering to minecraft:block - quark:blue_blossom_leaves
[16Feb2025 03:35:28.742] [main/DEBUG] [autoreglib/]: Registering to minecraft:block - quark:blue_blossom_sapling
[16Feb2025 03:35:28.742] [main/DEBUG] [autoreglib/]: Registering to minecraft:block - quark:potted_blue_blossom_sapling
[16Feb2025 03:35:28.742] [main/DEBUG] [autoreglib/]: Registering to minecraft:block - quark:lavender_blossom_leaves
[16Feb2025 03:35:28.742] [main/DEBUG] [autoreglib/]: Registering to minecraft:block - quark:lavender_blossom_sapling
[16Feb2025 03:35:28.742] [main/DEBUG] [autoreglib/]: Registering to minecraft:block - quark:potted_lavender_blossom_sapling
[16Feb2025 03:35:28.742] [main/DEBUG] [autoreglib/]: Registering to minecraft:block - quark:orange_blossom_leaves
[16Feb2025 03:35:28.742] [main/DEBUG] [autoreglib/]: Registering to minecraft:block - quark:orange_blossom_sapling
[16Feb2025 03:35:28.742] [main/DEBUG] [autoreglib/]: Registering to minecraft:block - quark:potted_orange_blossom_sapling
[16Feb2025 03:35:28.742] [main/DEBUG] [autoreglib/]: Registering to minecraft:block - quark:pink_blossom_leaves
[16Feb2025 03:35:28.742] [main/DEBUG] [autoreglib/]: Registering to minecraft:block - quark:pink_blossom_sapling
[16Feb2025 03:35:28.743] [main/DEBUG] [autoreglib/]: Registering to minecraft:block - quark:potted_pink_blossom_sapling
[16Feb2025 03:35:28.743] [main/DEBUG] [autoreglib/]: Registering to minecraft:block - quark:yellow_blossom_leaves
[16Feb2025 03:35:28.743] [main/DEBUG] [autoreglib/]: Registering to minecraft:block - quark:yellow_blossom_sapling
[16Feb2025 03:35:28.743] [main/DEBUG] [autoreglib/]: Registering to minecraft:block - quark:potted_yellow_blossom_sapling
[16Feb2025 03:35:28.743] [main/DEBUG] [autoreglib/]: Registering to minecraft:block - quark:red_blossom_leaves
[16Feb2025 03:35:28.743] [main/DEBUG] [autoreglib/]: Registering to minecraft:block - quark:red_blossom_sapling
[16Feb2025 03:35:28.743] [main/DEBUG] [autoreglib/]: Registering to minecraft:block - quark:potted_red_blossom_sapling
[16Feb2025 03:35:28.743] [main/DEBUG] [autoreglib/]: Registering to minecraft:block - quark:glow_shroom
[16Feb2025 03:35:28.743] [main/DEBUG] [autoreglib/]: Registering to minecraft:block - quark:glow_lichen_growth
[16Feb2025 03:35:28.743] [main/DEBUG] [autoreglib/]: Registering to minecraft:block - quark:glow_shroom_block
[16Feb2025 03:35:28.743] [main/DEBUG] [autoreglib/]: Registering to minecraft:block - quark:glow_shroom_stem
[16Feb2025 03:35:28.743] [main/DEBUG] [autoreglib/]: Registering to minecraft:block - quark:glow_shroom_ring
[16Feb2025 03:35:28.743] [main/DEBUG] [autoreglib/]: Registering to minecraft:block - quark:potted_glow_lichen_growth
[16Feb2025 03:35:28.743] [main/DEBUG] [autoreglib/]: Registering to minecraft:block - quark:potted_glow_shroom
[16Feb2025 03:35:28.743] [main/DEBUG] [autoreglib/]: Registering to minecraft:block - quark:monster_box
[16Feb2025 03:35:28.743] [main/DEBUG] [autoreglib/]: Registering to minecraft:block - quark:azalea_log
[16Feb2025 03:35:28.743] [main/DEBUG] [autoreglib/]: Registering to minecraft:block - quark:azalea_wood
[16Feb2025 03:35:28.743] [main/DEBUG] [autoreglib/]: Registering to minecraft:block - quark:stripped_azalea_log
[16Feb2025 03:35:28.744] [main/DEBUG] [autoreglib/]: Registering to minecraft:block - quark:stripped_azalea_wood
[16Feb2025 03:35:28.744] [main/DEBUG] [autoreglib/]: Registering to minecraft:block - quark:azalea_planks
[16Feb2025 03:35:28.744] [main/DEBUG] [autoreglib/]: Registering to minecraft:block - quark:azalea_planks_slab
[16Feb2025 03:35:28.744] [main/DEBUG] [autoreglib/]: Registering to minecraft:block - quark:azalea_planks_stairs
[16Feb2025 03:35:28.744] [main/DEBUG] [autoreglib/]: Registering to minecraft:block - quark:azalea_fence
[16Feb2025 03:35:28.744] [main/DEBUG] [autoreglib/]: Registering to minecraft:block - quark:azalea_fence_gate
[16Feb2025 03:35:28.744] [main/DEBUG] [autoreglib/]: Registering to minecraft:block - quark:azalea_door
[16Feb2025 03:35:28.744] [main/DEBUG] [autoreglib/]: Registering to minecraft:block - quark:azalea_trapdoor
[16Feb2025 03:35:28.744] [main/DEBUG] [autoreglib/]: Registering to minecraft:block - quark:azalea_button
[16Feb2025 03:35:28.744] [main/DEBUG] [autoreglib/]: Registering to minecraft:block - quark:azalea_pressure_plate
[16Feb2025 03:35:28.744] [main/DEBUG] [autoreglib/]: Registering to minecraft:block - quark:azalea_sign
[16Feb2025 03:35:28.744] [main/DEBUG] [autoreglib/]: Registering to minecraft:block - quark:azalea_wall_sign
[16Feb2025 03:35:28.744] [main/DEBUG] [autoreglib/]: Registering to minecraft:block - quark:azalea_bookshelf
[16Feb2025 03:35:28.744] [main/DEBUG] [autoreglib/]: Registering to minecraft:block - quark:azalea_ladder
[16Feb2025 03:35:28.744] [main/DEBUG] [autoreglib/]: Registering to minecraft:block - quark:azalea_post
[16Feb2025 03:35:28.744] [main/DEBUG] [autoreglib/]: Registering to minecraft:block - quark:stripped_azalea_post
[16Feb2025 03:35:28.744] [main/DEBUG] [autoreglib/]: Registering to minecraft:block - quark:vertical_azalea_planks
[16Feb2025 03:35:28.744] [main/DEBUG] [autoreglib/]: Registering to minecraft:block - quark:hollow_azalea_log
[16Feb2025 03:35:28.744] [main/DEBUG] [autoreglib/]: Registering to minecraft:block - quark:red_corundum
[16Feb2025 03:35:28.745] [main/DEBUG] [autoreglib/]: Registering to minecraft:block - quark:waxed_red_corundum
[16Feb2025 03:35:28.745] [main/DEBUG] [autoreglib/]: Registering to minecraft:block - quark:red_corundum_pane
[16Feb2025 03:35:28.745] [main/DEBUG] [autoreglib/]: Registering to minecraft:block - quark:red_corundum_cluster
[16Feb2025 03:35:28.745] [main/DEBUG] [autoreglib/]: Registering to minecraft:block - quark:orange_corundum
[16Feb2025 03:35:28.745] [main/DEBUG] [autoreglib/]: Registering to minecraft:block - quark:waxed_orange_corundum
[16Feb2025 03:35:28.745] [main/DEBUG] [autoreglib/]: Registering to minecraft:block - quark:orange_corundum_pane
[16Feb2025 03:35:28.745] [main/DEBUG] [autoreglib/]: Registering to minecraft:block - quark:orange_corundum_cluster
[16Feb2025 03:35:28.745] [main/DEBUG] [autoreglib/]: Registering to minecraft:block - quark:yellow_corundum
[16Feb2025 03:35:28.745] [main/DEBUG] [autoreglib/]: Registering to minecraft:block - quark:waxed_yellow_corundum
[16Feb2025 03:35:28.745] [main/DEBUG] [autoreglib/]: Registering to minecraft:block - quark:yellow_corundum_pane
[16Feb2025 03:35:28.745] [main/DEBUG] [autoreglib/]: Registering to minecraft:block - quark:yellow_corundum_cluster
[16Feb2025 03:35:28.745] [main/DEBUG] [autoreglib/]: Registering to minecraft:block - quark:green_corundum
[16Feb2025 03:35:28.745] [main/DEBUG] [autoreglib/]: Registering to minecraft:block - quark:waxed_green_corundum
[16Feb2025 03:35:28.745] [main/DEBUG] [autoreglib/]: Registering to minecraft:block - quark:green_corundum_pane
[16Feb2025 03:35:28.745] [main/DEBUG] [autoreglib/]: Registering to minecraft:block - quark:green_corundum_cluster
[16Feb2025 03:35:28.745] [main/DEBUG] [autoreglib/]: Registering to minecraft:block - quark:blue_corundum
[16Feb2025 03:35:28.745] [main/DEBUG] [autoreglib/]: Registering to minecraft:block - quark:waxed_blue_corundum
[16Feb2025 03:35:28.746] [main/DEBUG] [autoreglib/]: Registering to minecraft:block - quark:blue_corundum_pane
[16Feb2025 03:35:28.746] [main/DEBUG] [autoreglib/]: Registering to minecraft:block - quark:blue_corundum_cluster
[16Feb2025 03:35:28.746] [main/DEBUG] [autoreglib/]: Registering to minecraft:block - quark:indigo_corundum
[16Feb2025 03:35:28.746] [main/DEBUG] [autoreglib/]: Registering to minecraft:block - quark:waxed_indigo_corundum
[16Feb2025 03:35:28.746] [main/DEBUG] [autoreglib/]: Registering to minecraft:block - quark:indigo_corundum_pane
[16Feb2025 03:35:28.746] [main/DEBUG] [autoreglib/]: Registering to minecraft:block - quark:indigo_corundum_cluster
[16Feb2025 03:35:28.746] [main/DEBUG] [autoreglib/]: Registering to minecraft:block - quark:violet_corundum
[16Feb2025 03:35:28.746] [main/DEBUG] [autoreglib/]: Registering to minecraft:block - quark:waxed_violet_corundum
[16Feb2025 03:35:28.746] [main/DEBUG] [autoreglib/]: Registering to minecraft:block - quark:violet_corundum_pane
[16Feb2025 03:35:28.746] [main/DEBUG] [autoreglib/]: Registering to minecraft:block - quark:violet_corundum_cluster
[16Feb2025 03:35:28.746] [main/DEBUG] [autoreglib/]: Registering to minecraft:block - quark:white_corundum
[16Feb2025 03:35:28.746] [main/DEBUG] [autoreglib/]: Registering to minecraft:block - quark:waxed_white_corundum
[16Feb2025 03:35:28.746] [main/DEBUG] [autoreglib/]: Registering to minecraft:block - quark:white_corundum_pane
[16Feb2025 03:35:28.746] [main/DEBUG] [autoreglib/]: Registering to minecraft:block - quark:white_corundum_cluster
[16Feb2025 03:35:28.746] [main/DEBUG] [autoreglib/]: Registering to minecraft:block - quark:black_corundum
[16Feb2025 03:35:28.746] [main/DEBUG] [autoreglib/]: Registering to minecraft:block - quark:waxed_black_corundum
[16Feb2025 03:35:28.746] [main/DEBUG] [autoreglib/]: Registering to minecraft:block - quark:black_corundum_pane
[16Feb2025 03:35:28.746] [main/DEBUG] [autoreglib/]: Registering to minecraft:block - quark:black_corundum_cluster
[16Feb2025 03:35:28.747] [main/DEBUG] [autoreglib/]: Registering to minecraft:block - quark:chorus_weeds
[16Feb2025 03:35:28.747] [main/DEBUG] [autoreglib/]: Registering to minecraft:block - quark:chorus_twist
[16Feb2025 03:35:28.747] [main/DEBUG] [autoreglib/]: Registering to minecraft:block - quark:potted_chorus_weeds
[16Feb2025 03:35:28.747] [main/DEBUG] [autoreglib/]: Registering to minecraft:block - quark:potted_chorus_twist
[16Feb2025 03:35:28.747] [main/DEBUG] [autoreglib/]: Registering to minecraft:block - quark:ender_watcher
[16Feb2025 03:35:28.747] [main/DEBUG] [autoreglib/]: Registering to minecraft:block - quark:redstone_randomizer
[16Feb2025 03:35:28.747] [main/DEBUG] [autoreglib/]: Registering to minecraft:block - quark:feeding_trough
[16Feb2025 03:35:28.747] [main/DEBUG] [autoreglib/]: Registering to minecraft:block - quark:iron_button
[16Feb2025 03:35:28.747] [main/DEBUG] [autoreglib/]: Registering to minecraft:block - quark:gold_button
[16Feb2025 03:35:28.747] [main/DEBUG] [autoreglib/]: Registering to minecraft:block - quark:iron_rod
[16Feb2025 03:35:28.747] [main/DEBUG] [autoreglib/]: Registering to minecraft:block - quark:obsidian_pressure_plate
[16Feb2025 03:35:28.747] [main/DEBUG] [autoreglib/]: Registering to minecraft:block - quark:gravisand
[16Feb2025 03:35:28.747] [main/DEBUG] [autoreglib/]: Registering to minecraft:block - quark:chute
[16Feb2025 03:35:28.747] [main/DEBUG] [autoreglib/]: Registering to minecraft:block - quark:dirty_glass
[16Feb2025 03:35:28.747] [main/DEBUG] [autoreglib/]: Registering to minecraft:block - quark:dirty_glass_pane
[16Feb2025 03:35:28.747] [main/DEBUG] [autoreglib/]: Registering to minecraft:block - quark:cloud
[16Feb2025 03:35:28.747] [main/DEBUG] [autoreglib/]: Registering to minecraft:block - quark:pipe
[16Feb2025 03:35:28.747] [main/DEBUG] [autoreglib/]: Registering to minecraft:block - quark:encased_pipe
[16Feb2025 03:35:28.748] [main/DEBUG] [autoreglib/]: Registering to minecraft:block - quark:bonded_ravager_hide
[16Feb2025 03:35:28.748] [main/DEBUG] [autoreglib/]: Registering to minecraft:block - quark:tiny_potato
[16Feb2025 03:35:28.748] [main/DEBUG] [autoreglib/]: Registering to minecraft:block - quark:matrix_enchanter
[16Feb2025 03:35:28.748] [main/DEBUG] [autoreglib/]: Registering to minecraft:block - quark:crate
[16Feb2025 03:35:28.748] [main/DEBUG] [autoreglib/]: Registering to minecraft:block - quark:magnet
[16Feb2025 03:35:28.748] [main/DEBUG] [autoreglib/]: Registering to minecraft:block - quark:magnetized_block
[16Feb2025 03:35:28.748] [main/DEBUG] [autoreglib/]: Registering to minecraft:block - quark:bamboo_chest
[16Feb2025 03:35:28.748] [main/DEBUG] [autoreglib/]: Registering to minecraft:block - quark:oak_chest
[16Feb2025 03:35:28.748] [main/DEBUG] [autoreglib/]: Registering to minecraft:block - quark:spruce_chest
[16Feb2025 03:35:28.748] [main/DEBUG] [autoreglib/]: Registering to minecraft:block - quark:birch_chest
[16Feb2025 03:35:28.748] [main/DEBUG] [autoreglib/]: Registering to minecraft:block - quark:jungle_chest
[16Feb2025 03:35:28.748] [main/DEBUG] [autoreglib/]: Registering to minecraft:block - quark:acacia_chest
[16Feb2025 03:35:28.748] [main/DEBUG] [autoreglib/]: Registering to minecraft:block - quark:dark_oak_chest
[16Feb2025 03:35:28.748] [main/DEBUG] [autoreglib/]: Registering to minecraft:block - quark:crimson_chest
[16Feb2025 03:35:28.748] [main/DEBUG] [autoreglib/]: Registering to minecraft:block - quark:warped_chest
[16Feb2025 03:35:28.748] [main/DEBUG] [autoreglib/]: Registering to minecraft:block - quark:mangrove_chest
[16Feb2025 03:35:28.748] [main/DEBUG] [autoreglib/]: Registering to minecraft:block - quark:nether_brick_chest
[16Feb2025 03:35:28.748] [main/DEBUG] [autoreglib/]: Registering to minecraft:block - quark:purpur_chest
[16Feb2025 03:35:28.748] [main/DEBUG] [autoreglib/]: Registering to minecraft:block - quark:prismarine_chest
[16Feb2025 03:35:28.749] [main/DEBUG] [autoreglib/]: Registering to minecraft:block - quark:ancient_chest
[16Feb2025 03:35:28.749] [main/DEBUG] [autoreglib/]: Registering to minecraft:block - quark:blossom_chest
[16Feb2025 03:35:28.749] [main/DEBUG] [autoreglib/]: Registering to minecraft:block - quark:azalea_chest
[16Feb2025 03:35:28.749] [main/DEBUG] [autoreglib/]: Registering to minecraft:block - quark:bamboo_trapped_chest
[16Feb2025 03:35:28.749] [main/DEBUG] [autoreglib/]: Registering to minecraft:block - quark:oak_trapped_chest
[16Feb2025 03:35:28.749] [main/DEBUG] [autoreglib/]: Registering to minecraft:block - quark:spruce_trapped_chest
[16Feb2025 03:35:28.749] [main/DEBUG] [autoreglib/]: Registering to minecraft:block - quark:birch_trapped_chest
[16Feb2025 03:35:28.749] [main/DEBUG] [autoreglib/]: Registering to minecraft:block - quark:jungle_trapped_chest
[16Feb2025 03:35:28.749] [main/DEBUG] [autoreglib/]: Registering to minecraft:block - quark:acacia_trapped_chest
[16Feb2025 03:35:28.749] [main/DEBUG] [autoreglib/]: Registering to minecraft:block - quark:dark_oak_trapped_chest
[16Feb2025 03:35:28.749] [main/DEBUG] [autoreglib/]: Registering to minecraft:block - quark:crimson_trapped_chest
[16Feb2025 03:35:28.749] [main/DEBUG] [autoreglib/]: Registering to minecraft:block - quark:warped_trapped_chest
[16Feb2025 03:35:28.749] [main/DEBUG] [autoreglib/]: Registering to minecraft:block - quark:mangrove_trapped_chest
[16Feb2025 03:35:28.749] [main/DEBUG] [autoreglib/]: Registering to minecraft:block - quark:nether_brick_trapped_chest
[16Feb2025 03:35:28.749] [main/DEBUG] [autoreglib/]: Registering to minecraft:block - quark:purpur_trapped_chest
[16Feb2025 03:35:28.749] [main/DEBUG] [autoreglib/]: Registering to minecraft:block - quark:prismarine_trapped_chest
[16Feb2025 03:35:28.749] [main/DEBUG] [autoreglib/]: Registering to minecraft:block - quark:ancient_trapped_chest
[16Feb2025 03:35:28.749] [main/DEBUG] [autoreglib/]: Registering to minecraft:block - quark:blossom_trapped_chest
[16Feb2025 03:35:28.749] [main/DEBUG] [autoreglib/]: Registering to minecraft:block - quark:azalea_trapped_chest
[16Feb2025 03:35:28.750] [main/DEBUG] [autoreglib/]: Registering to minecraft:block - quark:red_blossom_leaf_carpet
[16Feb2025 03:35:28.750] [main/DEBUG] [autoreglib/]: Registering to minecraft:block - quark:pink_blossom_leaf_carpet
[16Feb2025 03:35:28.750] [main/DEBUG] [autoreglib/]: Registering to minecraft:block - quark:blue_blossom_leaf_carpet
[16Feb2025 03:35:28.750] [main/DEBUG] [autoreglib/]: Registering to minecraft:block - quark:orange_blossom_leaf_carpet
[16Feb2025 03:35:28.750] [main/DEBUG] [autoreglib/]: Registering to minecraft:block - quark:yellow_blossom_leaf_carpet
[16Feb2025 03:35:28.750] [main/DEBUG] [autoreglib/]: Registering to minecraft:block - quark:lavender_blossom_leaf_carpet
[16Feb2025 03:35:28.750] [main/DEBUG] [autoreglib/]: Registering to minecraft:block - quark:ancient_leaf_carpet
[16Feb2025 03:35:28.750] [main/DEBUG] [autoreglib/]: Registering to minecraft:block - quark:red_blossom_hedge
[16Feb2025 03:35:28.750] [main/DEBUG] [autoreglib/]: Registering to minecraft:block - quark:pink_blossom_hedge
[16Feb2025 03:35:28.750] [main/DEBUG] [autoreglib/]: Registering to minecraft:block - quark:blue_blossom_hedge
[16Feb2025 03:35:28.750] [main/DEBUG] [autoreglib/]: Registering to minecraft:block - quark:orange_blossom_hedge
[16Feb2025 03:35:28.750] [main/DEBUG] [autoreglib/]: Registering to minecraft:block - quark:yellow_blossom_hedge
[16Feb2025 03:35:28.750] [main/DEBUG] [autoreglib/]: Registering to minecraft:block - quark:lavender_blossom_hedge
[16Feb2025 03:35:28.750] [main/DEBUG] [autoreglib/]: Registering to minecraft:block - quark:ancient_hedge
[16Feb2025 03:35:28.750] [main/DEBUG] [autoreglib/]: Registering to minecraft:block - quark:acacia_vertical_slab
[16Feb2025 03:35:28.750] [main/DEBUG] [autoreglib/]: Registering to minecraft:block - quark:andesite_vertical_slab
[16Feb2025 03:35:28.750] [main/DEBUG] [autoreglib/]: Registering to minecraft:block - quark:birch_vertical_slab
[16Feb2025 03:35:28.750] [main/DEBUG] [autoreglib/]: Registering to minecraft:block - quark:brick_vertical_slab
[16Feb2025 03:35:28.750] [main/DEBUG] [autoreglib/]: Registering to minecraft:block - quark:cobblestone_vertical_slab
[16Feb2025 03:35:28.751] [main/DEBUG] [autoreglib/]: Registering to minecraft:block - quark:cut_red_sandstone_vertical_slab
[16Feb2025 03:35:28.751] [main/DEBUG] [autoreglib/]: Registering to minecraft:block - quark:cut_sandstone_vertical_slab
[16Feb2025 03:35:28.751] [main/DEBUG] [autoreglib/]: Registering to minecraft:block - quark:dark_oak_vertical_slab
[16Feb2025 03:35:28.751] [main/DEBUG] [autoreglib/]: Registering to minecraft:block - quark:dark_prismarine_vertical_slab
[16Feb2025 03:35:28.751] [main/DEBUG] [autoreglib/]: Registering to minecraft:block - quark:diorite_vertical_slab
[16Feb2025 03:35:28.751] [main/DEBUG] [autoreglib/]: Registering to minecraft:block - quark:end_stone_brick_vertical_slab
[16Feb2025 03:35:28.751] [main/DEBUG] [autoreglib/]: Registering to minecraft:block - quark:granite_vertical_slab
[16Feb2025 03:35:28.751] [main/DEBUG] [autoreglib/]: Registering to minecraft:block - quark:jungle_vertical_slab
[16Feb2025 03:35:28.751] [main/DEBUG] [autoreglib/]: Registering to minecraft:block - quark:mossy_cobblestone_vertical_slab
[16Feb2025 03:35:28.751] [main/DEBUG] [autoreglib/]: Registering to minecraft:block - quark:mossy_stone_brick_vertical_slab
[16Feb2025 03:35:28.751] [main/DEBUG] [autoreglib/]: Registering to minecraft:block - quark:nether_brick_vertical_slab
[16Feb2025 03:35:28.751] [main/DEBUG] [autoreglib/]: Registering to minecraft:block - quark:oak_vertical_slab
[16Feb2025 03:35:28.751] [main/DEBUG] [autoreglib/]: Registering to minecraft:block - quark:polished_andesite_vertical_slab
[16Feb2025 03:35:28.751] [main/DEBUG] [autoreglib/]: Registering to minecraft:block - quark:polished_diorite_vertical_slab
[16Feb2025 03:35:28.751] [main/DEBUG] [autoreglib/]: Registering to minecraft:block - quark:polished_granite_vertical_slab
[16Feb2025 03:35:28.751] [main/DEBUG] [autoreglib/]: Registering to minecraft:block - quark:prismarine_vertical_slab
[16Feb2025 03:35:28.751] [main/DEBUG] [autoreglib/]: Registering to minecraft:block - quark:prismarine_brick_vertical_slab
[16Feb2025 03:35:28.751] [main/DEBUG] [autoreglib/]: Registering to minecraft:block - quark:purpur_vertical_slab
[16Feb2025 03:35:28.752] [main/DEBUG] [autoreglib/]: Registering to minecraft:block - quark:quartz_vertical_slab
[16Feb2025 03:35:28.752] [main/DEBUG] [autoreglib/]: Registering to minecraft:block - quark:red_nether_brick_vertical_slab
[16Feb2025 03:35:28.752] [main/DEBUG] [autoreglib/]: Registering to minecraft:block - quark:red_sandstone_vertical_slab
[16Feb2025 03:35:28.752] [main/DEBUG] [autoreglib/]: Registering to minecraft:block - quark:sandstone_vertical_slab
[16Feb2025 03:35:28.752] [main/DEBUG] [autoreglib/]: Registering to minecraft:block - quark:smooth_quartz_vertical_slab
[16Feb2025 03:35:28.752] [main/DEBUG] [autoreglib/]: Registering to minecraft:block - quark:smooth_red_sandstone_vertical_slab
[16Feb2025 03:35:28.752] [main/DEBUG] [autoreglib/]: Registering to minecraft:block - quark:smooth_sandstone_vertical_slab
[16Feb2025 03:35:28.752] [main/DEBUG] [autoreglib/]: Registering to minecraft:block - quark:smooth_stone_vertical_slab
[16Feb2025 03:35:28.752] [main/DEBUG] [autoreglib/]: Registering to minecraft:block - quark:spruce_vertical_slab
[16Feb2025 03:35:28.752] [main/DEBUG] [autoreglib/]: Registering to minecraft:block - quark:stone_vertical_slab
[16Feb2025 03:35:28.752] [main/DEBUG] [autoreglib/]: Registering to minecraft:block - quark:stone_brick_vertical_slab
[16Feb2025 03:35:28.752] [main/DEBUG] [autoreglib/]: Registering to minecraft:block - quark:blackstone_vertical_slab
[16Feb2025 03:35:28.752] [main/DEBUG] [autoreglib/]: Registering to minecraft:block - quark:polished_blackstone_vertical_slab
[16Feb2025 03:35:28.752] [main/DEBUG] [autoreglib/]: Registering to minecraft:block - quark:polished_blackstone_brick_vertical_slab
[16Feb2025 03:35:28.752] [main/DEBUG] [autoreglib/]: Registering to minecraft:block - quark:crimson_vertical_slab
[16Feb2025 03:35:28.752] [main/DEBUG] [autoreglib/]: Registering to minecraft:block - quark:warped_vertical_slab
[16Feb2025 03:35:28.752] [main/DEBUG] [autoreglib/]: Registering to minecraft:block - quark:cobbled_deepslate_vertical_slab
[16Feb2025 03:35:28.752] [main/DEBUG] [autoreglib/]: Registering to minecraft:block - quark:polished_deepslate_vertical_slab
[16Feb2025 03:35:28.752] [main/DEBUG] [autoreglib/]: Registering to minecraft:block - quark:deepslate_brick_vertical_slab
[16Feb2025 03:35:28.753] [main/DEBUG] [autoreglib/]: Registering to minecraft:block - quark:deepslate_tile_vertical_slab
[16Feb2025 03:35:28.753] [main/DEBUG] [autoreglib/]: Registering to minecraft:block - quark:mangrove_vertical_slab
[16Feb2025 03:35:28.753] [main/DEBUG] [autoreglib/]: Registering to minecraft:block - quark:mud_brick_vertical_slab
[16Feb2025 03:35:28.753] [main/DEBUG] [autoreglib/]: Registering to minecraft:block - quark:cut_copper_vertical_slab
[16Feb2025 03:35:28.753] [main/DEBUG] [autoreglib/]: Registering to minecraft:block - quark:waxed_cut_copper_vertical_slab
[16Feb2025 03:35:28.753] [main/DEBUG] [autoreglib/]: Registering to minecraft:block - quark:exposed_cut_copper_vertical_slab
[16Feb2025 03:35:28.753] [main/DEBUG] [autoreglib/]: Registering to minecraft:block - quark:waxed_exposed_cut_copper_vertical_slab
[16Feb2025 03:35:28.753] [main/DEBUG] [autoreglib/]: Registering to minecraft:block - quark:weathered_cut_copper_vertical_slab
[16Feb2025 03:35:28.753] [main/DEBUG] [autoreglib/]: Registering to minecraft:block - quark:waxed_weathered_cut_copper_vertical_slab
[16Feb2025 03:35:28.753] [main/DEBUG] [autoreglib/]: Registering to minecraft:block - quark:oxidized_cut_copper_vertical_slab
[16Feb2025 03:35:28.753] [main/DEBUG] [autoreglib/]: Registering to minecraft:block - quark:waxed_oxidized_cut_copper_vertical_slab
[16Feb2025 03:35:28.753] [main/DEBUG] [autoreglib/]: Registering to minecraft:block - quark:bamboo_planks_vertical_slab
[16Feb2025 03:35:28.753] [main/DEBUG] [autoreglib/]: Registering to minecraft:block - quark:duskbound_block_vertical_slab
[16Feb2025 03:35:28.753] [main/DEBUG] [autoreglib/]: Registering to minecraft:block - quark:thatch_vertical_slab
[16Feb2025 03:35:28.753] [main/DEBUG] [autoreglib/]: Registering to minecraft:block - quark:calcite_vertical_slab
[16Feb2025 03:35:28.753] [main/DEBUG] [autoreglib/]: Registering to minecraft:block - quark:polished_calcite_vertical_slab
[16Feb2025 03:35:28.753] [main/DEBUG] [autoreglib/]: Registering to minecraft:block - quark:dripstone_block_vertical_slab
[16Feb2025 03:35:28.753] [main/DEBUG] [autoreglib/]: Registering to minecraft:block - quark:polished_dripstone_vertical_slab
[16Feb2025 03:35:28.754] [main/DEBUG] [autoreglib/]: Registering to minecraft:block - quark:tuff_vertical_slab
[16Feb2025 03:35:28.754] [main/DEBUG] [autoreglib/]: Registering to minecraft:block - quark:polished_tuff_vertical_slab
[16Feb2025 03:35:28.754] [main/DEBUG] [autoreglib/]: Registering to minecraft:block - quark:granite_bricks_vertical_slab
[16Feb2025 03:35:28.754] [main/DEBUG] [autoreglib/]: Registering to minecraft:block - quark:diorite_bricks_vertical_slab
[16Feb2025 03:35:28.754] [main/DEBUG] [autoreglib/]: Registering to minecraft:block - quark:andesite_bricks_vertical_slab
[16Feb2025 03:35:28.754] [main/DEBUG] [autoreglib/]: Registering to minecraft:block - quark:calcite_bricks_vertical_slab
[16Feb2025 03:35:28.754] [main/DEBUG] [autoreglib/]: Registering to minecraft:block - quark:dripstone_bricks_vertical_slab
[16Feb2025 03:35:28.754] [main/DEBUG] [autoreglib/]: Registering to minecraft:block - quark:tuff_bricks_vertical_slab
[16Feb2025 03:35:28.754] [main/DEBUG] [autoreglib/]: Registering to minecraft:block - quark:limestone_bricks_vertical_slab
[16Feb2025 03:35:28.754] [main/DEBUG] [autoreglib/]: Registering to minecraft:block - quark:jasper_bricks_vertical_slab
[16Feb2025 03:35:28.754] [main/DEBUG] [autoreglib/]: Registering to minecraft:block - quark:shale_bricks_vertical_slab
[16Feb2025 03:35:28.754] [main/DEBUG] [autoreglib/]: Registering to minecraft:block - quark:myalite_bricks_vertical_slab
[16Feb2025 03:35:28.754] [main/DEBUG] [autoreglib/]: Registering to minecraft:block - quark:soul_sandstone_vertical_slab
[16Feb2025 03:35:28.754] [main/DEBUG] [autoreglib/]: Registering to minecraft:block - quark:cut_soul_sandstone_vertical_slab
[16Feb2025 03:35:28.754] [main/DEBUG] [autoreglib/]: Registering to minecraft:block - quark:smooth_soul_sandstone_vertical_slab
[16Feb2025 03:35:28.754] [main/DEBUG] [autoreglib/]: Registering to minecraft:block - quark:midori_block_vertical_slab
[16Feb2025 03:35:28.754] [main/DEBUG] [autoreglib/]: Registering to minecraft:block - quark:shingles_vertical_slab
[16Feb2025 03:35:28.754] [main/DEBUG] [autoreglib/]: Registering to minecraft:block - quark:white_shingles_vertical_slab
[16Feb2025 03:35:28.754] [main/DEBUG] [autoreglib/]: Registering to minecraft:block - quark:orange_shingles_vertical_slab
[16Feb2025 03:35:28.755] [main/DEBUG] [autoreglib/]: Registering to minecraft:block - quark:magenta_shingles_vertical_slab
[16Feb2025 03:35:28.755] [main/DEBUG] [autoreglib/]: Registering to minecraft:block - quark:light_blue_shingles_vertical_slab
[16Feb2025 03:35:28.755] [main/DEBUG] [autoreglib/]: Registering to minecraft:block - quark:yellow_shingles_vertical_slab
[16Feb2025 03:35:28.755] [main/DEBUG] [autoreglib/]: Registering to minecraft:block - quark:lime_shingles_vertical_slab
[16Feb2025 03:35:28.755] [main/DEBUG] [autoreglib/]: Registering to minecraft:block - quark:pink_shingles_vertical_slab
[16Feb2025 03:35:28.755] [main/DEBUG] [autoreglib/]: Registering to minecraft:block - quark:gray_shingles_vertical_slab
[16Feb2025 03:35:28.755] [main/DEBUG] [autoreglib/]: Registering to minecraft:block - quark:light_gray_shingles_vertical_slab
[16Feb2025 03:35:28.755] [main/DEBUG] [autoreglib/]: Registering to minecraft:block - quark:cyan_shingles_vertical_slab
[16Feb2025 03:35:28.755] [main/DEBUG] [autoreglib/]: Registering to minecraft:block - quark:purple_shingles_vertical_slab
[16Feb2025 03:35:28.755] [main/DEBUG] [autoreglib/]: Registering to minecraft:block - quark:blue_shingles_vertical_slab
[16Feb2025 03:35:28.755] [main/DEBUG] [autoreglib/]: Registering to minecraft:block - quark:brown_shingles_vertical_slab
[16Feb2025 03:35:28.755] [main/DEBUG] [autoreglib/]: Registering to minecraft:block - quark:green_shingles_vertical_slab
[16Feb2025 03:35:28.755] [main/DEBUG] [autoreglib/]: Registering to minecraft:block - quark:red_shingles_vertical_slab
[16Feb2025 03:35:28.755] [main/DEBUG] [autoreglib/]: Registering to minecraft:block - quark:black_shingles_vertical_slab
[16Feb2025 03:35:28.755] [main/DEBUG] [autoreglib/]: Registering to minecraft:block - quark:raw_iron_bricks_vertical_slab
[16Feb2025 03:35:28.755] [main/DEBUG] [autoreglib/]: Registering to minecraft:block - quark:raw_gold_bricks_vertical_slab
[16Feb2025 03:35:28.755] [main/DEBUG] [autoreglib/]: Registering to minecraft:block - quark:raw_copper_bricks_vertical_slab
[16Feb2025 03:35:28.755] [main/DEBUG] [autoreglib/]: Registering to minecraft:block - quark:blue_nether_bricks_vertical_slab
[16Feb2025 03:35:28.756] [main/DEBUG] [autoreglib/]: Registering to minecraft:block - quark:sandstone_bricks_vertical_slab
[16Feb2025 03:35:28.756] [main/DEBUG] [autoreglib/]: Registering to minecraft:block - quark:red_sandstone_bricks_vertical_slab
[16Feb2025 03:35:28.756] [main/DEBUG] [autoreglib/]: Registering to minecraft:block - quark:soul_sandstone_bricks_vertical_slab
[16Feb2025 03:35:28.756] [main/DEBUG] [autoreglib/]: Registering to minecraft:block - quark:cobblestone_bricks_vertical_slab
[16Feb2025 03:35:28.756] [main/DEBUG] [autoreglib/]: Registering to minecraft:block - quark:mossy_cobblestone_bricks_vertical_slab
[16Feb2025 03:35:28.756] [main/DEBUG] [autoreglib/]: Registering to minecraft:block - quark:blackstone_bricks_vertical_slab
[16Feb2025 03:35:28.756] [main/DEBUG] [autoreglib/]: Registering to minecraft:block - quark:dirt_bricks_vertical_slab
[16Feb2025 03:35:28.756] [main/DEBUG] [autoreglib/]: Registering to minecraft:block - quark:netherrack_bricks_vertical_slab
[16Feb2025 03:35:28.756] [main/DEBUG] [autoreglib/]: Registering to minecraft:block - quark:iron_plate_vertical_slab
[16Feb2025 03:35:28.756] [main/DEBUG] [autoreglib/]: Registering to minecraft:block - quark:rusty_iron_plate_vertical_slab
[16Feb2025 03:35:28.756] [main/DEBUG] [autoreglib/]: Registering to minecraft:block - quark:permafrost_vertical_slab
[16Feb2025 03:35:28.756] [main/DEBUG] [autoreglib/]: Registering to minecraft:block - quark:permafrost_bricks_vertical_slab
[16Feb2025 03:35:28.756] [main/DEBUG] [autoreglib/]: Registering to minecraft:block - quark:ancient_planks_vertical_slab
[16Feb2025 03:35:28.756] [main/DEBUG] [autoreglib/]: Registering to minecraft:block - quark:limestone_vertical_slab
[16Feb2025 03:35:28.756] [main/DEBUG] [autoreglib/]: Registering to minecraft:block - quark:polished_limestone_vertical_slab
[16Feb2025 03:35:28.756] [main/DEBUG] [autoreglib/]: Registering to minecraft:block - quark:jasper_vertical_slab
[16Feb2025 03:35:28.756] [main/DEBUG] [autoreglib/]: Registering to minecraft:block - quark:polished_jasper_vertical_slab
[16Feb2025 03:35:28.756] [main/DEBUG] [autoreglib/]: Registering to minecraft:block - quark:shale_vertical_slab
[16Feb2025 03:35:28.756] [main/DEBUG] [autoreglib/]: Registering to minecraft:block - quark:polished_shale_vertical_slab
[16Feb2025 03:35:28.757] [main/DEBUG] [autoreglib/]: Registering to minecraft:block - quark:myalite_vertical_slab
[16Feb2025 03:35:28.757] [main/DEBUG] [autoreglib/]: Registering to minecraft:block - quark:polished_myalite_vertical_slab
[16Feb2025 03:35:28.757] [main/DEBUG] [autoreglib/]: Registering to minecraft:block - quark:blossom_planks_vertical_slab
[16Feb2025 03:35:28.757] [main/DEBUG] [autoreglib/]: Registering to minecraft:block - quark:azalea_planks_vertical_slab
[16Feb2025 03:35:28.813] [main/DEBUG] [autoreglib/]: Registering to minecraft:mob_effect - quark:resilience
[16Feb2025 03:35:28.838] [main/DEBUG] [autoreglib/]: Registering to minecraft:worldgen/feature - quark:glow_shrooms
[16Feb2025 03:35:28.838] [main/DEBUG] [autoreglib/]: Registering to minecraft:worldgen/feature - quark:glow_extras
[16Feb2025 03:35:28.838] [main/DEBUG] [autoreglib/]: Registering to minecraft:worldgen/feature - quark:deferred_feature_raw_generation
[16Feb2025 03:35:28.838] [main/DEBUG] [autoreglib/]: Registering to minecraft:worldgen/feature - quark:deferred_feature_lakes
[16Feb2025 03:35:28.838] [main/DEBUG] [autoreglib/]: Registering to minecraft:worldgen/feature - quark:deferred_feature_local_modifications
[16Feb2025 03:35:28.838] [main/DEBUG] [autoreglib/]: Registering to minecraft:worldgen/feature - quark:deferred_feature_underground_structures
[16Feb2025 03:35:28.838] [main/DEBUG] [autoreglib/]: Registering to minecraft:worldgen/feature - quark:deferred_feature_surface_structures
[16Feb2025 03:35:28.839] [main/DEBUG] [autoreglib/]: Registering to minecraft:worldgen/feature - quark:deferred_feature_strongholds
[16Feb2025 03:35:28.839] [main/DEBUG] [autoreglib/]: Registering to minecraft:worldgen/feature - quark:deferred_feature_underground_ores
[16Feb2025 03:35:28.839] [main/DEBUG] [autoreglib/]: Registering to minecraft:worldgen/feature - quark:deferred_feature_underground_decoration
[16Feb2025 03:35:28.839] [main/DEBUG] [autoreglib/]: Registering to minecraft:worldgen/feature - quark:deferred_feature_fluid_springs
[16Feb2025 03:35:28.839] [main/DEBUG] [autoreglib/]: Registering to minecraft:worldgen/feature - quark:deferred_feature_vegetal_decoration
[16Feb2025 03:35:28.839] [main/DEBUG] [autoreglib/]: Registering to minecraft:worldgen/feature - quark:deferred_feature_top_layer_modification
[16Feb2025 03:35:29.159] [main/DEBUG] [autoreglib/]: Registering to minecraft:entity_type - quark:stool
[16Feb2025 03:35:29.159] [main/DEBUG] [autoreglib/]: Registering to minecraft:entity_type - quark:glass_frame
[16Feb2025 03:35:29.159] [main/DEBUG] [autoreglib/]: Registering to minecraft:entity_type - quark:gravisand
[16Feb2025 03:35:29.160] [main/DEBUG] [autoreglib/]: Registering to minecraft:entity_type - quark:dyed_item_frame
[16Feb2025 03:35:29.160] [main/DEBUG] [autoreglib/]: Registering to minecraft:entity_type - quark:foxhound
[16Feb2025 03:35:29.160] [main/DEBUG] [autoreglib/]: Registering to minecraft:entity_type - quark:wraith
[16Feb2025 03:35:29.160] [main/DEBUG] [autoreglib/]: Registering to minecraft:entity_type - quark:soul_bead
[16Feb2025 03:35:29.160] [main/DEBUG] [autoreglib/]: Registering to minecraft:entity_type - quark:crab
[16Feb2025 03:35:29.160] [main/DEBUG] [autoreglib/]: Registering to minecraft:entity_type - quark:forgotten
[16Feb2025 03:35:29.160] [main/DEBUG] [autoreglib/]: Registering to minecraft:entity_type - quark:shiba
[16Feb2025 03:35:29.160] [main/DEBUG] [autoreglib/]: Registering to minecraft:entity_type - quark:stoneling
[16Feb2025 03:35:29.160] [main/DEBUG] [autoreglib/]: Registering to minecraft:entity_type - quark:toretoise
[16Feb2025 03:35:29.160] [main/DEBUG] [autoreglib/]: Registering to minecraft:entity_type - quark:pickarang
[16Feb2025 03:35:29.160] [main/DEBUG] [autoreglib/]: Registering to minecraft:entity_type - quark:flamerang
[16Feb2025 03:35:29.160] [main/DEBUG] [autoreglib/]: Registering to minecraft:entity_type - quark:echorang
[16Feb2025 03:35:29.160] [main/DEBUG] [autoreglib/]: Registering to minecraft:entity_type - quark:parrot_egg
[16Feb2025 03:35:29.160] [main/DEBUG] [autoreglib/]: Registering to minecraft:entity_type - quark:torch_arrow
[16Feb2025 03:35:29.160] [main/DEBUG] [autoreglib/]: Registering to minecraft:entity_type - quark:skull_pike
[16Feb2025 03:35:29.160] [main/DEBUG] [autoreglib/]: Registering to minecraft:entity_type - quark:totem
[16Feb2025 03:35:29.160] [main/DEBUG] [autoreglib/]: Registering to minecraft:entity_type - quark:quark_boat
[16Feb2025 03:35:29.160] [main/DEBUG] [autoreglib/]: Registering to minecraft:entity_type - quark:quark_chest_boat
[16Feb2025 03:35:29.185] [main/DEBUG] [autoreglib/]: Registering to minecraft:worldgen/biome - quark:glimmering_weald
[16Feb2025 03:35:29.322] [main/DEBUG] [io.netty.util.internal.InternalThreadLocalMap/]: -Dio.netty.threadLocalMap.stringBuilder.initialSize: 1024
[16Feb2025 03:35:29.322] [main/DEBUG] [io.netty.util.internal.InternalThreadLocalMap/]: -Dio.netty.threadLocalMap.stringBuilder.maxSize: 4096
[16Feb2025 03:35:29.322] [main/DEBUG] [io.netty.util.internal.ThreadLocalRandom/]: -Dio.netty.initialSeedUniquifier: 0x9b0997f68cea98ed
[16Feb2025 03:35:29.343] [main/DEBUG] [autoreglib/]: Registering to minecraft:item - quark:hammer
[16Feb2025 03:35:29.343] [main/DEBUG] [autoreglib/]: Registering to minecraft:item - quark:spruce_ladder
[16Feb2025 03:35:29.343] [main/DEBUG] [autoreglib/]: Registering to minecraft:item - quark:birch_ladder
[16Feb2025 03:35:29.343] [main/DEBUG] [autoreglib/]: Registering to minecraft:item - quark:jungle_ladder
[16Feb2025 03:35:29.343] [main/DEBUG] [autoreglib/]: Registering to minecraft:item - quark:acacia_ladder
[16Feb2025 03:35:29.344] [main/DEBUG] [autoreglib/]: Registering to minecraft:item - quark:dark_oak_ladder
[16Feb2025 03:35:29.344] [main/DEBUG] [autoreglib/]: Registering to minecraft:item - quark:crimson_ladder
[16Feb2025 03:35:29.344] [main/DEBUG] [autoreglib/]: Registering to minecraft:item - quark:warped_ladder
[16Feb2025 03:35:29.344] [main/DEBUG] [autoreglib/]: Registering to minecraft:item - quark:mangrove_ladder
[16Feb2025 03:35:29.344] [main/DEBUG] [autoreglib/]: Registering to minecraft:item - quark:spruce_bookshelf
[16Feb2025 03:35:29.344] [main/DEBUG] [autoreglib/]: Registering to minecraft:item - quark:birch_bookshelf
[16Feb2025 03:35:29.344] [main/DEBUG] [autoreglib/]: Registering to minecraft:item - quark:jungle_bookshelf
[16Feb2025 03:35:29.344] [main/DEBUG] [autoreglib/]: Registering to minecraft:item - quark:acacia_bookshelf
[16Feb2025 03:35:29.344] [main/DEBUG] [autoreglib/]: Registering to minecraft:item - quark:dark_oak_bookshelf
[16Feb2025 03:35:29.344] [main/DEBUG] [autoreglib/]: Registering to minecraft:item - quark:crimson_bookshelf
[16Feb2025 03:35:29.344] [main/DEBUG] [autoreglib/]: Registering to minecraft:item - quark:warped_bookshelf
[16Feb2025 03:35:29.344] [main/DEBUG] [autoreglib/]: Registering to minecraft:item - quark:mangrove_bookshelf
[16Feb2025 03:35:29.344] [main/DEBUG] [autoreglib/]: Registering to minecraft:item - quark:bamboo_planks
[16Feb2025 03:35:29.344] [main/DEBUG] [autoreglib/]: Registering to minecraft:item - quark:bamboo_planks_slab
[16Feb2025 03:35:29.344] [main/DEBUG] [autoreglib/]: Registering to minecraft:item - quark:bamboo_planks_stairs
[16Feb2025 03:35:29.344] [main/DEBUG] [autoreglib/]: Registering to minecraft:item - quark:bamboo_fence
[16Feb2025 03:35:29.344] [main/DEBUG] [autoreglib/]: Registering to minecraft:item - quark:bamboo_fence_gate
[16Feb2025 03:35:29.345] [main/DEBUG] [autoreglib/]: Registering to minecraft:item - quark:bamboo_door
[16Feb2025 03:35:29.345] [main/DEBUG] [autoreglib/]: Registering to minecraft:item - quark:bamboo_trapdoor
[16Feb2025 03:35:29.345] [main/DEBUG] [autoreglib/]: Registering to minecraft:item - quark:bamboo_button
[16Feb2025 03:35:29.345] [main/DEBUG] [autoreglib/]: Registering to minecraft:item - quark:bamboo_pressure_plate
[16Feb2025 03:35:29.345] [main/DEBUG] [autoreglib/]: Registering to minecraft:item - quark:bamboo_bookshelf
[16Feb2025 03:35:29.345] [main/DEBUG] [autoreglib/]: Registering to minecraft:item - quark:bamboo_ladder
[16Feb2025 03:35:29.345] [main/DEBUG] [autoreglib/]: Registering to minecraft:item - quark:bamboo_post
[16Feb2025 03:35:29.345] [main/DEBUG] [autoreglib/]: Registering to minecraft:item - quark:stripped_bamboo_post
[16Feb2025 03:35:29.345] [main/DEBUG] [autoreglib/]: Registering to minecraft:item - quark:vertical_bamboo_planks
[16Feb2025 03:35:29.345] [main/DEBUG] [autoreglib/]: Registering to minecraft:item - quark:bamboo_sign
[16Feb2025 03:35:29.345] [main/DEBUG] [autoreglib/]: Registering to minecraft:item - quark:bamboo_mosaic
[16Feb2025 03:35:29.345] [main/DEBUG] [autoreglib/]: Registering to minecraft:item - quark:charcoal_block
[16Feb2025 03:35:29.345] [main/DEBUG] [autoreglib/]: Registering to minecraft:item - quark:sugar_cane_block
[16Feb2025 03:35:29.345] [main/DEBUG] [autoreglib/]: Registering to minecraft:item - quark:bamboo_block
[16Feb2025 03:35:29.345] [main/DEBUG] [autoreglib/]: Registering to minecraft:item - quark:stripped_bamboo_block
[16Feb2025 03:35:29.346] [main/DEBUG] [autoreglib/]: Registering to minecraft:item - quark:cactus_block
[16Feb2025 03:35:29.346] [main/DEBUG] [autoreglib/]: Registering to minecraft:item - quark:chorus_fruit_block
[16Feb2025 03:35:29.346] [main/DEBUG] [autoreglib/]: Registering to minecraft:item - quark:stick_block
[16Feb2025 03:35:29.346] [main/DEBUG] [autoreglib/]: Registering to minecraft:item - quark:golden_apple_crate
[16Feb2025 03:35:29.346] [main/DEBUG] [autoreglib/]: Registering to minecraft:item - quark:apple_crate
[16Feb2025 03:35:29.346] [main/DEBUG] [autoreglib/]: Registering to minecraft:item - quark:potato_crate
[16Feb2025 03:35:29.346] [main/DEBUG] [autoreglib/]: Registering to minecraft:item - quark:carrot_crate
[16Feb2025 03:35:29.346] [main/DEBUG] [autoreglib/]: Registering to minecraft:item - quark:golden_carrot_crate
[16Feb2025 03:35:29.346] [main/DEBUG] [autoreglib/]: Registering to minecraft:item - quark:beetroot_crate
[16Feb2025 03:35:29.346] [main/DEBUG] [autoreglib/]: Registering to minecraft:item - quark:cocoa_beans_sack
[16Feb2025 03:35:29.346] [main/DEBUG] [autoreglib/]: Registering to minecraft:item - quark:nether_wart_sack
[16Feb2025 03:35:29.346] [main/DEBUG] [autoreglib/]: Registering to minecraft:item - quark:gunpowder_sack
[16Feb2025 03:35:29.346] [main/DEBUG] [autoreglib/]: Registering to minecraft:item - quark:berry_sack
[16Feb2025 03:35:29.346] [main/DEBUG] [autoreglib/]: Registering to minecraft:item - quark:glowberry_sack
[16Feb2025 03:35:29.346] [main/DEBUG] [autoreglib/]: Registering to minecraft:item - quark:blaze_lantern
[16Feb2025 03:35:29.346] [main/DEBUG] [autoreglib/]: Registering to minecraft:item - quark:bonded_leather
[16Feb2025 03:35:29.346] [main/DEBUG] [autoreglib/]: Registering to minecraft:item - quark:bonded_rabbit_hide
[16Feb2025 03:35:29.346] [main/DEBUG] [autoreglib/]: Registering to minecraft:item - quark:duskbound_block
[16Feb2025 03:35:29.346] [main/DEBUG] [autoreglib/]: Registering to minecraft:item - quark:duskbound_block_slab
[16Feb2025 03:35:29.347] [main/DEBUG] [autoreglib/]: Registering to minecraft:item - quark:duskbound_block_stairs
[16Feb2025 03:35:29.347] [main/DEBUG] [autoreglib/]: Registering to minecraft:item - quark:duskbound_lantern
[16Feb2025 03:35:29.347] [main/DEBUG] [autoreglib/]: Registering to minecraft:item - quark:oak_post
[16Feb2025 03:35:29.347] [main/DEBUG] [autoreglib/]: Registering to minecraft:item - quark:stripped_oak_post
[16Feb2025 03:35:29.347] [main/DEBUG] [autoreglib/]: Registering to minecraft:item - quark:spruce_post
[16Feb2025 03:35:29.347] [main/DEBUG] [autoreglib/]: Registering to minecraft:item - quark:stripped_spruce_post
[16Feb2025 03:35:29.347] [main/DEBUG] [autoreglib/]: Registering to minecraft:item - quark:birch_post
[16Feb2025 03:35:29.347] [main/DEBUG] [autoreglib/]: Registering to minecraft:item - quark:stripped_birch_post
[16Feb2025 03:35:29.347] [main/DEBUG] [autoreglib/]: Registering to minecraft:item - quark:jungle_post
[16Feb2025 03:35:29.347] [main/DEBUG] [autoreglib/]: Registering to minecraft:item - quark:stripped_jungle_post
[16Feb2025 03:35:29.347] [main/DEBUG] [autoreglib/]: Registering to minecraft:item - quark:acacia_post
[16Feb2025 03:35:29.347] [main/DEBUG] [autoreglib/]: Registering to minecraft:item - quark:stripped_acacia_post
[16Feb2025 03:35:29.347] [main/DEBUG] [autoreglib/]: Registering to minecraft:item - quark:dark_oak_post
[16Feb2025 03:35:29.347] [main/DEBUG] [autoreglib/]: Registering to minecraft:item - quark:stripped_dark_oak_post
[16Feb2025 03:35:29.347] [main/DEBUG] [autoreglib/]: Registering to minecraft:item - quark:crimson_post
[16Feb2025 03:35:29.347] [main/DEBUG] [autoreglib/]: Registering to minecraft:item - quark:stripped_crimson_post
[16Feb2025 03:35:29.347] [main/DEBUG] [autoreglib/]: Registering to minecraft:item - quark:warped_post
[16Feb2025 03:35:29.347] [main/DEBUG] [autoreglib/]: Registering to minecraft:item - quark:stripped_warped_post
[16Feb2025 03:35:29.347] [main/DEBUG] [autoreglib/]: Registering to minecraft:item - quark:mangrove_post
[16Feb2025 03:35:29.348] [main/DEBUG] [autoreglib/]: Registering to minecraft:item - quark:stripped_mangrove_post
[16Feb2025 03:35:29.348] [main/DEBUG] [autoreglib/]: Registering to minecraft:item - quark:thatch
[16Feb2025 03:35:29.348] [main/DEBUG] [autoreglib/]: Registering to minecraft:item - quark:thatch_slab
[16Feb2025 03:35:29.348] [main/DEBUG] [autoreglib/]: Registering to minecraft:item - quark:thatch_stairs
[16Feb2025 03:35:29.348] [main/DEBUG] [autoreglib/]: Registering to minecraft:item - quark:polished_calcite
[16Feb2025 03:35:29.348] [main/DEBUG] [autoreglib/]: Registering to minecraft:item - quark:calcite_slab
[16Feb2025 03:35:29.348] [main/DEBUG] [autoreglib/]: Registering to minecraft:item - quark:calcite_stairs
[16Feb2025 03:35:29.348] [main/DEBUG] [autoreglib/]: Registering to minecraft:item - quark:calcite_wall
[16Feb2025 03:35:29.348] [main/DEBUG] [autoreglib/]: Registering to minecraft:item - quark:polished_calcite_slab
[16Feb2025 03:35:29.348] [main/DEBUG] [autoreglib/]: Registering to minecraft:item - quark:polished_calcite_stairs
[16Feb2025 03:35:29.348] [main/DEBUG] [autoreglib/]: Registering to minecraft:item - quark:polished_dripstone
[16Feb2025 03:35:29.348] [main/DEBUG] [autoreglib/]: Registering to minecraft:item - quark:dripstone_block_slab
[16Feb2025 03:35:29.348] [main/DEBUG] [autoreglib/]: Registering to minecraft:item - quark:dripstone_block_stairs
[16Feb2025 03:35:29.348] [main/DEBUG] [autoreglib/]: Registering to minecraft:item - quark:dripstone_block_wall
[16Feb2025 03:35:29.348] [main/DEBUG] [autoreglib/]: Registering to minecraft:item - quark:polished_dripstone_slab
[16Feb2025 03:35:29.348] [main/DEBUG] [autoreglib/]: Registering to minecraft:item - quark:polished_dripstone_stairs
[16Feb2025 03:35:29.348] [main/DEBUG] [autoreglib/]: Registering to minecraft:item - quark:polished_tuff
[16Feb2025 03:35:29.348] [main/DEBUG] [autoreglib/]: Registering to minecraft:item - quark:tuff_slab
[16Feb2025 03:35:29.348] [main/DEBUG] [autoreglib/]: Registering to minecraft:item - quark:tuff_stairs
[16Feb2025 03:35:29.348] [main/DEBUG] [autoreglib/]: Registering to minecraft:item - quark:tuff_wall
[16Feb2025 03:35:29.349] [main/DEBUG] [autoreglib/]: Registering to minecraft:item - quark:polished_tuff_slab
[16Feb2025 03:35:29.349] [main/DEBUG] [autoreglib/]: Registering to minecraft:item - quark:polished_tuff_stairs
[16Feb2025 03:35:29.349] [main/DEBUG] [autoreglib/]: Registering to minecraft:item - quark:granite_bricks
[16Feb2025 03:35:29.349] [main/DEBUG] [autoreglib/]: Registering to minecraft:item - quark:granite_bricks_slab
[16Feb2025 03:35:29.349] [main/DEBUG] [autoreglib/]: Registering to minecraft:item - quark:granite_bricks_stairs
[16Feb2025 03:35:29.349] [main/DEBUG] [autoreglib/]: Registering to minecraft:item - quark:granite_bricks_wall
[16Feb2025 03:35:29.349] [main/DEBUG] [autoreglib/]: Registering to minecraft:item - quark:chiseled_granite_bricks
[16Feb2025 03:35:29.349] [main/DEBUG] [autoreglib/]: Registering to minecraft:item - quark:granite_pillar
[16Feb2025 03:35:29.349] [main/DEBUG] [autoreglib/]: Registering to minecraft:item - quark:diorite_bricks
[16Feb2025 03:35:29.349] [main/DEBUG] [autoreglib/]: Registering to minecraft:item - quark:diorite_bricks_slab
[16Feb2025 03:35:29.349] [main/DEBUG] [autoreglib/]: Registering to minecraft:item - quark:diorite_bricks_stairs
[16Feb2025 03:35:29.349] [main/DEBUG] [autoreglib/]: Registering to minecraft:item - quark:diorite_bricks_wall
[16Feb2025 03:35:29.349] [main/DEBUG] [autoreglib/]: Registering to minecraft:item - quark:chiseled_diorite_bricks
[16Feb2025 03:35:29.349] [main/DEBUG] [autoreglib/]: Registering to minecraft:item - quark:diorite_pillar
[16Feb2025 03:35:29.349] [main/DEBUG] [autoreglib/]: Registering to minecraft:item - quark:andesite_bricks
[16Feb2025 03:35:29.349] [main/DEBUG] [autoreglib/]: Registering to minecraft:item - quark:andesite_bricks_slab
[16Feb2025 03:35:29.349] [main/DEBUG] [autoreglib/]: Registering to minecraft:item - quark:andesite_bricks_stairs
[16Feb2025 03:35:29.349] [main/DEBUG] [autoreglib/]: Registering to minecraft:item - quark:andesite_bricks_wall
[16Feb2025 03:35:29.349] [main/DEBUG] [autoreglib/]: Registering to minecraft:item - quark:chiseled_andesite_bricks
[16Feb2025 03:35:29.350] [main/DEBUG] [autoreglib/]: Registering to minecraft:item - quark:andesite_pillar
[16Feb2025 03:35:29.350] [main/DEBUG] [autoreglib/]: Registering to minecraft:item - quark:calcite_bricks
[16Feb2025 03:35:29.350] [main/DEBUG] [autoreglib/]: Registering to minecraft:item - quark:calcite_bricks_slab
[16Feb2025 03:35:29.350] [main/DEBUG] [autoreglib/]: Registering to minecraft:item - quark:calcite_bricks_stairs
[16Feb2025 03:35:29.350] [main/DEBUG] [autoreglib/]: Registering to minecraft:item - quark:calcite_bricks_wall
[16Feb2025 03:35:29.350] [main/DEBUG] [autoreglib/]: Registering to minecraft:item - quark:chiseled_calcite_bricks
[16Feb2025 03:35:29.350] [main/DEBUG] [autoreglib/]: Registering to minecraft:item - quark:calcite_pillar
[16Feb2025 03:35:29.350] [main/DEBUG] [autoreglib/]: Registering to minecraft:item - quark:dripstone_bricks
[16Feb2025 03:35:29.350] [main/DEBUG] [autoreglib/]: Registering to minecraft:item - quark:dripstone_bricks_slab
[16Feb2025 03:35:29.350] [main/DEBUG] [autoreglib/]: Registering to minecraft:item - quark:dripstone_bricks_stairs
[16Feb2025 03:35:29.350] [main/DEBUG] [autoreglib/]: Registering to minecraft:item - quark:dripstone_bricks_wall
[16Feb2025 03:35:29.350] [main/DEBUG] [autoreglib/]: Registering to minecraft:item - quark:chiseled_dripstone_bricks
[16Feb2025 03:35:29.350] [main/DEBUG] [autoreglib/]: Registering to minecraft:item - quark:dripstone_pillar
[16Feb2025 03:35:29.350] [main/DEBUG] [autoreglib/]: Registering to minecraft:item - quark:tuff_bricks
[16Feb2025 03:35:29.350] [main/DEBUG] [autoreglib/]: Registering to minecraft:item - quark:tuff_bricks_slab
[16Feb2025 03:35:29.350] [main/DEBUG] [autoreglib/]: Registering to minecraft:item - quark:tuff_bricks_stairs
[16Feb2025 03:35:29.350] [main/DEBUG] [autoreglib/]: Registering to minecraft:item - quark:tuff_bricks_wall
[16Feb2025 03:35:29.350] [main/DEBUG] [autoreglib/]: Registering to minecraft:item - quark:chiseled_tuff_bricks
[16Feb2025 03:35:29.350] [main/DEBUG] [autoreglib/]: Registering to minecraft:item - quark:tuff_pillar
[16Feb2025 03:35:29.350] [main/DEBUG] [autoreglib/]: Registering to minecraft:item - quark:limestone_bricks
[16Feb2025 03:35:29.351] [main/DEBUG] [autoreglib/]: Registering to minecraft:item - quark:limestone_bricks_slab
[16Feb2025 03:35:29.351] [main/DEBUG] [autoreglib/]: Registering to minecraft:item - quark:limestone_bricks_stairs
[16Feb2025 03:35:29.351] [main/DEBUG] [autoreglib/]: Registering to minecraft:item - quark:limestone_bricks_wall
[16Feb2025 03:35:29.351] [main/DEBUG] [autoreglib/]: Registering to minecraft:item - quark:chiseled_limestone_bricks
[16Feb2025 03:35:29.351] [main/DEBUG] [autoreglib/]: Registering to minecraft:item - quark:limestone_pillar
[16Feb2025 03:35:29.351] [main/DEBUG] [autoreglib/]: Registering to minecraft:item - quark:jasper_bricks
[16Feb2025 03:35:29.351] [main/DEBUG] [autoreglib/]: Registering to minecraft:item - quark:jasper_bricks_slab
[16Feb2025 03:35:29.351] [main/DEBUG] [autoreglib/]: Registering to minecraft:item - quark:jasper_bricks_stairs
[16Feb2025 03:35:29.351] [main/DEBUG] [autoreglib/]: Registering to minecraft:item - quark:jasper_bricks_wall
[16Feb2025 03:35:29.351] [main/DEBUG] [autoreglib/]: Registering to minecraft:item - quark:chiseled_jasper_bricks
[16Feb2025 03:35:29.351] [main/DEBUG] [autoreglib/]: Registering to minecraft:item - quark:jasper_pillar
[16Feb2025 03:35:29.351] [main/DEBUG] [autoreglib/]: Registering to minecraft:item - quark:shale_bricks
[16Feb2025 03:35:29.351] [main/DEBUG] [autoreglib/]: Registering to minecraft:item - quark:shale_bricks_slab
[16Feb2025 03:35:29.351] [main/DEBUG] [autoreglib/]: Registering to minecraft:item - quark:shale_bricks_stairs
[16Feb2025 03:35:29.351] [main/DEBUG] [autoreglib/]: Registering to minecraft:item - quark:shale_bricks_wall
[16Feb2025 03:35:29.351] [main/DEBUG] [autoreglib/]: Registering to minecraft:item - quark:chiseled_shale_bricks
[16Feb2025 03:35:29.351] [main/DEBUG] [autoreglib/]: Registering to minecraft:item - quark:shale_pillar
[16Feb2025 03:35:29.351] [main/DEBUG] [autoreglib/]: Registering to minecraft:item - quark:myalite_bricks
[16Feb2025 03:35:29.351] [main/DEBUG] [autoreglib/]: Registering to minecraft:item - quark:myalite_bricks_slab
[16Feb2025 03:35:29.351] [main/DEBUG] [autoreglib/]: Registering to minecraft:item - quark:myalite_bricks_stairs
[16Feb2025 03:35:29.352] [main/DEBUG] [autoreglib/]: Registering to minecraft:item - quark:myalite_bricks_wall
[16Feb2025 03:35:29.352] [main/DEBUG] [autoreglib/]: Registering to minecraft:item - quark:chiseled_myalite_bricks
[16Feb2025 03:35:29.352] [main/DEBUG] [autoreglib/]: Registering to minecraft:item - quark:myalite_pillar
[16Feb2025 03:35:29.352] [main/DEBUG] [autoreglib/]: Registering to minecraft:item - quark:cut_vine
[16Feb2025 03:35:29.352] [main/DEBUG] [autoreglib/]: Registering to minecraft:item - quark:nether_brick_fence_gate
[16Feb2025 03:35:29.352] [main/DEBUG] [autoreglib/]: Registering to minecraft:item - quark:gold_bars
[16Feb2025 03:35:29.352] [main/DEBUG] [autoreglib/]: Registering to minecraft:item - quark:rope
[16Feb2025 03:35:29.352] [main/DEBUG] [autoreglib/]: Registering to minecraft:item - quark:stone_lamp
[16Feb2025 03:35:29.352] [main/DEBUG] [autoreglib/]: Registering to minecraft:item - quark:stone_brick_lamp
[16Feb2025 03:35:29.352] [main/DEBUG] [autoreglib/]: Registering to minecraft:item - quark:soul_sandstone
[16Feb2025 03:35:29.352] [main/DEBUG] [autoreglib/]: Registering to minecraft:item - quark:soul_sandstone_slab
[16Feb2025 03:35:29.352] [main/DEBUG] [autoreglib/]: Registering to minecraft:item - quark:soul_sandstone_stairs
[16Feb2025 03:35:29.352] [main/DEBUG] [autoreglib/]: Registering to minecraft:item - quark:soul_sandstone_wall
[16Feb2025 03:35:29.352] [main/DEBUG] [autoreglib/]: Registering to minecraft:item - quark:chiseled_soul_sandstone
[16Feb2025 03:35:29.352] [main/DEBUG] [autoreglib/]: Registering to minecraft:item - quark:cut_soul_sandstone
[16Feb2025 03:35:29.352] [main/DEBUG] [autoreglib/]: Registering to minecraft:item - quark:cut_soul_sandstone_slab
[16Feb2025 03:35:29.352] [main/DEBUG] [autoreglib/]: Registering to minecraft:item - quark:smooth_soul_sandstone
[16Feb2025 03:35:29.352] [main/DEBUG] [autoreglib/]: Registering to minecraft:item - quark:smooth_soul_sandstone_slab
[16Feb2025 03:35:29.353] [main/DEBUG] [autoreglib/]: Registering to minecraft:item - quark:smooth_soul_sandstone_stairs
[16Feb2025 03:35:29.353] [main/DEBUG] [autoreglib/]: Registering to minecraft:item - quark:oak_leaf_carpet
[16Feb2025 03:35:29.353] [main/DEBUG] [autoreglib/]: Registering to minecraft:item - quark:spruce_leaf_carpet
[16Feb2025 03:35:29.353] [main/DEBUG] [autoreglib/]: Registering to minecraft:item - quark:birch_leaf_carpet
[16Feb2025 03:35:29.353] [main/DEBUG] [autoreglib/]: Registering to minecraft:item - quark:jungle_leaf_carpet
[16Feb2025 03:35:29.353] [main/DEBUG] [autoreglib/]: Registering to minecraft:item - quark:acacia_leaf_carpet
[16Feb2025 03:35:29.353] [main/DEBUG] [autoreglib/]: Registering to minecraft:item - quark:dark_oak_leaf_carpet
[16Feb2025 03:35:29.353] [main/DEBUG] [autoreglib/]: Registering to minecraft:item - quark:mangrove_leaf_carpet
[16Feb2025 03:35:29.353] [main/DEBUG] [autoreglib/]: Registering to minecraft:item - quark:azalea_leaf_carpet
[16Feb2025 03:35:29.353] [main/DEBUG] [autoreglib/]: Registering to minecraft:item - quark:flowering_azalea_leaf_carpet
[16Feb2025 03:35:29.353] [main/DEBUG] [autoreglib/]: Registering to minecraft:item - quark:framed_glass
[16Feb2025 03:35:29.353] [main/DEBUG] [autoreglib/]: Registering to minecraft:item - quark:framed_glass_pane
[16Feb2025 03:35:29.353] [main/DEBUG] [autoreglib/]: Registering to minecraft:item - quark:white_framed_glass
[16Feb2025 03:35:29.353] [main/DEBUG] [autoreglib/]: Registering to minecraft:item - quark:white_framed_glass_pane
[16Feb2025 03:35:29.353] [main/DEBUG] [autoreglib/]: Registering to minecraft:item - quark:orange_framed_glass
[16Feb2025 03:35:29.353] [main/DEBUG] [autoreglib/]: Registering to minecraft:item - quark:orange_framed_glass_pane
[16Feb2025 03:35:29.353] [main/DEBUG] [autoreglib/]: Registering to minecraft:item - quark:magenta_framed_glass
[16Feb2025 03:35:29.353] [main/DEBUG] [autoreglib/]: Registering to minecraft:item - quark:magenta_framed_glass_pane
[16Feb2025 03:35:29.353] [main/DEBUG] [autoreglib/]: Registering to minecraft:item - quark:light_blue_framed_glass
[16Feb2025 03:35:29.353] [main/DEBUG] [autoreglib/]: Registering to minecraft:item - quark:light_blue_framed_glass_pane
[16Feb2025 03:35:29.354] [main/DEBUG] [autoreglib/]: Registering to minecraft:item - quark:yellow_framed_glass
[16Feb2025 03:35:29.354] [main/DEBUG] [autoreglib/]: Registering to minecraft:item - quark:yellow_framed_glass_pane
[16Feb2025 03:35:29.354] [main/DEBUG] [autoreglib/]: Registering to minecraft:item - quark:lime_framed_glass
[16Feb2025 03:35:29.354] [main/DEBUG] [autoreglib/]: Registering to minecraft:item - quark:lime_framed_glass_pane
[16Feb2025 03:35:29.354] [main/DEBUG] [autoreglib/]: Registering to minecraft:item - quark:pink_framed_glass
[16Feb2025 03:35:29.354] [main/DEBUG] [autoreglib/]: Registering to minecraft:item - quark:pink_framed_glass_pane
[16Feb2025 03:35:29.354] [main/DEBUG] [autoreglib/]: Registering to minecraft:item - quark:gray_framed_glass
[16Feb2025 03:35:29.354] [main/DEBUG] [autoreglib/]: Registering to minecraft:item - quark:gray_framed_glass_pane
[16Feb2025 03:35:29.354] [main/DEBUG] [autoreglib/]: Registering to minecraft:item - quark:light_gray_framed_glass
[16Feb2025 03:35:29.354] [main/DEBUG] [autoreglib/]: Registering to minecraft:item - quark:light_gray_framed_glass_pane
[16Feb2025 03:35:29.354] [main/DEBUG] [autoreglib/]: Registering to minecraft:item - quark:cyan_framed_glass
[16Feb2025 03:35:29.354] [main/DEBUG] [autoreglib/]: Registering to minecraft:item - quark:cyan_framed_glass_pane
[16Feb2025 03:35:29.354] [main/DEBUG] [autoreglib/]: Registering to minecraft:item - quark:purple_framed_glass
[16Feb2025 03:35:29.354] [main/DEBUG] [autoreglib/]: Registering to minecraft:item - quark:purple_framed_glass_pane
[16Feb2025 03:35:29.354] [main/DEBUG] [autoreglib/]: Registering to minecraft:item - quark:blue_framed_glass
[16Feb2025 03:35:29.354] [main/DEBUG] [autoreglib/]: Registering to minecraft:item - quark:blue_framed_glass_pane
[16Feb2025 03:35:29.354] [main/DEBUG] [autoreglib/]: Registering to minecraft:item - quark:brown_framed_glass
[16Feb2025 03:35:29.354] [main/DEBUG] [autoreglib/]: Registering to minecraft:item - quark:brown_framed_glass_pane
[16Feb2025 03:35:29.354] [main/DEBUG] [autoreglib/]: Registering to minecraft:item - quark:green_framed_glass
[16Feb2025 03:35:29.355] [main/DEBUG] [autoreglib/]: Registering to minecraft:item - quark:green_framed_glass_pane
[16Feb2025 03:35:29.355] [main/DEBUG] [autoreglib/]: Registering to minecraft:item - quark:red_framed_glass
[16Feb2025 03:35:29.355] [main/DEBUG] [autoreglib/]: Registering to minecraft:item - quark:red_framed_glass_pane
[16Feb2025 03:35:29.355] [main/DEBUG] [autoreglib/]: Registering to minecraft:item - quark:black_framed_glass
[16Feb2025 03:35:29.355] [main/DEBUG] [autoreglib/]: Registering to minecraft:item - quark:black_framed_glass_pane
[16Feb2025 03:35:29.355] [main/DEBUG] [autoreglib/]: Registering to minecraft:item - quark:vertical_oak_planks
[16Feb2025 03:35:29.355] [main/DEBUG] [autoreglib/]: Registering to minecraft:item - quark:vertical_spruce_planks
[16Feb2025 03:35:29.355] [main/DEBUG] [autoreglib/]: Registering to minecraft:item - quark:vertical_birch_planks
[16Feb2025 03:35:29.355] [main/DEBUG] [autoreglib/]: Registering to minecraft:item - quark:vertical_jungle_planks
[16Feb2025 03:35:29.355] [main/DEBUG] [autoreglib/]: Registering to minecraft:item - quark:vertical_acacia_planks
[16Feb2025 03:35:29.355] [main/DEBUG] [autoreglib/]: Registering to minecraft:item - quark:vertical_dark_oak_planks
[16Feb2025 03:35:29.355] [main/DEBUG] [autoreglib/]: Registering to minecraft:item - quark:vertical_crimson_planks
[16Feb2025 03:35:29.355] [main/DEBUG] [autoreglib/]: Registering to minecraft:item - quark:vertical_warped_planks
[16Feb2025 03:35:29.355] [main/DEBUG] [autoreglib/]: Registering to minecraft:item - quark:vertical_mangrove_planks
[16Feb2025 03:35:29.355] [main/DEBUG] [autoreglib/]: Registering to minecraft:item - quark:deepslate_furnace
[16Feb2025 03:35:29.355] [main/DEBUG] [autoreglib/]: Registering to minecraft:item - quark:blackstone_furnace
[16Feb2025 03:35:29.355] [main/DEBUG] [autoreglib/]: Registering to minecraft:item - quark:oak_hedge
[16Feb2025 03:35:29.355] [main/DEBUG] [autoreglib/]: Registering to minecraft:item - quark:spruce_hedge
[16Feb2025 03:35:29.356] [main/DEBUG] [autoreglib/]: Registering to minecraft:item - quark:birch_hedge
[16Feb2025 03:35:29.356] [main/DEBUG] [autoreglib/]: Registering to minecraft:item - quark:jungle_hedge
[16Feb2025 03:35:29.356] [main/DEBUG] [autoreglib/]: Registering to minecraft:item - quark:acacia_hedge
[16Feb2025 03:35:29.356] [main/DEBUG] [autoreglib/]: Registering to minecraft:item - quark:dark_oak_hedge
[16Feb2025 03:35:29.356] [main/DEBUG] [autoreglib/]: Registering to minecraft:item - quark:mangrove_hedge
[16Feb2025 03:35:29.356] [main/DEBUG] [autoreglib/]: Registering to minecraft:item - quark:azalea_hedge
[16Feb2025 03:35:29.356] [main/DEBUG] [autoreglib/]: Registering to minecraft:item - quark:flowering_azalea_hedge
[16Feb2025 03:35:29.356] [main/DEBUG] [autoreglib/]: Registering to minecraft:item - quark:hollow_oak_log
[16Feb2025 03:35:29.356] [main/DEBUG] [autoreglib/]: Registering to minecraft:item - quark:hollow_spruce_log
[16Feb2025 03:35:29.356] [main/DEBUG] [autoreglib/]: Registering to minecraft:item - quark:hollow_birch_log
[16Feb2025 03:35:29.356] [main/DEBUG] [autoreglib/]: Registering to minecraft:item - quark:hollow_jungle_log
[16Feb2025 03:35:29.356] [main/DEBUG] [autoreglib/]: Registering to minecraft:item - quark:hollow_acacia_log
[16Feb2025 03:35:29.356] [main/DEBUG] [autoreglib/]: Registering to minecraft:item - quark:hollow_dark_oak_log
[16Feb2025 03:35:29.356] [main/DEBUG] [autoreglib/]: Registering to minecraft:item - quark:hollow_crimson_stem
[16Feb2025 03:35:29.356] [main/DEBUG] [autoreglib/]: Registering to minecraft:item - quark:hollow_warped_stem
[16Feb2025 03:35:29.356] [main/DEBUG] [autoreglib/]: Registering to minecraft:item - quark:hollow_mangrove_log
[16Feb2025 03:35:29.356] [main/DEBUG] [autoreglib/]: Registering to minecraft:item - quark:moss_paste
[16Feb2025 03:35:29.356] [main/DEBUG] [autoreglib/]: Registering to minecraft:item - quark:midori_block
[16Feb2025 03:35:29.356] [main/DEBUG] [autoreglib/]: Registering to minecraft:item - quark:midori_block_slab
[16Feb2025 03:35:29.356] [main/DEBUG] [autoreglib/]: Registering to minecraft:item - quark:midori_block_stairs
[16Feb2025 03:35:29.356] [main/DEBUG] [autoreglib/]: Registering to minecraft:item - quark:midori_pillar
[16Feb2025 03:35:29.357] [main/DEBUG] [autoreglib/]: Registering to minecraft:item - quark:red_crystal_lamp
[16Feb2025 03:35:29.357] [main/DEBUG] [autoreglib/]: Registering to minecraft:item - quark:orange_crystal_lamp
[16Feb2025 03:35:29.357] [main/DEBUG] [autoreglib/]: Registering to minecraft:item - quark:yellow_crystal_lamp
[16Feb2025 03:35:29.357] [main/DEBUG] [autoreglib/]: Registering to minecraft:item - quark:green_crystal_lamp
[16Feb2025 03:35:29.357] [main/DEBUG] [autoreglib/]: Registering to minecraft:item - quark:blue_crystal_lamp
[16Feb2025 03:35:29.357] [main/DEBUG] [autoreglib/]: Registering to minecraft:item - quark:indigo_crystal_lamp
[16Feb2025 03:35:29.357] [main/DEBUG] [autoreglib/]: Registering to minecraft:item - quark:violet_crystal_lamp
[16Feb2025 03:35:29.357] [main/DEBUG] [autoreglib/]: Registering to minecraft:item - quark:white_crystal_lamp
[16Feb2025 03:35:29.357] [main/DEBUG] [autoreglib/]: Registering to minecraft:item - quark:black_crystal_lamp
[16Feb2025 03:35:29.357] [main/DEBUG] [autoreglib/]: Registering to minecraft:item - quark:shingles
[16Feb2025 03:35:29.357] [main/DEBUG] [autoreglib/]: Registering to minecraft:item - quark:shingles_slab
[16Feb2025 03:35:29.357] [main/DEBUG] [autoreglib/]: Registering to minecraft:item - quark:shingles_stairs
[16Feb2025 03:35:29.357] [main/DEBUG] [autoreglib/]: Registering to minecraft:item - quark:white_shingles
[16Feb2025 03:35:29.357] [main/DEBUG] [autoreglib/]: Registering to minecraft:item - quark:white_shingles_slab
[16Feb2025 03:35:29.357] [main/DEBUG] [autoreglib/]: Registering to minecraft:item - quark:white_shingles_stairs
[16Feb2025 03:35:29.357] [main/DEBUG] [autoreglib/]: Registering to minecraft:item - quark:orange_shingles
[16Feb2025 03:35:29.357] [main/DEBUG] [autoreglib/]: Registering to minecraft:item - quark:orange_shingles_slab
[16Feb2025 03:35:29.357] [main/DEBUG] [autoreglib/]: Registering to minecraft:item - quark:orange_shingles_stairs
[16Feb2025 03:35:29.358] [main/DEBUG] [autoreglib/]: Registering to minecraft:item - quark:magenta_shingles
[16Feb2025 03:35:29.358] [main/DEBUG] [autoreglib/]: Registering to minecraft:item - quark:magenta_shingles_slab
[16Feb2025 03:35:29.358] [main/DEBUG] [autoreglib/]: Registering to minecraft:item - quark:magenta_shingles_stairs
[16Feb2025 03:35:29.358] [main/DEBUG] [autoreglib/]: Registering to minecraft:item - quark:light_blue_shingles
[16Feb2025 03:35:29.358] [main/DEBUG] [autoreglib/]: Registering to minecraft:item - quark:light_blue_shingles_slab
[16Feb2025 03:35:29.358] [main/DEBUG] [autoreglib/]: Registering to minecraft:item - quark:light_blue_shingles_stairs
[16Feb2025 03:35:29.358] [main/DEBUG] [autoreglib/]: Registering to minecraft:item - quark:yellow_shingles
[16Feb2025 03:35:29.358] [main/DEBUG] [autoreglib/]: Registering to minecraft:item - quark:yellow_shingles_slab
[16Feb2025 03:35:29.358] [main/DEBUG] [autoreglib/]: Registering to minecraft:item - quark:yellow_shingles_stairs
[16Feb2025 03:35:29.358] [main/DEBUG] [autoreglib/]: Registering to minecraft:item - quark:lime_shingles
[16Feb2025 03:35:29.358] [main/DEBUG] [autoreglib/]: Registering to minecraft:item - quark:lime_shingles_slab
[16Feb2025 03:35:29.358] [main/DEBUG] [autoreglib/]: Registering to minecraft:item - quark:lime_shingles_stairs
[16Feb2025 03:35:29.358] [main/DEBUG] [autoreglib/]: Registering to minecraft:item - quark:pink_shingles
[16Feb2025 03:35:29.358] [main/DEBUG] [autoreglib/]: Registering to minecraft:item - quark:pink_shingles_slab
[16Feb2025 03:35:29.358] [main/DEBUG] [autoreglib/]: Registering to minecraft:item - quark:pink_shingles_stairs
[16Feb2025 03:35:29.358] [main/DEBUG] [autoreglib/]: Registering to minecraft:item - quark:gray_shingles
[16Feb2025 03:35:29.358] [main/DEBUG] [autoreglib/]: Registering to minecraft:item - quark:gray_shingles_slab
[16Feb2025 03:35:29.358] [main/DEBUG] [autoreglib/]: Registering to minecraft:item - quark:gray_shingles_stairs
[16Feb2025 03:35:29.358] [main/DEBUG] [autoreglib/]: Registering to minecraft:item - quark:light_gray_shingles
[16Feb2025 03:35:29.358] [main/DEBUG] [autoreglib/]: Registering to minecraft:item - quark:light_gray_shingles_slab
[16Feb2025 03:35:29.358] [main/DEBUG] [autoreglib/]: Registering to minecraft:item - quark:light_gray_shingles_stairs
[16Feb2025 03:35:29.359] [main/DEBUG] [autoreglib/]: Registering to minecraft:item - quark:cyan_shingles
[16Feb2025 03:35:29.359] [main/DEBUG] [autoreglib/]: Registering to minecraft:item - quark:cyan_shingles_slab
[16Feb2025 03:35:29.359] [main/DEBUG] [autoreglib/]: Registering to minecraft:item - quark:cyan_shingles_stairs
[16Feb2025 03:35:29.359] [main/DEBUG] [autoreglib/]: Registering to minecraft:item - quark:purple_shingles
[16Feb2025 03:35:29.359] [main/DEBUG] [autoreglib/]: Registering to minecraft:item - quark:purple_shingles_slab
[16Feb2025 03:35:29.359] [main/DEBUG] [autoreglib/]: Registering to minecraft:item - quark:purple_shingles_stairs
[16Feb2025 03:35:29.359] [main/DEBUG] [autoreglib/]: Registering to minecraft:item - quark:blue_shingles
[16Feb2025 03:35:29.359] [main/DEBUG] [autoreglib/]: Registering to minecraft:item - quark:blue_shingles_slab
[16Feb2025 03:35:29.359] [main/DEBUG] [autoreglib/]: Registering to minecraft:item - quark:blue_shingles_stairs
[16Feb2025 03:35:29.359] [main/DEBUG] [autoreglib/]: Registering to minecraft:item - quark:brown_shingles
[16Feb2025 03:35:29.359] [main/DEBUG] [autoreglib/]: Registering to minecraft:item - quark:brown_shingles_slab
[16Feb2025 03:35:29.359] [main/DEBUG] [autoreglib/]: Registering to minecraft:item - quark:brown_shingles_stairs
[16Feb2025 03:35:29.359] [main/DEBUG] [autoreglib/]: Registering to minecraft:item - quark:green_shingles
[16Feb2025 03:35:29.359] [main/DEBUG] [autoreglib/]: Registering to minecraft:item - quark:green_shingles_slab
[16Feb2025 03:35:29.359] [main/DEBUG] [autoreglib/]: Registering to minecraft:item - quark:green_shingles_stairs
[16Feb2025 03:35:29.359] [main/DEBUG] [autoreglib/]: Registering to minecraft:item - quark:red_shingles
[16Feb2025 03:35:29.359] [main/DEBUG] [autoreglib/]: Registering to minecraft:item - quark:red_shingles_slab
[16Feb2025 03:35:29.359] [main/DEBUG] [autoreglib/]: Registering to minecraft:item - quark:red_shingles_stairs
[16Feb2025 03:35:29.359] [main/DEBUG] [autoreglib/]: Registering to minecraft:item - quark:black_shingles
[16Feb2025 03:35:29.360] [main/DEBUG] [autoreglib/]: Registering to minecraft:item - quark:black_shingles_slab
[16Feb2025 03:35:29.360] [main/DEBUG] [autoreglib/]: Registering to minecraft:item - quark:black_shingles_stairs
[16Feb2025 03:35:29.360] [main/DEBUG] [autoreglib/]: Registering to minecraft:item - quark:sturdy_stone
[16Feb2025 03:35:29.360] [main/DEBUG] [autoreglib/]: Registering to minecraft:item - quark:white_stool
[16Feb2025 03:35:29.360] [main/DEBUG] [autoreglib/]: Registering to minecraft:item - quark:orange_stool
[16Feb2025 03:35:29.360] [main/DEBUG] [autoreglib/]: Registering to minecraft:item - quark:magenta_stool
[16Feb2025 03:35:29.360] [main/DEBUG] [autoreglib/]: Registering to minecraft:item - quark:light_blue_stool
[16Feb2025 03:35:29.360] [main/DEBUG] [autoreglib/]: Registering to minecraft:item - quark:yellow_stool
[16Feb2025 03:35:29.360] [main/DEBUG] [autoreglib/]: Registering to minecraft:item - quark:lime_stool
[16Feb2025 03:35:29.360] [main/DEBUG] [autoreglib/]: Registering to minecraft:item - quark:pink_stool
[16Feb2025 03:35:29.360] [main/DEBUG] [autoreglib/]: Registering to minecraft:item - quark:gray_stool
[16Feb2025 03:35:29.360] [main/DEBUG] [autoreglib/]: Registering to minecraft:item - quark:light_gray_stool
[16Feb2025 03:35:29.360] [main/DEBUG] [autoreglib/]: Registering to minecraft:item - quark:cyan_stool
[16Feb2025 03:35:29.360] [main/DEBUG] [autoreglib/]: Registering to minecraft:item - quark:purple_stool
[16Feb2025 03:35:29.360] [main/DEBUG] [autoreglib/]: Registering to minecraft:item - quark:blue_stool
[16Feb2025 03:35:29.360] [main/DEBUG] [autoreglib/]: Registering to minecraft:item - quark:brown_stool
[16Feb2025 03:35:29.360] [main/DEBUG] [autoreglib/]: Registering to minecraft:item - quark:green_stool
[16Feb2025 03:35:29.360] [main/DEBUG] [autoreglib/]: Registering to minecraft:item - quark:red_stool
[16Feb2025 03:35:29.360] [main/DEBUG] [autoreglib/]: Registering to minecraft:item - quark:black_stool
[16Feb2025 03:35:29.360] [main/DEBUG] [autoreglib/]: Registering to minecraft:item - quark:raw_iron_bricks
[16Feb2025 03:35:29.360] [main/DEBUG] [autoreglib/]: Registering to minecraft:item - quark:raw_gold_bricks
[16Feb2025 03:35:29.361] [main/DEBUG] [autoreglib/]: Registering to minecraft:item - quark:raw_copper_bricks
[16Feb2025 03:35:29.361] [main/DEBUG] [autoreglib/]: Registering to minecraft:item - quark:raw_iron_bricks_slab
[16Feb2025 03:35:29.361] [main/DEBUG] [autoreglib/]: Registering to minecraft:item - quark:raw_iron_bricks_stairs
[16Feb2025 03:35:29.361] [main/DEBUG] [autoreglib/]: Registering to minecraft:item - quark:raw_gold_bricks_slab
[16Feb2025 03:35:29.361] [main/DEBUG] [autoreglib/]: Registering to minecraft:item - quark:raw_gold_bricks_stairs
[16Feb2025 03:35:29.361] [main/DEBUG] [autoreglib/]: Registering to minecraft:item - quark:raw_copper_bricks_slab
[16Feb2025 03:35:29.361] [main/DEBUG] [autoreglib/]: Registering to minecraft:item - quark:raw_copper_bricks_stairs
[16Feb2025 03:35:29.361] [main/DEBUG] [autoreglib/]: Registering to minecraft:item - quark:carved_mud_bricks
[16Feb2025 03:35:29.361] [main/DEBUG] [autoreglib/]: Registering to minecraft:item - quark:mud_pillar
[16Feb2025 03:35:29.361] [main/DEBUG] [autoreglib/]: Registering to minecraft:item - quark:mud_brick_lattice
[16Feb2025 03:35:29.361] [main/DEBUG] [autoreglib/]: Registering to minecraft:item - quark:grate
[16Feb2025 03:35:29.361] [main/DEBUG] [autoreglib/]: Registering to minecraft:item - quark:paper_lantern
[16Feb2025 03:35:29.361] [main/DEBUG] [autoreglib/]: Registering to minecraft:item - quark:paper_lantern_sakura
[16Feb2025 03:35:29.361] [main/DEBUG] [autoreglib/]: Registering to minecraft:item - quark:paper_wall
[16Feb2025 03:35:29.361] [main/DEBUG] [autoreglib/]: Registering to minecraft:item - quark:paper_wall_big
[16Feb2025 03:35:29.361] [main/DEBUG] [autoreglib/]: Registering to minecraft:item - quark:paper_wall_sakura
[16Feb2025 03:35:29.361] [main/DEBUG] [autoreglib/]: Registering to minecraft:item - quark:bamboo_mat
[16Feb2025 03:35:29.361] [main/DEBUG] [autoreglib/]: Registering to minecraft:item - quark:bamboo_mat_carpet
[16Feb2025 03:35:29.361] [main/DEBUG] [autoreglib/]: Registering to minecraft:item - quark:blue_nether_bricks
[16Feb2025 03:35:29.362] [main/DEBUG] [autoreglib/]: Registering to minecraft:item - quark:blue_nether_bricks_slab
[16Feb2025 03:35:29.362] [main/DEBUG] [autoreglib/]: Registering to minecraft:item - quark:blue_nether_bricks_stairs
[16Feb2025 03:35:29.362] [main/DEBUG] [autoreglib/]: Registering to minecraft:item - quark:blue_nether_bricks_wall
[16Feb2025 03:35:29.362] [main/DEBUG] [autoreglib/]: Registering to minecraft:item - quark:sandstone_bricks
[16Feb2025 03:35:29.362] [main/DEBUG] [autoreglib/]: Registering to minecraft:item - quark:sandstone_bricks_slab
[16Feb2025 03:35:29.362] [main/DEBUG] [autoreglib/]: Registering to minecraft:item - quark:sandstone_bricks_stairs
[16Feb2025 03:35:29.362] [main/DEBUG] [autoreglib/]: Registering to minecraft:item - quark:sandstone_bricks_wall
[16Feb2025 03:35:29.362] [main/DEBUG] [autoreglib/]: Registering to minecraft:item - quark:red_sandstone_bricks
[16Feb2025 03:35:29.362] [main/DEBUG] [autoreglib/]: Registering to minecraft:item - quark:red_sandstone_bricks_slab
[16Feb2025 03:35:29.362] [main/DEBUG] [autoreglib/]: Registering to minecraft:item - quark:red_sandstone_bricks_stairs
[16Feb2025 03:35:29.362] [main/DEBUG] [autoreglib/]: Registering to minecraft:item - quark:red_sandstone_bricks_wall
[16Feb2025 03:35:29.362] [main/DEBUG] [autoreglib/]: Registering to minecraft:item - quark:soul_sandstone_bricks
[16Feb2025 03:35:29.362] [main/DEBUG] [autoreglib/]: Registering to minecraft:item - quark:soul_sandstone_bricks_slab
[16Feb2025 03:35:29.362] [main/DEBUG] [autoreglib/]: Registering to minecraft:item - quark:soul_sandstone_bricks_stairs
[16Feb2025 03:35:29.362] [main/DEBUG] [autoreglib/]: Registering to minecraft:item - quark:soul_sandstone_bricks_wall
[16Feb2025 03:35:29.362] [main/DEBUG] [autoreglib/]: Registering to minecraft:item - quark:cobblestone_bricks
[16Feb2025 03:35:29.362] [main/DEBUG] [autoreglib/]: Registering to minecraft:item - quark:cobblestone_bricks_slab
[16Feb2025 03:35:29.362] [main/DEBUG] [autoreglib/]: Registering to minecraft:item - quark:cobblestone_bricks_stairs
[16Feb2025 03:35:29.362] [main/DEBUG] [autoreglib/]: Registering to minecraft:item - quark:cobblestone_bricks_wall
[16Feb2025 03:35:29.362] [main/DEBUG] [autoreglib/]: Registering to minecraft:item - quark:mossy_cobblestone_bricks
[16Feb2025 03:35:29.363] [main/DEBUG] [autoreglib/]: Registering to minecraft:item - quark:mossy_cobblestone_bricks_slab
[16Feb2025 03:35:29.363] [main/DEBUG] [autoreglib/]: Registering to minecraft:item - quark:mossy_cobblestone_bricks_stairs
[16Feb2025 03:35:29.363] [main/DEBUG] [autoreglib/]: Registering to minecraft:item - quark:mossy_cobblestone_bricks_wall
[16Feb2025 03:35:29.363] [main/DEBUG] [autoreglib/]: Registering to minecraft:item - quark:blackstone_bricks
[16Feb2025 03:35:29.363] [main/DEBUG] [autoreglib/]: Registering to minecraft:item - quark:blackstone_bricks_slab
[16Feb2025 03:35:29.363] [main/DEBUG] [autoreglib/]: Registering to minecraft:item - quark:blackstone_bricks_stairs
[16Feb2025 03:35:29.363] [main/DEBUG] [autoreglib/]: Registering to minecraft:item - quark:blackstone_bricks_wall
[16Feb2025 03:35:29.363] [main/DEBUG] [autoreglib/]: Registering to minecraft:item - quark:dirt_bricks
[16Feb2025 03:35:29.363] [main/DEBUG] [autoreglib/]: Registering to minecraft:item - quark:dirt_bricks_slab
[16Feb2025 03:35:29.363] [main/DEBUG] [autoreglib/]: Registering to minecraft:item - quark:dirt_bricks_stairs
[16Feb2025 03:35:29.363] [main/DEBUG] [autoreglib/]: Registering to minecraft:item - quark:dirt_bricks_wall
[16Feb2025 03:35:29.363] [main/DEBUG] [autoreglib/]: Registering to minecraft:item - quark:netherrack_bricks
[16Feb2025 03:35:29.363] [main/DEBUG] [autoreglib/]: Registering to minecraft:item - quark:netherrack_bricks_slab
[16Feb2025 03:35:29.363] [main/DEBUG] [autoreglib/]: Registering to minecraft:item - quark:netherrack_bricks_stairs
[16Feb2025 03:35:29.363] [main/DEBUG] [autoreglib/]: Registering to minecraft:item - quark:netherrack_bricks_wall
[16Feb2025 03:35:29.363] [main/DEBUG] [autoreglib/]: Registering to minecraft:item - quark:glass_item_frame
[16Feb2025 03:35:29.363] [main/DEBUG] [autoreglib/]: Registering to minecraft:item - quark:glowing_glass_item_frame
[16Feb2025 03:35:29.363] [main/DEBUG] [autoreglib/]: Registering to minecraft:item - quark:iron_plate
[16Feb2025 03:35:29.363] [main/DEBUG] [autoreglib/]: Registering to minecraft:item - quark:iron_plate_slab
[16Feb2025 03:35:29.364] [main/DEBUG] [autoreglib/]: Registering to minecraft:item - quark:iron_plate_stairs
[16Feb2025 03:35:29.364] [main/DEBUG] [autoreglib/]: Registering to minecraft:item - quark:rusty_iron_plate
[16Feb2025 03:35:29.364] [main/DEBUG] [autoreglib/]: Registering to minecraft:item - quark:rusty_iron_plate_slab
[16Feb2025 03:35:29.364] [main/DEBUG] [autoreglib/]: Registering to minecraft:item - quark:rusty_iron_plate_stairs
[16Feb2025 03:35:29.364] [main/DEBUG] [autoreglib/]: Registering to minecraft:item - quark:iron_pillar
[16Feb2025 03:35:29.364] [main/DEBUG] [autoreglib/]: Registering to minecraft:item - quark:iron_ladder
[16Feb2025 03:35:29.364] [main/DEBUG] [autoreglib/]: Registering to minecraft:item - quark:permafrost
[16Feb2025 03:35:29.364] [main/DEBUG] [autoreglib/]: Registering to minecraft:item - quark:permafrost_slab
[16Feb2025 03:35:29.364] [main/DEBUG] [autoreglib/]: Registering to minecraft:item - quark:permafrost_stairs
[16Feb2025 03:35:29.364] [main/DEBUG] [autoreglib/]: Registering to minecraft:item - quark:permafrost_wall
[16Feb2025 03:35:29.364] [main/DEBUG] [autoreglib/]: Registering to minecraft:item - quark:permafrost_bricks
[16Feb2025 03:35:29.364] [main/DEBUG] [autoreglib/]: Registering to minecraft:item - quark:permafrost_bricks_slab
[16Feb2025 03:35:29.364] [main/DEBUG] [autoreglib/]: Registering to minecraft:item - quark:permafrost_bricks_stairs
[16Feb2025 03:35:29.364] [main/DEBUG] [autoreglib/]: Registering to minecraft:item - quark:permafrost_bricks_wall
[16Feb2025 03:35:29.364] [main/DEBUG] [autoreglib/]: Registering to minecraft:item - quark:dusky_myalite
[16Feb2025 03:35:29.364] [main/DEBUG] [autoreglib/]: Registering to minecraft:item - quark:myalite_crystal
[16Feb2025 03:35:29.364] [main/DEBUG] [autoreglib/]: Registering to minecraft:item - quark:ancient_log
[16Feb2025 03:35:29.364] [main/DEBUG] [autoreglib/]: Registering to minecraft:item - quark:ancient_wood
[16Feb2025 03:35:29.364] [main/DEBUG] [autoreglib/]: Registering to minecraft:item - quark:stripped_ancient_log
[16Feb2025 03:35:29.365] [main/DEBUG] [autoreglib/]: Registering to minecraft:item - quark:stripped_ancient_wood
[16Feb2025 03:35:29.365] [main/DEBUG] [autoreglib/]: Registering to minecraft:item - quark:ancient_planks
[16Feb2025 03:35:29.365] [main/DEBUG] [autoreglib/]: Registering to minecraft:item - quark:ancient_planks_slab
[16Feb2025 03:35:29.365] [main/DEBUG] [autoreglib/]: Registering to minecraft:item - quark:ancient_planks_stairs
[16Feb2025 03:35:29.365] [main/DEBUG] [autoreglib/]: Registering to minecraft:item - quark:ancient_fence
[16Feb2025 03:35:29.365] [main/DEBUG] [autoreglib/]: Registering to minecraft:item - quark:ancient_fence_gate
[16Feb2025 03:35:29.365] [main/DEBUG] [autoreglib/]: Registering to minecraft:item - quark:ancient_door
[16Feb2025 03:35:29.365] [main/DEBUG] [autoreglib/]: Registering to minecraft:item - quark:ancient_trapdoor
[16Feb2025 03:35:29.365] [main/DEBUG] [autoreglib/]: Registering to minecraft:item - quark:ancient_button
[16Feb2025 03:35:29.365] [main/DEBUG] [autoreglib/]: Registering to minecraft:item - quark:ancient_pressure_plate
[16Feb2025 03:35:29.365] [main/DEBUG] [autoreglib/]: Registering to minecraft:item - quark:ancient_bookshelf
[16Feb2025 03:35:29.365] [main/DEBUG] [autoreglib/]: Registering to minecraft:item - quark:ancient_ladder
[16Feb2025 03:35:29.365] [main/DEBUG] [autoreglib/]: Registering to minecraft:item - quark:ancient_post
[16Feb2025 03:35:29.365] [main/DEBUG] [autoreglib/]: Registering to minecraft:item - quark:stripped_ancient_post
[16Feb2025 03:35:29.365] [main/DEBUG] [autoreglib/]: Registering to minecraft:item - quark:vertical_ancient_planks
[16Feb2025 03:35:29.365] [main/DEBUG] [autoreglib/]: Registering to minecraft:item - quark:hollow_ancient_log
[16Feb2025 03:35:29.365] [main/DEBUG] [autoreglib/]: Registering to minecraft:item - quark:ancient_sign
[16Feb2025 03:35:29.365] [main/DEBUG] [autoreglib/]: Registering to minecraft:item - quark:ancient_boat
[16Feb2025 03:35:29.365] [main/DEBUG] [autoreglib/]: Registering to minecraft:item - quark:ancient_chest_boat
[16Feb2025 03:35:29.366] [main/DEBUG] [autoreglib/]: Registering to minecraft:item - quark:ancient_leaves
[16Feb2025 03:35:29.366] [main/DEBUG] [autoreglib/]: Registering to minecraft:item - quark:ancient_sapling
[16Feb2025 03:35:29.366] [main/DEBUG] [autoreglib/]: Registering to minecraft:item - quark:ancient_fruit
[16Feb2025 03:35:29.366] [main/DEBUG] [autoreglib/]: Registering to minecraft:item - quark:limestone
[16Feb2025 03:35:29.366] [main/DEBUG] [autoreglib/]: Registering to minecraft:item - quark:polished_limestone
[16Feb2025 03:35:29.366] [main/DEBUG] [autoreglib/]: Registering to minecraft:item - quark:limestone_slab
[16Feb2025 03:35:29.366] [main/DEBUG] [autoreglib/]: Registering to minecraft:item - quark:limestone_stairs
[16Feb2025 03:35:29.366] [main/DEBUG] [autoreglib/]: Registering to minecraft:item - quark:limestone_wall
[16Feb2025 03:35:29.366] [main/DEBUG] [autoreglib/]: Registering to minecraft:item - quark:polished_limestone_slab
[16Feb2025 03:35:29.366] [main/DEBUG] [autoreglib/]: Registering to minecraft:item - quark:polished_limestone_stairs
[16Feb2025 03:35:29.366] [main/DEBUG] [autoreglib/]: Registering to minecraft:item - quark:jasper
[16Feb2025 03:35:29.366] [main/DEBUG] [autoreglib/]: Registering to minecraft:item - quark:polished_jasper
[16Feb2025 03:35:29.366] [main/DEBUG] [autoreglib/]: Registering to minecraft:item - quark:jasper_slab
[16Feb2025 03:35:29.366] [main/DEBUG] [autoreglib/]: Registering to minecraft:item - quark:jasper_stairs
[16Feb2025 03:35:29.366] [main/DEBUG] [autoreglib/]: Registering to minecraft:item - quark:jasper_wall
[16Feb2025 03:35:29.366] [main/DEBUG] [autoreglib/]: Registering to minecraft:item - quark:polished_jasper_slab
[16Feb2025 03:35:29.366] [main/DEBUG] [autoreglib/]: Registering to minecraft:item - quark:polished_jasper_stairs
[16Feb2025 03:35:29.366] [main/DEBUG] [autoreglib/]: Registering to minecraft:item - quark:shale
[16Feb2025 03:35:29.366] [main/DEBUG] [autoreglib/]: Registering to minecraft:item - quark:polished_shale
[16Feb2025 03:35:29.366] [main/DEBUG] [autoreglib/]: Registering to minecraft:item - quark:shale_slab
[16Feb2025 03:35:29.367] [main/DEBUG] [autoreglib/]: Registering to minecraft:item - quark:shale_stairs
[16Feb2025 03:35:29.367] [main/DEBUG] [autoreglib/]: Registering to minecraft:item - quark:shale_wall
[16Feb2025 03:35:29.367] [main/DEBUG] [autoreglib/]: Registering to minecraft:item - quark:polished_shale_slab
[16Feb2025 03:35:29.367] [main/DEBUG] [autoreglib/]: Registering to minecraft:item - quark:polished_shale_stairs
[16Feb2025 03:35:29.367] [main/DEBUG] [autoreglib/]: Registering to minecraft:item - quark:myalite
[16Feb2025 03:35:29.367] [main/DEBUG] [autoreglib/]: Registering to minecraft:item - quark:polished_myalite
[16Feb2025 03:35:29.367] [main/DEBUG] [autoreglib/]: Registering to minecraft:item - quark:myalite_slab
[16Feb2025 03:35:29.367] [main/DEBUG] [autoreglib/]: Registering to minecraft:item - quark:myalite_stairs
[16Feb2025 03:35:29.367] [main/DEBUG] [autoreglib/]: Registering to minecraft:item - quark:myalite_wall
[16Feb2025 03:35:29.367] [main/DEBUG] [autoreglib/]: Registering to minecraft:item - quark:polished_myalite_slab
[16Feb2025 03:35:29.367] [main/DEBUG] [autoreglib/]: Registering to minecraft:item - quark:polished_myalite_stairs
[16Feb2025 03:35:29.367] [main/DEBUG] [autoreglib/]: Registering to minecraft:item - quark:blossom_log
[16Feb2025 03:35:29.367] [main/DEBUG] [autoreglib/]: Registering to minecraft:item - quark:blossom_wood
[16Feb2025 03:35:29.367] [main/DEBUG] [autoreglib/]: Registering to minecraft:item - quark:stripped_blossom_log
[16Feb2025 03:35:29.367] [main/DEBUG] [autoreglib/]: Registering to minecraft:item - quark:stripped_blossom_wood
[16Feb2025 03:35:29.367] [main/DEBUG] [autoreglib/]: Registering to minecraft:item - quark:blossom_planks
[16Feb2025 03:35:29.367] [main/DEBUG] [autoreglib/]: Registering to minecraft:item - quark:blossom_planks_slab
[16Feb2025 03:35:29.367] [main/DEBUG] [autoreglib/]: Registering to minecraft:item - quark:blossom_planks_stairs
[16Feb2025 03:35:29.367] [main/DEBUG] [autoreglib/]: Registering to minecraft:item - quark:blossom_fence
[16Feb2025 03:35:29.367] [main/DEBUG] [autoreglib/]: Registering to minecraft:item - quark:blossom_fence_gate
[16Feb2025 03:35:29.368] [main/DEBUG] [autoreglib/]: Registering to minecraft:item - quark:blossom_door
[16Feb2025 03:35:29.368] [main/DEBUG] [autoreglib/]: Registering to minecraft:item - quark:blossom_trapdoor
[16Feb2025 03:35:29.368] [main/DEBUG] [autoreglib/]: Registering to minecraft:item - quark:blossom_button
[16Feb2025 03:35:29.368] [main/DEBUG] [autoreglib/]: Registering to minecraft:item - quark:blossom_pressure_plate
[16Feb2025 03:35:29.368] [main/DEBUG] [autoreglib/]: Registering to minecraft:item - quark:blossom_bookshelf
[16Feb2025 03:35:29.368] [main/DEBUG] [autoreglib/]: Registering to minecraft:item - quark:blossom_ladder
[16Feb2025 03:35:29.368] [main/DEBUG] [autoreglib/]: Registering to minecraft:item - quark:blossom_post
[16Feb2025 03:35:29.368] [main/DEBUG] [autoreglib/]: Registering to minecraft:item - quark:stripped_blossom_post
[16Feb2025 03:35:29.368] [main/DEBUG] [autoreglib/]: Registering to minecraft:item - quark:vertical_blossom_planks
[16Feb2025 03:35:29.368] [main/DEBUG] [autoreglib/]: Registering to minecraft:item - quark:hollow_blossom_log
[16Feb2025 03:35:29.368] [main/DEBUG] [autoreglib/]: Registering to minecraft:item - quark:blossom_sign
[16Feb2025 03:35:29.368] [main/DEBUG] [autoreglib/]: Registering to minecraft:item - quark:blossom_boat
[16Feb2025 03:35:29.368] [main/DEBUG] [autoreglib/]: Registering to minecraft:item - quark:blossom_chest_boat
[16Feb2025 03:35:29.368] [main/DEBUG] [autoreglib/]: Registering to minecraft:item - quark:blue_blossom_leaves
[16Feb2025 03:35:29.368] [main/DEBUG] [autoreglib/]: Registering to minecraft:item - quark:blue_blossom_sapling
[16Feb2025 03:35:29.368] [main/DEBUG] [autoreglib/]: Registering to minecraft:item - quark:lavender_blossom_leaves
[16Feb2025 03:35:29.368] [main/DEBUG] [autoreglib/]: Registering to minecraft:item - quark:lavender_blossom_sapling
[16Feb2025 03:35:29.368] [main/DEBUG] [autoreglib/]: Registering to minecraft:item - quark:orange_blossom_leaves
[16Feb2025 03:35:29.368] [main/DEBUG] [autoreglib/]: Registering to minecraft:item - quark:orange_blossom_sapling
[16Feb2025 03:35:29.368] [main/DEBUG] [autoreglib/]: Registering to minecraft:item - quark:pink_blossom_leaves
[16Feb2025 03:35:29.368] [main/DEBUG] [autoreglib/]: Registering to minecraft:item - quark:pink_blossom_sapling
[16Feb2025 03:35:29.369] [main/DEBUG] [autoreglib/]: Registering to minecraft:item - quark:yellow_blossom_leaves
[16Feb2025 03:35:29.369] [main/DEBUG] [autoreglib/]: Registering to minecraft:item - quark:yellow_blossom_sapling
[16Feb2025 03:35:29.369] [main/DEBUG] [autoreglib/]: Registering to minecraft:item - quark:red_blossom_leaves
[16Feb2025 03:35:29.369] [main/DEBUG] [autoreglib/]: Registering to minecraft:item - quark:red_blossom_sapling
[16Feb2025 03:35:29.369] [main/DEBUG] [autoreglib/]: Registering to minecraft:item - quark:glow_shroom
[16Feb2025 03:35:29.369] [main/DEBUG] [autoreglib/]: Registering to minecraft:item - quark:glow_lichen_growth
[16Feb2025 03:35:29.369] [main/DEBUG] [autoreglib/]: Registering to minecraft:item - quark:glow_shroom_block
[16Feb2025 03:35:29.369] [main/DEBUG] [autoreglib/]: Registering to minecraft:item - quark:glow_shroom_stem
[16Feb2025 03:35:29.369] [main/DEBUG] [autoreglib/]: Registering to minecraft:item - quark:glow_shroom_ring
[16Feb2025 03:35:29.369] [main/DEBUG] [autoreglib/]: Registering to minecraft:item - quark:monster_box
[16Feb2025 03:35:29.369] [main/DEBUG] [autoreglib/]: Registering to minecraft:item - quark:azalea_log
[16Feb2025 03:35:29.369] [main/DEBUG] [autoreglib/]: Registering to minecraft:item - quark:azalea_wood
[16Feb2025 03:35:29.369] [main/DEBUG] [autoreglib/]: Registering to minecraft:item - quark:stripped_azalea_log
[16Feb2025 03:35:29.369] [main/DEBUG] [autoreglib/]: Registering to minecraft:item - quark:stripped_azalea_wood
[16Feb2025 03:35:29.369] [main/DEBUG] [autoreglib/]: Registering to minecraft:item - quark:azalea_planks
[16Feb2025 03:35:29.369] [main/DEBUG] [autoreglib/]: Registering to minecraft:item - quark:azalea_planks_slab
[16Feb2025 03:35:29.369] [main/DEBUG] [autoreglib/]: Registering to minecraft:item - quark:azalea_planks_stairs
[16Feb2025 03:35:29.369] [main/DEBUG] [autoreglib/]: Registering to minecraft:item - quark:azalea_fence
[16Feb2025 03:35:29.369] [main/DEBUG] [autoreglib/]: Registering to minecraft:item - quark:azalea_fence_gate
[16Feb2025 03:35:29.369] [main/DEBUG] [autoreglib/]: Registering to minecraft:item - quark:azalea_door
[16Feb2025 03:35:29.369] [main/DEBUG] [autoreglib/]: Registering to minecraft:item - quark:azalea_trapdoor
[16Feb2025 03:35:29.370] [main/DEBUG] [autoreglib/]: Registering to minecraft:item - quark:azalea_button
[16Feb2025 03:35:29.370] [main/DEBUG] [autoreglib/]: Registering to minecraft:item - quark:azalea_pressure_plate
[16Feb2025 03:35:29.370] [main/DEBUG] [autoreglib/]: Registering to minecraft:item - quark:azalea_bookshelf
[16Feb2025 03:35:29.370] [main/DEBUG] [autoreglib/]: Registering to minecraft:item - quark:azalea_ladder
[16Feb2025 03:35:29.370] [main/DEBUG] [autoreglib/]: Registering to minecraft:item - quark:azalea_post
[16Feb2025 03:35:29.370] [main/DEBUG] [autoreglib/]: Registering to minecraft:item - quark:stripped_azalea_post
[16Feb2025 03:35:29.370] [main/DEBUG] [autoreglib/]: Registering to minecraft:item - quark:vertical_azalea_planks
[16Feb2025 03:35:29.370] [main/DEBUG] [autoreglib/]: Registering to minecraft:item - quark:hollow_azalea_log
[16Feb2025 03:35:29.370] [main/DEBUG] [autoreglib/]: Registering to minecraft:item - quark:azalea_sign
[16Feb2025 03:35:29.370] [main/DEBUG] [autoreglib/]: Registering to minecraft:item - quark:azalea_boat
[16Feb2025 03:35:29.370] [main/DEBUG] [autoreglib/]: Registering to minecraft:item - quark:azalea_chest_boat
[16Feb2025 03:35:29.370] [main/DEBUG] [autoreglib/]: Registering to minecraft:item - quark:red_corundum
[16Feb2025 03:35:29.370] [main/DEBUG] [autoreglib/]: Registering to minecraft:item - quark:waxed_red_corundum
[16Feb2025 03:35:29.370] [main/DEBUG] [autoreglib/]: Registering to minecraft:item - quark:red_corundum_pane
[16Feb2025 03:35:29.370] [main/DEBUG] [autoreglib/]: Registering to minecraft:item - quark:red_corundum_cluster
[16Feb2025 03:35:29.370] [main/DEBUG] [autoreglib/]: Registering to minecraft:item - quark:orange_corundum
[16Feb2025 03:35:29.370] [main/DEBUG] [autoreglib/]: Registering to minecraft:item - quark:waxed_orange_corundum
[16Feb2025 03:35:29.370] [main/DEBUG] [autoreglib/]: Registering to minecraft:item - quark:orange_corundum_pane
[16Feb2025 03:35:29.370] [main/DEBUG] [autoreglib/]: Registering to minecraft:item - quark:orange_corundum_cluster
[16Feb2025 03:35:29.370] [main/DEBUG] [autoreglib/]: Registering to minecraft:item - quark:yellow_corundum
[16Feb2025 03:35:29.370] [main/DEBUG] [autoreglib/]: Registering to minecraft:item - quark:waxed_yellow_corundum
[16Feb2025 03:35:29.371] [main/DEBUG] [autoreglib/]: Registering to minecraft:item - quark:yellow_corundum_pane
[16Feb2025 03:35:29.371] [main/DEBUG] [autoreglib/]: Registering to minecraft:item - quark:yellow_corundum_cluster
[16Feb2025 03:35:29.371] [main/DEBUG] [autoreglib/]: Registering to minecraft:item - quark:green_corundum
[16Feb2025 03:35:29.371] [main/DEBUG] [autoreglib/]: Registering to minecraft:item - quark:waxed_green_corundum
[16Feb2025 03:35:29.371] [main/DEBUG] [autoreglib/]: Registering to minecraft:item - quark:green_corundum_pane
[16Feb2025 03:35:29.371] [main/DEBUG] [autoreglib/]: Registering to minecraft:item - quark:green_corundum_cluster
[16Feb2025 03:35:29.371] [main/DEBUG] [autoreglib/]: Registering to minecraft:item - quark:blue_corundum
[16Feb2025 03:35:29.371] [main/DEBUG] [autoreglib/]: Registering to minecraft:item - quark:waxed_blue_corundum
[16Feb2025 03:35:29.371] [main/DEBUG] [autoreglib/]: Registering to minecraft:item - quark:blue_corundum_pane
[16Feb2025 03:35:29.371] [main/DEBUG] [autoreglib/]: Registering to minecraft:item - quark:blue_corundum_cluster
[16Feb2025 03:35:29.371] [main/DEBUG] [autoreglib/]: Registering to minecraft:item - quark:indigo_corundum
[16Feb2025 03:35:29.371] [main/DEBUG] [autoreglib/]: Registering to minecraft:item - quark:waxed_indigo_corundum
[16Feb2025 03:35:29.371] [main/DEBUG] [autoreglib/]: Registering to minecraft:item - quark:indigo_corundum_pane
[16Feb2025 03:35:29.371] [main/DEBUG] [autoreglib/]: Registering to minecraft:item - quark:indigo_corundum_cluster
[16Feb2025 03:35:29.371] [main/DEBUG] [autoreglib/]: Registering to minecraft:item - quark:violet_corundum
[16Feb2025 03:35:29.371] [main/DEBUG] [autoreglib/]: Registering to minecraft:item - quark:waxed_violet_corundum
[16Feb2025 03:35:29.371] [main/DEBUG] [autoreglib/]: Registering to minecraft:item - quark:violet_corundum_pane
[16Feb2025 03:35:29.371] [main/DEBUG] [autoreglib/]: Registering to minecraft:item - quark:violet_corundum_cluster
[16Feb2025 03:35:29.371] [main/DEBUG] [autoreglib/]: Registering to minecraft:item - quark:white_corundum
[16Feb2025 03:35:29.372] [main/DEBUG] [autoreglib/]: Registering to minecraft:item - quark:waxed_white_corundum
[16Feb2025 03:35:29.372] [main/DEBUG] [autoreglib/]: Registering to minecraft:item - quark:white_corundum_pane
[16Feb2025 03:35:29.372] [main/DEBUG] [autoreglib/]: Registering to minecraft:item - quark:white_corundum_cluster
[16Feb2025 03:35:29.372] [main/DEBUG] [autoreglib/]: Registering to minecraft:item - quark:black_corundum
[16Feb2025 03:35:29.372] [main/DEBUG] [autoreglib/]: Registering to minecraft:item - quark:waxed_black_corundum
[16Feb2025 03:35:29.372] [main/DEBUG] [autoreglib/]: Registering to minecraft:item - quark:black_corundum_pane
[16Feb2025 03:35:29.372] [main/DEBUG] [autoreglib/]: Registering to minecraft:item - quark:black_corundum_cluster
[16Feb2025 03:35:29.372] [main/DEBUG] [autoreglib/]: Registering to minecraft:item - quark:chorus_weeds
[16Feb2025 03:35:29.372] [main/DEBUG] [autoreglib/]: Registering to minecraft:item - quark:chorus_twist
[16Feb2025 03:35:29.372] [main/DEBUG] [autoreglib/]: Registering to minecraft:item - quark:ender_watcher
[16Feb2025 03:35:29.372] [main/DEBUG] [autoreglib/]: Registering to minecraft:item - quark:redstone_randomizer
[16Feb2025 03:35:29.372] [main/DEBUG] [autoreglib/]: Registering to minecraft:item - quark:feeding_trough
[16Feb2025 03:35:29.372] [main/DEBUG] [autoreglib/]: Registering to minecraft:item - quark:iron_button
[16Feb2025 03:35:29.372] [main/DEBUG] [autoreglib/]: Registering to minecraft:item - quark:gold_button
[16Feb2025 03:35:29.372] [main/DEBUG] [autoreglib/]: Registering to minecraft:item - quark:iron_rod
[16Feb2025 03:35:29.372] [main/DEBUG] [autoreglib/]: Registering to minecraft:item - quark:obsidian_pressure_plate
[16Feb2025 03:35:29.372] [main/DEBUG] [autoreglib/]: Registering to minecraft:item - quark:gravisand
[16Feb2025 03:35:29.372] [main/DEBUG] [autoreglib/]: Registering to minecraft:item - quark:chute
[16Feb2025 03:35:29.372] [main/DEBUG] [autoreglib/]: Registering to minecraft:item - quark:dirty_glass
[16Feb2025 03:35:29.372] [main/DEBUG] [autoreglib/]: Registering to minecraft:item - quark:dirty_glass_pane
[16Feb2025 03:35:29.372] [main/DEBUG] [autoreglib/]: Registering to minecraft:item - quark:clear_shard
[16Feb2025 03:35:29.373] [main/DEBUG] [autoreglib/]: Registering to minecraft:item - quark:dirty_shard
[16Feb2025 03:35:29.373] [main/DEBUG] [autoreglib/]: Registering to minecraft:item - quark:white_shard
[16Feb2025 03:35:29.373] [main/DEBUG] [autoreglib/]: Registering to minecraft:item - quark:orange_shard
[16Feb2025 03:35:29.373] [main/DEBUG] [autoreglib/]: Registering to minecraft:item - quark:magenta_shard
[16Feb2025 03:35:29.373] [main/DEBUG] [autoreglib/]: Registering to minecraft:item - quark:light_blue_shard
[16Feb2025 03:35:29.373] [main/DEBUG] [autoreglib/]: Registering to minecraft:item - quark:yellow_shard
[16Feb2025 03:35:29.373] [main/DEBUG] [autoreglib/]: Registering to minecraft:item - quark:lime_shard
[16Feb2025 03:35:29.373] [main/DEBUG] [autoreglib/]: Registering to minecraft:item - quark:pink_shard
[16Feb2025 03:35:29.373] [main/DEBUG] [autoreglib/]: Registering to minecraft:item - quark:gray_shard
[16Feb2025 03:35:29.373] [main/DEBUG] [autoreglib/]: Registering to minecraft:item - quark:light_gray_shard
[16Feb2025 03:35:29.373] [main/DEBUG] [autoreglib/]: Registering to minecraft:item - quark:cyan_shard
[16Feb2025 03:35:29.373] [main/DEBUG] [autoreglib/]: Registering to minecraft:item - quark:purple_shard
[16Feb2025 03:35:29.373] [main/DEBUG] [autoreglib/]: Registering to minecraft:item - quark:blue_shard
[16Feb2025 03:35:29.373] [main/DEBUG] [autoreglib/]: Registering to minecraft:item - quark:brown_shard
[16Feb2025 03:35:29.373] [main/DEBUG] [autoreglib/]: Registering to minecraft:item - quark:green_shard
[16Feb2025 03:35:29.373] [main/DEBUG] [autoreglib/]: Registering to minecraft:item - quark:red_shard
[16Feb2025 03:35:29.373] [main/DEBUG] [autoreglib/]: Registering to minecraft:item - quark:black_shard
[16Feb2025 03:35:29.373] [main/DEBUG] [autoreglib/]: Registering to minecraft:item - quark:dragon_scale
[16Feb2025 03:35:29.373] [main/DEBUG] [autoreglib/]: Registering to minecraft:item - quark:foxhound_spawn_egg
[16Feb2025 03:35:29.373] [main/DEBUG] [autoreglib/]: Registering to minecraft:item - quark:soul_bead
[16Feb2025 03:35:29.373] [main/DEBUG] [autoreglib/]: Registering to minecraft:item - quark:wraith_spawn_egg
[16Feb2025 03:35:29.374] [main/DEBUG] [autoreglib/]: Registering to minecraft:item - quark:crab_leg
[16Feb2025 03:35:29.374] [main/DEBUG] [autoreglib/]: Registering to minecraft:item - quark:cooked_crab_leg
[16Feb2025 03:35:29.374] [main/DEBUG] [autoreglib/]: Registering to minecraft:item - quark:crab_shell
[16Feb2025 03:35:29.374] [main/DEBUG] [autoreglib/]: Registering to minecraft:item - quark:crab_bucket
[16Feb2025 03:35:29.374] [main/DEBUG] [autoreglib/]: Registering to minecraft:item - quark:crab_spawn_egg
[16Feb2025 03:35:29.374] [main/DEBUG] [autoreglib/]: Registering to minecraft:item - quark:forgotten_hat
[16Feb2025 03:35:29.374] [main/DEBUG] [autoreglib/]: Registering to minecraft:item - quark:forgotten_spawn_egg
[16Feb2025 03:35:29.374] [main/DEBUG] [autoreglib/]: Registering to minecraft:item - quark:shiba_spawn_egg
[16Feb2025 03:35:29.374] [main/DEBUG] [autoreglib/]: Registering to minecraft:item - quark:diamond_heart
[16Feb2025 03:35:29.374] [main/DEBUG] [autoreglib/]: Registering to minecraft:item - quark:stoneling_spawn_egg
[16Feb2025 03:35:29.374] [main/DEBUG] [autoreglib/]: Registering to minecraft:item - quark:toretoise_spawn_egg
[16Feb2025 03:35:29.374] [main/DEBUG] [autoreglib/]: Registering to minecraft:item - quark:music_disc_drips
[16Feb2025 03:35:29.374] [main/DEBUG] [autoreglib/]: Registering to minecraft:item - quark:music_disc_ocean
[16Feb2025 03:35:29.374] [main/DEBUG] [autoreglib/]: Registering to minecraft:item - quark:music_disc_rain
[16Feb2025 03:35:29.374] [main/DEBUG] [autoreglib/]: Registering to minecraft:item - quark:music_disc_wind
[16Feb2025 03:35:29.374] [main/DEBUG] [autoreglib/]: Registering to minecraft:item - quark:music_disc_fire
[16Feb2025 03:35:29.374] [main/DEBUG] [autoreglib/]: Registering to minecraft:item - quark:music_disc_clock
[16Feb2025 03:35:29.374] [main/DEBUG] [autoreglib/]: Registering to minecraft:item - quark:music_disc_crickets
[16Feb2025 03:35:29.374] [main/DEBUG] [autoreglib/]: Registering to minecraft:item - quark:music_disc_chatter
[16Feb2025 03:35:29.374] [main/DEBUG] [autoreglib/]: Registering to minecraft:item - quark:pathfinders_quill
[16Feb2025 03:35:29.374] [main/DEBUG] [autoreglib/]: Registering to minecraft:item - quark:white_rune
[16Feb2025 03:35:29.375] [main/DEBUG] [autoreglib/]: Registering to minecraft:item - quark:orange_rune
[16Feb2025 03:35:29.375] [main/DEBUG] [autoreglib/]: Registering to minecraft:item - quark:magenta_rune
[16Feb2025 03:35:29.375] [main/DEBUG] [autoreglib/]: Registering to minecraft:item - quark:light_blue_rune
[16Feb2025 03:35:29.375] [main/DEBUG] [autoreglib/]: Registering to minecraft:item - quark:yellow_rune
[16Feb2025 03:35:29.375] [main/DEBUG] [autoreglib/]: Registering to minecraft:item - quark:lime_rune
[16Feb2025 03:35:29.375] [main/DEBUG] [autoreglib/]: Registering to minecraft:item - quark:pink_rune
[16Feb2025 03:35:29.375] [main/DEBUG] [autoreglib/]: Registering to minecraft:item - quark:gray_rune
[16Feb2025 03:35:29.375] [main/DEBUG] [autoreglib/]: Registering to minecraft:item - quark:light_gray_rune
[16Feb2025 03:35:29.375] [main/DEBUG] [autoreglib/]: Registering to minecraft:item - quark:cyan_rune
[16Feb2025 03:35:29.375] [main/DEBUG] [autoreglib/]: Registering to minecraft:item - quark:purple_rune
[16Feb2025 03:35:29.375] [main/DEBUG] [autoreglib/]: Registering to minecraft:item - quark:blue_rune
[16Feb2025 03:35:29.375] [main/DEBUG] [autoreglib/]: Registering to minecraft:item - quark:brown_rune
[16Feb2025 03:35:29.375] [main/DEBUG] [autoreglib/]: Registering to minecraft:item - quark:green_rune
[16Feb2025 03:35:29.375] [main/DEBUG] [autoreglib/]: Registering to minecraft:item - quark:red_rune
[16Feb2025 03:35:29.375] [main/DEBUG] [autoreglib/]: Registering to minecraft:item - quark:black_rune
[16Feb2025 03:35:29.375] [main/DEBUG] [autoreglib/]: Registering to minecraft:item - quark:rainbow_rune
[16Feb2025 03:35:29.375] [main/DEBUG] [autoreglib/]: Registering to minecraft:item - quark:blank_rune
[16Feb2025 03:35:29.375] [main/DEBUG] [autoreglib/]: Registering to minecraft:item - quark:pickarang
[16Feb2025 03:35:29.375] [main/DEBUG] [autoreglib/]: Registering to minecraft:item - quark:flamerang
[16Feb2025 03:35:29.375] [main/DEBUG] [autoreglib/]: Registering to minecraft:item - quark:echorang
[16Feb2025 03:35:29.375] [main/DEBUG] [autoreglib/]: Registering to minecraft:item - quark:egg_parrot_red_blue
[16Feb2025 03:35:29.376] [main/DEBUG] [autoreglib/]: Registering to minecraft:item - quark:egg_parrot_blue
[16Feb2025 03:35:29.376] [main/DEBUG] [autoreglib/]: Registering to minecraft:item - quark:egg_parrot_green
[16Feb2025 03:35:29.376] [main/DEBUG] [autoreglib/]: Registering to minecraft:item - quark:egg_parrot_yellow_blue
[16Feb2025 03:35:29.376] [main/DEBUG] [autoreglib/]: Registering to minecraft:item - quark:egg_parrot_grey
[16Feb2025 03:35:29.376] [main/DEBUG] [autoreglib/]: Registering to minecraft:item - quark:trowel
[16Feb2025 03:35:29.376] [main/DEBUG] [autoreglib/]: Registering to minecraft:item - quark:abacus
[16Feb2025 03:35:29.376] [main/DEBUG] [autoreglib/]: Registering to minecraft:item - quark:cloud
[16Feb2025 03:35:29.376] [main/DEBUG] [autoreglib/]: Registering to minecraft:item - quark:bottled_cloud
[16Feb2025 03:35:29.376] [main/DEBUG] [autoreglib/]: Registering to minecraft:item - quark:torch_arrow
[16Feb2025 03:35:29.376] [main/DEBUG] [autoreglib/]: Registering to minecraft:item - quark:ancient_tome
[16Feb2025 03:35:29.376] [main/DEBUG] [autoreglib/]: Registering to minecraft:item - quark:music_disc_endermosh
[16Feb2025 03:35:29.376] [main/DEBUG] [autoreglib/]: Registering to minecraft:item - quark:seed_pouch
[16Feb2025 03:35:29.376] [main/DEBUG] [autoreglib/]: Registering to minecraft:item - quark:slime_in_a_bucket
[16Feb2025 03:35:29.376] [main/DEBUG] [autoreglib/]: Registering to minecraft:item - quark:pipe
[16Feb2025 03:35:29.376] [main/DEBUG] [autoreglib/]: Registering to minecraft:item - quark:encased_pipe
[16Feb2025 03:35:29.376] [main/DEBUG] [autoreglib/]: Registering to minecraft:item - quark:backpack
[16Feb2025 03:35:29.376] [main/DEBUG] [autoreglib/]: Registering to minecraft:item - quark:ravager_hide
[16Feb2025 03:35:29.376] [main/DEBUG] [autoreglib/]: Registering to minecraft:item - quark:bonded_ravager_hide
[16Feb2025 03:35:29.377] [main/DEBUG] [autoreglib/]: Registering to minecraft:item - quark:tiny_potato
[16Feb2025 03:35:29.377] [main/DEBUG] [autoreglib/]: Registering to minecraft:item - quark:matrix_enchanter
[16Feb2025 03:35:29.377] [main/DEBUG] [autoreglib/]: Registering to minecraft:item - quark:crate
[16Feb2025 03:35:29.377] [main/DEBUG] [autoreglib/]: Registering to minecraft:item - quark:magnet
[16Feb2025 03:35:29.377] [main/DEBUG] [autoreglib/]: Registering to minecraft:item - quark:magnetized_block
[16Feb2025 03:35:29.377] [main/DEBUG] [autoreglib/]: Registering to minecraft:item - quark:bamboo_chest
[16Feb2025 03:35:29.377] [main/DEBUG] [autoreglib/]: Registering to minecraft:item - quark:oak_chest
[16Feb2025 03:35:29.377] [main/DEBUG] [autoreglib/]: Registering to minecraft:item - quark:spruce_chest
[16Feb2025 03:35:29.377] [main/DEBUG] [autoreglib/]: Registering to minecraft:item - quark:birch_chest
[16Feb2025 03:35:29.377] [main/DEBUG] [autoreglib/]: Registering to minecraft:item - quark:jungle_chest
[16Feb2025 03:35:29.377] [main/DEBUG] [autoreglib/]: Registering to minecraft:item - quark:acacia_chest
[16Feb2025 03:35:29.377] [main/DEBUG] [autoreglib/]: Registering to minecraft:item - quark:dark_oak_chest
[16Feb2025 03:35:29.377] [main/DEBUG] [autoreglib/]: Registering to minecraft:item - quark:crimson_chest
[16Feb2025 03:35:29.377] [main/DEBUG] [autoreglib/]: Registering to minecraft:item - quark:warped_chest
[16Feb2025 03:35:29.377] [main/DEBUG] [autoreglib/]: Registering to minecraft:item - quark:mangrove_chest
[16Feb2025 03:35:29.377] [main/DEBUG] [autoreglib/]: Registering to minecraft:item - quark:nether_brick_chest
[16Feb2025 03:35:29.377] [main/DEBUG] [autoreglib/]: Registering to minecraft:item - quark:purpur_chest
[16Feb2025 03:35:29.378] [main/DEBUG] [autoreglib/]: Registering to minecraft:item - quark:prismarine_chest
[16Feb2025 03:35:29.378] [main/DEBUG] [autoreglib/]: Registering to minecraft:item - quark:ancient_chest
[16Feb2025 03:35:29.378] [main/DEBUG] [autoreglib/]: Registering to minecraft:item - quark:blossom_chest
[16Feb2025 03:35:29.378] [main/DEBUG] [autoreglib/]: Registering to minecraft:item - quark:azalea_chest
[16Feb2025 03:35:29.378] [main/DEBUG] [autoreglib/]: Registering to minecraft:item - quark:bamboo_trapped_chest
[16Feb2025 03:35:29.378] [main/DEBUG] [autoreglib/]: Registering to minecraft:item - quark:oak_trapped_chest
[16Feb2025 03:35:29.378] [main/DEBUG] [autoreglib/]: Registering to minecraft:item - quark:spruce_trapped_chest
[16Feb2025 03:35:29.378] [main/DEBUG] [autoreglib/]: Registering to minecraft:item - quark:birch_trapped_chest
[16Feb2025 03:35:29.378] [main/DEBUG] [autoreglib/]: Registering to minecraft:item - quark:jungle_trapped_chest
[16Feb2025 03:35:29.378] [main/DEBUG] [autoreglib/]: Registering to minecraft:item - quark:acacia_trapped_chest
[16Feb2025 03:35:29.378] [main/DEBUG] [autoreglib/]: Registering to minecraft:item - quark:dark_oak_trapped_chest
[16Feb2025 03:35:29.378] [main/DEBUG] [autoreglib/]: Registering to minecraft:item - quark:crimson_trapped_chest
[16Feb2025 03:35:29.378] [main/DEBUG] [autoreglib/]: Registering to minecraft:item - quark:warped_trapped_chest
[16Feb2025 03:35:29.378] [main/DEBUG] [autoreglib/]: Registering to minecraft:item - quark:mangrove_trapped_chest
[16Feb2025 03:35:29.378] [main/DEBUG] [autoreglib/]: Registering to minecraft:item - quark:nether_brick_trapped_chest
[16Feb2025 03:35:29.378] [main/DEBUG] [autoreglib/]: Registering to minecraft:item - quark:purpur_trapped_chest
[16Feb2025 03:35:29.378] [main/DEBUG] [autoreglib/]: Registering to minecraft:item - quark:prismarine_trapped_chest
[16Feb2025 03:35:29.378] [main/DEBUG] [autoreglib/]: Registering to minecraft:item - quark:ancient_trapped_chest
[16Feb2025 03:35:29.378] [main/DEBUG] [autoreglib/]: Registering to minecraft:item - quark:blossom_trapped_chest
[16Feb2025 03:35:29.378] [main/DEBUG] [autoreglib/]: Registering to minecraft:item - quark:azalea_trapped_chest
[16Feb2025 03:35:29.379] [main/DEBUG] [autoreglib/]: Registering to minecraft:item - quark:red_blossom_leaf_carpet
[16Feb2025 03:35:29.379] [main/DEBUG] [autoreglib/]: Registering to minecraft:item - quark:pink_blossom_leaf_carpet
[16Feb2025 03:35:29.379] [main/DEBUG] [autoreglib/]: Registering to minecraft:item - quark:blue_blossom_leaf_carpet
[16Feb2025 03:35:29.379] [main/DEBUG] [autoreglib/]: Registering to minecraft:item - quark:orange_blossom_leaf_carpet
[16Feb2025 03:35:29.379] [main/DEBUG] [autoreglib/]: Registering to minecraft:item - quark:yellow_blossom_leaf_carpet
[16Feb2025 03:35:29.379] [main/DEBUG] [autoreglib/]: Registering to minecraft:item - quark:lavender_blossom_leaf_carpet
[16Feb2025 03:35:29.379] [main/DEBUG] [autoreglib/]: Registering to minecraft:item - quark:ancient_leaf_carpet
[16Feb2025 03:35:29.379] [main/DEBUG] [autoreglib/]: Registering to minecraft:item - quark:red_blossom_hedge
[16Feb2025 03:35:29.379] [main/DEBUG] [autoreglib/]: Registering to minecraft:item - quark:pink_blossom_hedge
[16Feb2025 03:35:29.379] [main/DEBUG] [autoreglib/]: Registering to minecraft:item - quark:blue_blossom_hedge
[16Feb2025 03:35:29.379] [main/DEBUG] [autoreglib/]: Registering to minecraft:item - quark:orange_blossom_hedge
[16Feb2025 03:35:29.379] [main/DEBUG] [autoreglib/]: Registering to minecraft:item - quark:yellow_blossom_hedge
[16Feb2025 03:35:29.379] [main/DEBUG] [autoreglib/]: Registering to minecraft:item - quark:lavender_blossom_hedge
[16Feb2025 03:35:29.379] [main/DEBUG] [autoreglib/]: Registering to minecraft:item - quark:ancient_hedge
[16Feb2025 03:35:29.379] [main/DEBUG] [autoreglib/]: Registering to minecraft:item - quark:acacia_vertical_slab
[16Feb2025 03:35:29.379] [main/DEBUG] [autoreglib/]: Registering to minecraft:item - quark:andesite_vertical_slab
[16Feb2025 03:35:29.379] [main/DEBUG] [autoreglib/]: Registering to minecraft:item - quark:birch_vertical_slab
[16Feb2025 03:35:29.379] [main/DEBUG] [autoreglib/]: Registering to minecraft:item - quark:brick_vertical_slab
[16Feb2025 03:35:29.379] [main/DEBUG] [autoreglib/]: Registering to minecraft:item - quark:cobblestone_vertical_slab
[16Feb2025 03:35:29.379] [main/DEBUG] [autoreglib/]: Registering to minecraft:item - quark:cut_red_sandstone_vertical_slab
[16Feb2025 03:35:29.380] [main/DEBUG] [autoreglib/]: Registering to minecraft:item - quark:cut_sandstone_vertical_slab
[16Feb2025 03:35:29.380] [main/DEBUG] [autoreglib/]: Registering to minecraft:item - quark:dark_oak_vertical_slab
[16Feb2025 03:35:29.380] [main/DEBUG] [autoreglib/]: Registering to minecraft:item - quark:dark_prismarine_vertical_slab
[16Feb2025 03:35:29.380] [main/DEBUG] [autoreglib/]: Registering to minecraft:item - quark:diorite_vertical_slab
[16Feb2025 03:35:29.380] [main/DEBUG] [autoreglib/]: Registering to minecraft:item - quark:end_stone_brick_vertical_slab
[16Feb2025 03:35:29.380] [main/DEBUG] [autoreglib/]: Registering to minecraft:item - quark:granite_vertical_slab
[16Feb2025 03:35:29.380] [main/DEBUG] [autoreglib/]: Registering to minecraft:item - quark:jungle_vertical_slab
[16Feb2025 03:35:29.380] [main/DEBUG] [autoreglib/]: Registering to minecraft:item - quark:mossy_cobblestone_vertical_slab
[16Feb2025 03:35:29.380] [main/DEBUG] [autoreglib/]: Registering to minecraft:item - quark:mossy_stone_brick_vertical_slab
[16Feb2025 03:35:29.380] [main/DEBUG] [autoreglib/]: Registering to minecraft:item - quark:nether_brick_vertical_slab
[16Feb2025 03:35:29.380] [main/DEBUG] [autoreglib/]: Registering to minecraft:item - quark:oak_vertical_slab
[16Feb2025 03:35:29.380] [main/DEBUG] [autoreglib/]: Registering to minecraft:item - quark:polished_andesite_vertical_slab
[16Feb2025 03:35:29.380] [main/DEBUG] [autoreglib/]: Registering to minecraft:item - quark:polished_diorite_vertical_slab
[16Feb2025 03:35:29.380] [main/DEBUG] [autoreglib/]: Registering to minecraft:item - quark:polished_granite_vertical_slab
[16Feb2025 03:35:29.380] [main/DEBUG] [autoreglib/]: Registering to minecraft:item - quark:prismarine_vertical_slab
[16Feb2025 03:35:29.380] [main/DEBUG] [autoreglib/]: Registering to minecraft:item - quark:prismarine_brick_vertical_slab
[16Feb2025 03:35:29.380] [main/DEBUG] [autoreglib/]: Registering to minecraft:item - quark:purpur_vertical_slab
[16Feb2025 03:35:29.380] [main/DEBUG] [autoreglib/]: Registering to minecraft:item - quark:quartz_vertical_slab
[16Feb2025 03:35:29.380] [main/DEBUG] [autoreglib/]: Registering to minecraft:item - quark:red_nether_brick_vertical_slab
[16Feb2025 03:35:29.380] [main/DEBUG] [autoreglib/]: Registering to minecraft:item - quark:red_sandstone_vertical_slab
[16Feb2025 03:35:29.380] [main/DEBUG] [autoreglib/]: Registering to minecraft:item - quark:sandstone_vertical_slab
[16Feb2025 03:35:29.381] [main/DEBUG] [autoreglib/]: Registering to minecraft:item - quark:smooth_quartz_vertical_slab
[16Feb2025 03:35:29.381] [main/DEBUG] [autoreglib/]: Registering to minecraft:item - quark:smooth_red_sandstone_vertical_slab
[16Feb2025 03:35:29.381] [main/DEBUG] [autoreglib/]: Registering to minecraft:item - quark:smooth_sandstone_vertical_slab
[16Feb2025 03:35:29.381] [main/DEBUG] [autoreglib/]: Registering to minecraft:item - quark:smooth_stone_vertical_slab
[16Feb2025 03:35:29.381] [main/DEBUG] [autoreglib/]: Registering to minecraft:item - quark:spruce_vertical_slab
[16Feb2025 03:35:29.381] [main/DEBUG] [autoreglib/]: Registering to minecraft:item - quark:stone_vertical_slab
[16Feb2025 03:35:29.381] [main/DEBUG] [autoreglib/]: Registering to minecraft:item - quark:stone_brick_vertical_slab
[16Feb2025 03:35:29.381] [main/DEBUG] [autoreglib/]: Registering to minecraft:item - quark:blackstone_vertical_slab
[16Feb2025 03:35:29.381] [main/DEBUG] [autoreglib/]: Registering to minecraft:item - quark:polished_blackstone_vertical_slab
[16Feb2025 03:35:29.381] [main/DEBUG] [autoreglib/]: Registering to minecraft:item - quark:polished_blackstone_brick_vertical_slab
[16Feb2025 03:35:29.381] [main/DEBUG] [autoreglib/]: Registering to minecraft:item - quark:crimson_vertical_slab
[16Feb2025 03:35:29.381] [main/DEBUG] [autoreglib/]: Registering to minecraft:item - quark:warped_vertical_slab
[16Feb2025 03:35:29.381] [main/DEBUG] [autoreglib/]: Registering to minecraft:item - quark:cobbled_deepslate_vertical_slab
[16Feb2025 03:35:29.381] [main/DEBUG] [autoreglib/]: Registering to minecraft:item - quark:polished_deepslate_vertical_slab
[16Feb2025 03:35:29.381] [main/DEBUG] [autoreglib/]: Registering to minecraft:item - quark:deepslate_brick_vertical_slab
[16Feb2025 03:35:29.381] [main/DEBUG] [autoreglib/]: Registering to minecraft:item - quark:deepslate_tile_vertical_slab
[16Feb2025 03:35:29.381] [main/DEBUG] [autoreglib/]: Registering to minecraft:item - quark:mangrove_vertical_slab
[16Feb2025 03:35:29.381] [main/DEBUG] [autoreglib/]: Registering to minecraft:item - quark:mud_brick_vertical_slab
[16Feb2025 03:35:29.381] [main/DEBUG] [autoreglib/]: Registering to minecraft:item - quark:cut_copper_vertical_slab
[16Feb2025 03:35:29.382] [main/DEBUG] [autoreglib/]: Registering to minecraft:item - quark:waxed_cut_copper_vertical_slab
[16Feb2025 03:35:29.382] [main/DEBUG] [autoreglib/]: Registering to minecraft:item - quark:exposed_cut_copper_vertical_slab
[16Feb2025 03:35:29.382] [main/DEBUG] [autoreglib/]: Registering to minecraft:item - quark:waxed_exposed_cut_copper_vertical_slab
[16Feb2025 03:35:29.382] [main/DEBUG] [autoreglib/]: Registering to minecraft:item - quark:weathered_cut_copper_vertical_slab
[16Feb2025 03:35:29.382] [main/DEBUG] [autoreglib/]: Registering to minecraft:item - quark:waxed_weathered_cut_copper_vertical_slab
[16Feb2025 03:35:29.382] [main/DEBUG] [autoreglib/]: Registering to minecraft:item - quark:oxidized_cut_copper_vertical_slab
[16Feb2025 03:35:29.382] [main/DEBUG] [autoreglib/]: Registering to minecraft:item - quark:waxed_oxidized_cut_copper_vertical_slab
[16Feb2025 03:35:29.382] [main/DEBUG] [autoreglib/]: Registering to minecraft:item - quark:bamboo_planks_vertical_slab
[16Feb2025 03:35:29.382] [main/DEBUG] [autoreglib/]: Registering to minecraft:item - quark:duskbound_block_vertical_slab
[16Feb2025 03:35:29.382] [main/DEBUG] [autoreglib/]: Registering to minecraft:item - quark:thatch_vertical_slab
[16Feb2025 03:35:29.382] [main/DEBUG] [autoreglib/]: Registering to minecraft:item - quark:calcite_vertical_slab
[16Feb2025 03:35:29.382] [main/DEBUG] [autoreglib/]: Registering to minecraft:item - quark:polished_calcite_vertical_slab
[16Feb2025 03:35:29.382] [main/DEBUG] [autoreglib/]: Registering to minecraft:item - quark:dripstone_block_vertical_slab
[16Feb2025 03:35:29.382] [main/DEBUG] [autoreglib/]: Registering to minecraft:item - quark:polished_dripstone_vertical_slab
[16Feb2025 03:35:29.382] [main/DEBUG] [autoreglib/]: Registering to minecraft:item - quark:tuff_vertical_slab
[16Feb2025 03:35:29.382] [main/DEBUG] [autoreglib/]: Registering to minecraft:item - quark:polished_tuff_vertical_slab
[16Feb2025 03:35:29.383] [main/DEBUG] [autoreglib/]: Registering to minecraft:item - quark:granite_bricks_vertical_slab
[16Feb2025 03:35:29.383] [main/DEBUG] [autoreglib/]: Registering to minecraft:item - quark:diorite_bricks_vertical_slab
[16Feb2025 03:35:29.383] [main/DEBUG] [autoreglib/]: Registering to minecraft:item - quark:andesite_bricks_vertical_slab
[16Feb2025 03:35:29.383] [main/DEBUG] [autoreglib/]: Registering to minecraft:item - quark:calcite_bricks_vertical_slab
[16Feb2025 03:35:29.383] [main/DEBUG] [autoreglib/]: Registering to minecraft:item - quark:dripstone_bricks_vertical_slab
[16Feb2025 03:35:29.383] [main/DEBUG] [autoreglib/]: Registering to minecraft:item - quark:tuff_bricks_vertical_slab
[16Feb2025 03:35:29.383] [main/DEBUG] [autoreglib/]: Registering to minecraft:item - quark:limestone_bricks_vertical_slab
[16Feb2025 03:35:29.383] [main/DEBUG] [autoreglib/]: Registering to minecraft:item - quark:jasper_bricks_vertical_slab
[16Feb2025 03:35:29.383] [main/DEBUG] [autoreglib/]: Registering to minecraft:item - quark:shale_bricks_vertical_slab
[16Feb2025 03:35:29.383] [main/DEBUG] [autoreglib/]: Registering to minecraft:item - quark:myalite_bricks_vertical_slab
[16Feb2025 03:35:29.383] [main/DEBUG] [autoreglib/]: Registering to minecraft:item - quark:soul_sandstone_vertical_slab
[16Feb2025 03:35:29.383] [main/DEBUG] [autoreglib/]: Registering to minecraft:item - quark:cut_soul_sandstone_vertical_slab
[16Feb2025 03:35:29.383] [main/DEBUG] [autoreglib/]: Registering to minecraft:item - quark:smooth_soul_sandstone_vertical_slab
[16Feb2025 03:35:29.383] [main/DEBUG] [autoreglib/]: Registering to minecraft:item - quark:midori_block_vertical_slab
[16Feb2025 03:35:29.383] [main/DEBUG] [autoreglib/]: Registering to minecraft:item - quark:shingles_vertical_slab
[16Feb2025 03:35:29.383] [main/DEBUG] [autoreglib/]: Registering to minecraft:item - quark:white_shingles_vertical_slab
[16Feb2025 03:35:29.383] [main/DEBUG] [autoreglib/]: Registering to minecraft:item - quark:orange_shingles_vertical_slab
[16Feb2025 03:35:29.384] [main/DEBUG] [autoreglib/]: Registering to minecraft:item - quark:magenta_shingles_vertical_slab
[16Feb2025 03:35:29.384] [main/DEBUG] [autoreglib/]: Registering to minecraft:item - quark:light_blue_shingles_vertical_slab
[16Feb2025 03:35:29.384] [main/DEBUG] [autoreglib/]: Registering to minecraft:item - quark:yellow_shingles_vertical_slab
[16Feb2025 03:35:29.384] [main/DEBUG] [autoreglib/]: Registering to minecraft:item - quark:lime_shingles_vertical_slab
[16Feb2025 03:35:29.384] [main/DEBUG] [autoreglib/]: Registering to minecraft:item - quark:pink_shingles_vertical_slab
[16Feb2025 03:35:29.384] [main/DEBUG] [autoreglib/]: Registering to minecraft:item - quark:gray_shingles_vertical_slab
[16Feb2025 03:35:29.384] [main/DEBUG] [autoreglib/]: Registering to minecraft:item - quark:light_gray_shingles_vertical_slab
[16Feb2025 03:35:29.384] [main/DEBUG] [autoreglib/]: Registering to minecraft:item - quark:cyan_shingles_vertical_slab
[16Feb2025 03:35:29.384] [main/DEBUG] [autoreglib/]: Registering to minecraft:item - quark:purple_shingles_vertical_slab
[16Feb2025 03:35:29.384] [main/DEBUG] [autoreglib/]: Registering to minecraft:item - quark:blue_shingles_vertical_slab
[16Feb2025 03:35:29.384] [main/DEBUG] [autoreglib/]: Registering to minecraft:item - quark:brown_shingles_vertical_slab
[16Feb2025 03:35:29.384] [main/DEBUG] [autoreglib/]: Registering to minecraft:item - quark:green_shingles_vertical_slab
[16Feb2025 03:35:29.384] [main/DEBUG] [autoreglib/]: Registering to minecraft:item - quark:red_shingles_vertical_slab
[16Feb2025 03:35:29.384] [main/DEBUG] [autoreglib/]: Registering to minecraft:item - quark:black_shingles_vertical_slab
[16Feb2025 03:35:29.384] [main/DEBUG] [autoreglib/]: Registering to minecraft:item - quark:raw_iron_bricks_vertical_slab
[16Feb2025 03:35:29.384] [main/DEBUG] [autoreglib/]: Registering to minecraft:item - quark:raw_gold_bricks_vertical_slab
[16Feb2025 03:35:29.384] [main/DEBUG] [autoreglib/]: Registering to minecraft:item - quark:raw_copper_bricks_vertical_slab
[16Feb2025 03:35:29.384] [main/DEBUG] [autoreglib/]: Registering to minecraft:item - quark:blue_nether_bricks_vertical_slab
[16Feb2025 03:35:29.384] [main/DEBUG] [autoreglib/]: Registering to minecraft:item - quark:sandstone_bricks_vertical_slab
[16Feb2025 03:35:29.384] [main/DEBUG] [autoreglib/]: Registering to minecraft:item - quark:red_sandstone_bricks_vertical_slab
[16Feb2025 03:35:29.384] [main/DEBUG] [autoreglib/]: Registering to minecraft:item - quark:soul_sandstone_bricks_vertical_slab
[16Feb2025 03:35:29.385] [main/DEBUG] [autoreglib/]: Registering to minecraft:item - quark:cobblestone_bricks_vertical_slab
[16Feb2025 03:35:29.385] [main/DEBUG] [autoreglib/]: Registering to minecraft:item - quark:mossy_cobblestone_bricks_vertical_slab
[16Feb2025 03:35:29.385] [main/DEBUG] [autoreglib/]: Registering to minecraft:item - quark:blackstone_bricks_vertical_slab
[16Feb2025 03:35:29.385] [main/DEBUG] [autoreglib/]: Registering to minecraft:item - quark:dirt_bricks_vertical_slab
[16Feb2025 03:35:29.385] [main/DEBUG] [autoreglib/]: Registering to minecraft:item - quark:netherrack_bricks_vertical_slab
[16Feb2025 03:35:29.385] [main/DEBUG] [autoreglib/]: Registering to minecraft:item - quark:iron_plate_vertical_slab
[16Feb2025 03:35:29.385] [main/DEBUG] [autoreglib/]: Registering to minecraft:item - quark:rusty_iron_plate_vertical_slab
[16Feb2025 03:35:29.385] [main/DEBUG] [autoreglib/]: Registering to minecraft:item - quark:permafrost_vertical_slab
[16Feb2025 03:35:29.385] [main/DEBUG] [autoreglib/]: Registering to minecraft:item - quark:permafrost_bricks_vertical_slab
[16Feb2025 03:35:29.385] [main/DEBUG] [autoreglib/]: Registering to minecraft:item - quark:ancient_planks_vertical_slab
[16Feb2025 03:35:29.385] [main/DEBUG] [autoreglib/]: Registering to minecraft:item - quark:limestone_vertical_slab
[16Feb2025 03:35:29.385] [main/DEBUG] [autoreglib/]: Registering to minecraft:item - quark:polished_limestone_vertical_slab
[16Feb2025 03:35:29.385] [main/DEBUG] [autoreglib/]: Registering to minecraft:item - quark:jasper_vertical_slab
[16Feb2025 03:35:29.385] [main/DEBUG] [autoreglib/]: Registering to minecraft:item - quark:polished_jasper_vertical_slab
[16Feb2025 03:35:29.385] [main/DEBUG] [autoreglib/]: Registering to minecraft:item - quark:shale_vertical_slab
[16Feb2025 03:35:29.385] [main/DEBUG] [autoreglib/]: Registering to minecraft:item - quark:polished_shale_vertical_slab
[16Feb2025 03:35:29.385] [main/DEBUG] [autoreglib/]: Registering to minecraft:item - quark:myalite_vertical_slab
[16Feb2025 03:35:29.385] [main/DEBUG] [autoreglib/]: Registering to minecraft:item - quark:polished_myalite_vertical_slab
[16Feb2025 03:35:29.385] [main/DEBUG] [autoreglib/]: Registering to minecraft:item - quark:blossom_planks_vertical_slab
[16Feb2025 03:35:29.386] [main/DEBUG] [autoreglib/]: Registering to minecraft:item - quark:azalea_planks_vertical_slab
[16Feb2025 03:35:29.404] [main/DEBUG] [autoreglib/]: Registering to minecraft:potion - quark:resilience
[16Feb2025 03:35:29.404] [main/DEBUG] [autoreglib/]: Registering to minecraft:potion - quark:long_resilience
[16Feb2025 03:35:29.404] [main/DEBUG] [autoreglib/]: Registering to minecraft:potion - quark:strong_resilience
[16Feb2025 03:35:29.446] [main/DEBUG] [autoreglib/]: Registering to minecraft:block_entity_type - quark:variant_furnace
[16Feb2025 03:35:29.446] [main/DEBUG] [autoreglib/]: Registering to minecraft:block_entity_type - quark:monster_box
[16Feb2025 03:35:29.446] [main/DEBUG] [autoreglib/]: Registering to minecraft:block_entity_type - quark:ender_watcher
[16Feb2025 03:35:29.446] [main/DEBUG] [autoreglib/]: Registering to minecraft:block_entity_type - quark:feeding_trough
[16Feb2025 03:35:29.446] [main/DEBUG] [autoreglib/]: Registering to minecraft:block_entity_type - quark:chute
[16Feb2025 03:35:29.446] [main/DEBUG] [autoreglib/]: Registering to minecraft:block_entity_type - quark:cloud
[16Feb2025 03:35:29.446] [main/DEBUG] [autoreglib/]: Registering to minecraft:block_entity_type - quark:pipe
[16Feb2025 03:35:29.446] [main/DEBUG] [autoreglib/]: Registering to minecraft:block_entity_type - quark:tiny_potato
[16Feb2025 03:35:29.446] [main/DEBUG] [autoreglib/]: Registering to minecraft:block_entity_type - quark:matrix_enchanting
[16Feb2025 03:35:29.446] [main/DEBUG] [autoreglib/]: Registering to minecraft:block_entity_type - quark:crate
[16Feb2025 03:35:29.446] [main/DEBUG] [autoreglib/]: Registering to minecraft:block_entity_type - quark:magnet
[16Feb2025 03:35:29.446] [main/DEBUG] [autoreglib/]: Registering to minecraft:block_entity_type - quark:magnetized_block
[16Feb2025 03:35:29.446] [main/DEBUG] [autoreglib/]: Registering to minecraft:block_entity_type - quark:variant_chest
[16Feb2025 03:35:29.446] [main/DEBUG] [autoreglib/]: Registering to minecraft:block_entity_type - quark:variant_trapped_chest
[16Feb2025 03:35:29.469] [main/DEBUG] [autoreglib/]: Registering to minecraft:menu - quark:held_shulker_box
[16Feb2025 03:35:29.469] [main/DEBUG] [autoreglib/]: Registering to minecraft:menu - quark:backpack
[16Feb2025 03:35:29.469] [main/DEBUG] [autoreglib/]: Registering to minecraft:menu - quark:matrix_enchanting
[16Feb2025 03:35:29.469] [main/DEBUG] [autoreglib/]: Registering to minecraft:menu - quark:crate
[16Feb2025 03:35:29.802] [main/DEBUG] [autoreglib/]: Registering to minecraft:point_of_interest_type - quark:feeding_trough
[16Feb2025 03:35:29.914] [main/DEBUG] [mixin/]: Mixing ai.raid.RaidMixin from canary.mixins.json into net.minecraft.world.entity.raid.Raid
[16Feb2025 03:35:30.000] [main/DEBUG] [net.minecraftforge.fml.config.ConfigTracker/CONFIG]: Loading configs type COMMON
[16Feb2025 03:35:30.001] [main/DEBUG] [net.minecraftforge.fml.config.ConfigFileTypeHandler/CONFIG]: Built TOML config for /workspaces/trabajopractico/servidor_minecraft/config/treechop-common.toml
[16Feb2025 03:35:30.002] [main/DEBUG] [net.minecraftforge.fml.config.ConfigFileTypeHandler/CONFIG]: Loaded TOML config file /workspaces/trabajopractico/servidor_minecraft/config/treechop-common.toml
[16Feb2025 03:35:30.003] [main/DEBUG] [net.minecraftforge.fml.config.ConfigFileTypeHandler/CONFIG]: Watching TOML config file /workspaces/trabajopractico/servidor_minecraft/config/treechop-common.toml for changes
[16Feb2025 03:35:30.005] [main/DEBUG] [net.minecraftforge.fml.config.ConfigFileTypeHandler/CONFIG]: Built TOML config for /workspaces/trabajopractico/servidor_minecraft/config/tconstruct-common.toml
[16Feb2025 03:35:30.005] [Thread-0/DEBUG] [net.minecraftforge.fml.config.ConfigFileTypeHandler/CONFIG]: Config file treechop-common.toml changed, sending notifies
[16Feb2025 03:35:30.006] [main/DEBUG] [net.minecraftforge.fml.config.ConfigFileTypeHandler/CONFIG]: Loaded TOML config file /workspaces/trabajopractico/servidor_minecraft/config/tconstruct-common.toml
[16Feb2025 03:35:30.006] [main/DEBUG] [net.minecraftforge.fml.config.ConfigFileTypeHandler/CONFIG]: Watching TOML config file /workspaces/trabajopractico/servidor_minecraft/config/tconstruct-common.toml for changes
[16Feb2025 03:35:30.007] [Thread-0/DEBUG] [net.minecraftforge.fml.config.ConfigFileTypeHandler/CONFIG]: Config file tconstruct-common.toml changed, sending notifies
[16Feb2025 03:35:30.007] [main/DEBUG] [net.minecraftforge.fml.config.ConfigFileTypeHandler/CONFIG]: Built TOML config for /workspaces/trabajopractico/servidor_minecraft/config/spartanshields-common.toml
[16Feb2025 03:35:30.008] [main/DEBUG] [net.minecraftforge.fml.config.ConfigFileTypeHandler/CONFIG]: Loaded TOML config file /workspaces/trabajopractico/servidor_minecraft/config/spartanshields-common.toml
[16Feb2025 03:35:30.008] [main/DEBUG] [net.minecraftforge.fml.config.ConfigFileTypeHandler/CONFIG]: Watching TOML config file /workspaces/trabajopractico/servidor_minecraft/config/spartanshields-common.toml for changes
[16Feb2025 03:35:30.009] [Thread-0/DEBUG] [net.minecraftforge.fml.config.ConfigFileTypeHandler/CONFIG]: Config file tconstruct-common.toml changed, sending notifies
[16Feb2025 03:35:30.009] [main/INFO] [Spartan Shields/]: Loading config spartanshields-common.toml
[16Feb2025 03:35:30.009] [main/DEBUG] [Spartan Shields/]: Reloading durability values for Shields!
[16Feb2025 03:35:30.010] [Thread-0/DEBUG] [net.minecraftforge.fml.config.ConfigFileTypeHandler/CONFIG]: Config file spartanshields-common.toml changed, sending notifies
[16Feb2025 03:35:30.010] [main/DEBUG] [net.minecraftforge.fml.config.ConfigFileTypeHandler/CONFIG]: Built TOML config for /workspaces/trabajopractico/servidor_minecraft/config/croptopia-common.toml
[16Feb2025 03:35:30.010] [Thread-0/INFO] [Spartan Shields/]: Loading config spartanshields-common.toml
[16Feb2025 03:35:30.011] [Thread-0/DEBUG] [Spartan Shields/]: Reloading durability values for Shields!
[16Feb2025 03:35:30.011] [main/DEBUG] [net.minecraftforge.fml.config.ConfigFileTypeHandler/CONFIG]: Loaded TOML config file /workspaces/trabajopractico/servidor_minecraft/config/croptopia-common.toml
[16Feb2025 03:35:30.011] [main/DEBUG] [net.minecraftforge.fml.config.ConfigFileTypeHandler/CONFIG]: Watching TOML config file /workspaces/trabajopractico/servidor_minecraft/config/croptopia-common.toml for changes
[16Feb2025 03:35:30.013] [Thread-0/DEBUG] [net.minecraftforge.fml.config.ConfigFileTypeHandler/CONFIG]: Config file spartanshields-common.toml changed, sending notifies
[16Feb2025 03:35:30.013] [main/DEBUG] [net.minecraftforge.fml.config.ConfigFileTypeHandler/CONFIG]: Built TOML config for /workspaces/trabajopractico/servidor_minecraft/config/citadel-common.toml
[16Feb2025 03:35:30.013] [main/DEBUG] [net.minecraftforge.fml.config.ConfigFileTypeHandler/CONFIG]: Loaded TOML config file /workspaces/trabajopractico/servidor_minecraft/config/citadel-common.toml
[16Feb2025 03:35:30.013] [main/DEBUG] [net.minecraftforge.fml.config.ConfigFileTypeHandler/CONFIG]: Watching TOML config file /workspaces/trabajopractico/servidor_minecraft/config/citadel-common.toml for changes
[16Feb2025 03:35:30.013] [Thread-0/INFO] [Spartan Shields/]: Loading config spartanshields-common.toml
[16Feb2025 03:35:30.014] [main/DEBUG] [net.minecraftforge.fml.config.ConfigFileTypeHandler/CONFIG]: Built TOML config for /workspaces/trabajopractico/servidor_minecraft/config/travelersbackpack-common.toml
[16Feb2025 03:35:30.014] [Thread-0/DEBUG] [Spartan Shields/]: Reloading durability values for Shields!
[16Feb2025 03:35:30.015] [main/DEBUG] [net.minecraftforge.fml.config.ConfigFileTypeHandler/CONFIG]: Loaded TOML config file /workspaces/trabajopractico/servidor_minecraft/config/travelersbackpack-common.toml
[16Feb2025 03:35:30.015] [main/DEBUG] [net.minecraftforge.fml.config.ConfigFileTypeHandler/CONFIG]: Watching TOML config file /workspaces/trabajopractico/servidor_minecraft/config/travelersbackpack-common.toml for changes
[16Feb2025 03:35:30.017] [main/DEBUG] [net.minecraftforge.fml.config.ConfigFileTypeHandler/CONFIG]: Built TOML config for /workspaces/trabajopractico/servidor_minecraft/config/artifacts-common.toml
[16Feb2025 03:35:30.017] [Thread-0/DEBUG] [net.minecraftforge.fml.config.ConfigFileTypeHandler/CONFIG]: Config file travelersbackpack-common.toml changed, sending notifies
[16Feb2025 03:35:30.017] [main/DEBUG] [net.minecraftforge.fml.config.ConfigFileTypeHandler/CONFIG]: Loaded TOML config file /workspaces/trabajopractico/servidor_minecraft/config/artifacts-common.toml
[16Feb2025 03:35:30.018] [main/DEBUG] [net.minecraftforge.fml.config.ConfigFileTypeHandler/CONFIG]: Watching TOML config file /workspaces/trabajopractico/servidor_minecraft/config/artifacts-common.toml for changes
[16Feb2025 03:35:30.018] [main/DEBUG] [net.minecraftforge.fml.config.ConfigFileTypeHandler/CONFIG]: Built TOML config for /workspaces/trabajopractico/servidor_minecraft/config/alexsmobs.toml
[16Feb2025 03:35:30.019] [Thread-0/DEBUG] [net.minecraftforge.fml.config.ConfigFileTypeHandler/CONFIG]: Config file travelersbackpack-common.toml changed, sending notifies
[16Feb2025 03:35:30.021] [main/DEBUG] [net.minecraftforge.fml.config.ConfigFileTypeHandler/CONFIG]: Loaded TOML config file /workspaces/trabajopractico/servidor_minecraft/config/alexsmobs.toml
[16Feb2025 03:35:30.021] [main/DEBUG] [net.minecraftforge.fml.config.ConfigFileTypeHandler/CONFIG]: Watching TOML config file /workspaces/trabajopractico/servidor_minecraft/config/alexsmobs.toml for changes
[16Feb2025 03:35:30.066] [Thread-0/DEBUG] [net.minecraftforge.fml.config.ConfigFileTypeHandler/CONFIG]: Config file alexsmobs.toml changed, sending notifies
[16Feb2025 03:35:30.066] [main/DEBUG] [net.minecraftforge.fml.config.ConfigFileTypeHandler/CONFIG]: Built TOML config for /workspaces/trabajopractico/servidor_minecraft/config/iceandfire-common.toml
[16Feb2025 03:35:30.068] [main/DEBUG] [net.minecraftforge.fml.config.ConfigFileTypeHandler/CONFIG]: Loaded TOML config file /workspaces/trabajopractico/servidor_minecraft/config/iceandfire-common.toml
[16Feb2025 03:35:30.068] [main/DEBUG] [net.minecraftforge.fml.config.ConfigFileTypeHandler/CONFIG]: Watching TOML config file /workspaces/trabajopractico/servidor_minecraft/config/iceandfire-common.toml for changes
[16Feb2025 03:35:30.085] [Thread-0/DEBUG] [net.minecraftforge.fml.config.ConfigFileTypeHandler/CONFIG]: Config file iceandfire-common.toml changed, sending notifies
[16Feb2025 03:35:30.085] [main/DEBUG] [net.minecraftforge.fml.config.ConfigFileTypeHandler/CONFIG]: Built TOML config for /workspaces/trabajopractico/servidor_minecraft/config/forge-common.toml
[16Feb2025 03:35:30.085] [main/DEBUG] [net.minecraftforge.fml.config.ConfigFileTypeHandler/CONFIG]: Loaded TOML config file /workspaces/trabajopractico/servidor_minecraft/config/forge-common.toml
[16Feb2025 03:35:30.086] [main/DEBUG] [net.minecraftforge.fml.config.ConfigFileTypeHandler/CONFIG]: Watching TOML config file /workspaces/trabajopractico/servidor_minecraft/config/forge-common.toml for changes
[16Feb2025 03:35:30.086] [main/DEBUG] [net.minecraftforge.common.ForgeConfig/FORGEMOD]: Loaded forge config file forge-common.toml
[16Feb2025 03:35:30.087] [main/DEBUG] [net.minecraftforge.fml.config.ConfigFileTypeHandler/CONFIG]: Built TOML config for /workspaces/trabajopractico/servidor_minecraft/config/quark-common.toml
[16Feb2025 03:35:30.087] [Thread-0/DEBUG] [net.minecraftforge.fml.config.ConfigFileTypeHandler/CONFIG]: Config file forge-common.toml changed, sending notifies
[16Feb2025 03:35:30.087] [Thread-0/DEBUG] [net.minecraftforge.common.ForgeConfig/FORGEMOD]: Forge config just got changed on the file system!
[16Feb2025 03:35:30.087] [Thread-0/DEBUG] [net.minecraftforge.fml.config.ConfigFileTypeHandler/CONFIG]: Config file forge-common.toml changed, sending notifies
[16Feb2025 03:35:30.087] [Thread-0/DEBUG] [net.minecraftforge.common.ForgeConfig/FORGEMOD]: Forge config just got changed on the file system!
[16Feb2025 03:35:30.092] [main/DEBUG] [net.minecraftforge.fml.config.ConfigFileTypeHandler/CONFIG]: Loaded TOML config file /workspaces/trabajopractico/servidor_minecraft/config/quark-common.toml
[16Feb2025 03:35:30.092] [main/DEBUG] [net.minecraftforge.fml.config.ConfigFileTypeHandler/CONFIG]: Watching TOML config file /workspaces/trabajopractico/servidor_minecraft/config/quark-common.toml for changes
[16Feb2025 03:35:30.097] [main/INFO] [quark/]: Dispatching Module Step CONFIG_CHANGED
[16Feb2025 03:35:30.121] [Thread-0/DEBUG] [net.minecraftforge.fml.config.ConfigFileTypeHandler/CONFIG]: Config file quark-common.toml changed, sending notifies
[16Feb2025 03:35:30.125] [Thread-0/DEBUG] [net.minecraftforge.fml.config.ConfigFileTypeHandler/CONFIG]: Config file quark-common.toml changed, sending notifies
[16Feb2025 03:35:30.125] [modloading-worker-0/INFO] [com.becks.uniquedungeons.UniqueDungeons/]: HELLO FROM COMMON SETUP
[16Feb2025 03:35:30.126] [modloading-worker-0/INFO] [com.becks.uniquedungeons.UniqueDungeons/]: DIRT BLOCK >> minecraft:dirt
[16Feb2025 03:35:30.144] [modloading-worker-0/INFO] [Spartan Shields/]: Setting up Spartan Shields!
[16Feb2025 03:35:30.239] [modloading-worker-0/DEBUG] [mixin/]: Mixing PotionUtilsMixin from quark.mixins.json into net.minecraft.world.item.alchemy.PotionUtils
[16Feb2025 03:35:30.266] [modloading-worker-0/DEBUG] [net.minecraftforge.fml.config.ConfigTracker/CONFIG]: Config file artifacts-server.toml for artifacts tracking
[16Feb2025 03:35:30.337] [modloading-worker-0/INFO] [quark/]: Dispatching Module Step CONFIG_CHANGED
[16Feb2025 03:35:30.359] [modloading-worker-0/INFO] [quark/]: Dispatching Module Step SETUP
[16Feb2025 03:35:30.567] [Forge Version Check/INFO] [net.minecraftforge.fml.VersionChecker/]: [securitycraft] Starting version check at https://www.github.com/Geforce132/SecurityCraft/raw/master/Updates/Forge.json
[16Feb2025 03:35:30.756] [main/DEBUG] [net.minecraftforge.fml.DeferredWorkQueue/LOADING]: Dispatching synchronous work for work queue COMMON_SETUP: 33 jobs
[16Feb2025 03:35:30.837] [main/INFO] [com.tiviacz.travelersbackpack.TravelersBackpack/]: Registered the FluidEffect with Unique ID of minecraft:water for Water (Fluid Amount Required: 1000) with the ID 0
[16Feb2025 03:35:30.838] [main/INFO] [com.tiviacz.travelersbackpack.TravelersBackpack/]: Registered the FluidEffect with Unique ID of minecraft:lava for Lava (Fluid Amount Required: 1000) with the ID 1
[16Feb2025 03:35:30.838] [main/INFO] [com.tiviacz.travelersbackpack.TravelersBackpack/]: Registered the FluidEffect with Unique ID of travelersbackpack:potion for Uncraftable Potion (Fluid Amount Required: 250) with the ID 2
[16Feb2025 03:35:30.839] [main/INFO] [com.tiviacz.travelersbackpack.TravelersBackpack/]: Registered the FluidEffect with Unique ID of minecraft:milk for Milk (Fluid Amount Required: 1000) with the ID 3
[16Feb2025 03:35:30.871] [main/DEBUG] [net.minecraftforge.fml.DeferredWorkQueue/LOADING]: Synchronous work queue completed in 113.4 ms
[16Feb2025 03:35:30.872] [modloading-worker-0/INFO] [xaero.minimap.XaeroMinimap/]: Loading Xaero's Minimap - Stage 1/2 (Server)
[16Feb2025 03:35:30.874] [modloading-worker-0/INFO] [xaero.map.server.WorldMapServer/]: Loading Xaero's World Map - Stage 1/2 (Server)
[16Feb2025 03:35:30.876] [main/DEBUG] [net.minecraftforge.fml.DeferredWorkQueue/LOADING]: Dispatching synchronous work for work queue SIDED_SETUP: 2 jobs
[16Feb2025 03:35:30.876] [main/INFO] [xaero.minimap.XaeroMinimap/]: Loading Xaero's Minimap - Stage 2/2 (Server)
[16Feb2025 03:35:30.877] [main/INFO] [xaero.map.server.WorldMapServer/]: Loading Xaero's World Map - Stage 2/2 (Server)
[16Feb2025 03:35:30.877] [main/DEBUG] [net.minecraftforge.fml.DeferredWorkQueue/LOADING]: Synchronous work queue completed in 563.4 μs
[16Feb2025 03:35:30.903] [Forge Version Check/DEBUG] [net.minecraftforge.fml.VersionChecker/]: [securitycraft] Received version check data:
{
    "homepage": "https://www.curseforge.com/minecraft/mc-mods/security-craft/",
    "promos": {
        "1.7.10-latest": "v1.8.13",
        "1.7.10-recommended": "v1.8.13",
        "1.8-latest": "v1.8.12.1",
        "1.8-recommended": "v1.8.12.1",
        "1.8.8-latest": "v1.8.12.1",
        "1.8.8-recommended": "v1.8.12.1",
        "1.8.9-latest": "v1.8.12.1",
        "1.8.9-recommended": "v1.8.12.1",
        "1.9.4-latest": "v1.8.12",
        "1.9.4-recommended": "v1.8.12",
        "1.10.2-latest": "v1.8.12",
        "1.10.2-recommended": "v1.8.12",
        "1.11.2-latest": "v1.8.12.1",
        "1.11.2-recommended": "v1.8.12.1",
        "1.12-latest": "v1.8.8.1",
        "1.12-recommended": "v1.8.8.1",
        "1.12.1-latest": "v1.8.8.1",
        "1.12.1-recommended": "v1.8.8.1",
        "1.13.2-latest": "v1.8.13",
        "1.13.2-recommended": "v1.8.13",
        "1.14.3-latest": "v1.8.12-beta2",
        "1.14.3-recommended": "v1.8.12-beta2",
        "1.14.4-latest": "v1.8.22.2",
        "1.14.4-recommended": "v1.8.22.2",
        "1.15.1-latest": "v1.8.15-beta2",
        "1.15.1-recommended": "v1.8.15-beta2",
        "1.15.2-latest": "v1.9.1",
        "1.15.2-recommended": "v1.9.1",
        "1.16.1-latest": "v1.8.19.3",
        "1.16.1-recommended": "v1.8.19.3",
        "1.16.2-latest": "v1.8.19.3",
        "1.16.2-recommended": "v1.8.19.3",
        "1.16.3-latest": "v1.8.21.1",
        "1.16.3-recommended": "v1.8.21.1",
        "1.16.4-latest": "v1.8.21.1",
        "1.16.4-recommended": "v1.8.21.1",
        "1.17.1-latest": "1.9.5",
        "1.17.1-recommended": "1.9.5",
        "1.18.1-latest": "1.9.0.2-beta1",
        "1.18.1-recommended": "1.9.0.2-beta1",
        "1.19-latest": "1.9.3.1",
        "1.19-recommended": "1.9.3.1",
        "1.19.1-latest": "1.9.3.1",
        "1.19.1-recommended": "1.9.3.1",
        "1.19.2-latest": "1.9.6.1",
        "1.19.2-recommended": "1.9.6.1",
        "1.19.3-latest": "1.9.8",
        "1.19.3-recommended": "1.9.8",
        "1.20-latest": "1.9.7-beta2",
        "1.20-recommended": "1.9.7-beta2",
        "1.20.2-latest": "1.9.9",
        "1.20.2-recommended": "1.9.9",
        "1.21-latest": "1.9.10-beta7",
        "1.21-recommended": "1.9.10-beta7",
        "1.21.2-latest": "1.9.11-beta2",
        "1.21.2-recommended": "1.9.11-beta2",

        "1.12.2-latest": "v1.9.12",
        "1.12.2-recommended": "v1.9.12",
        "1.16.5-latest": "v1.9.12.1",
        "1.16.5-recommended": "v1.9.12.1",
        "1.18.2-latest": "1.9.12",
        "1.18.2-recommended": "1.9.12",
        "1.19.4-latest": "1.9.12",
        "1.19.4-recommended": "1.9.12",
        "1.20.1-latest": "1.9.12",
        "1.20.1-recommended": "1.9.12",
        "1.20.4-latest": "1.9.12",
        "1.20.4-recommended": "1.9.12",
        "1.20.6-latest": "1.9.12",
        "1.20.6-recommended": "1.9.12",
        "1.21.1-latest": "1.9.12",
        "1.21.1-recommended": "1.9.12",
        "1.21.3-latest": "1.9.12",
        "1.21.3-recommended": "1.9.12",
        "1.21.4-latest": "1.9.12-beta4",
        "1.21.4-recommended": "1.9.12-beta4"
    },
    "1.7.10": {
        "v1.8.13": "https://github.com/Geforce132/SecurityCraft/blob/1.7.10/Changelog%20v1.8.x.md"
    },
    "1.8": {
        "v1.8.12": "https://github.com/Geforce132/SecurityCraft/blob/1.8/Changelog%20v1.8.x.md"
    },
    "1.8.8": {
        "v1.8.12.1": "https://github.com/Geforce132/SecurityCraft/blob/1.8.9/Changelog%20v1.8.x.md"
    },
    "1.8.9": {
        "v1.8.12.1": "https://github.com/Geforce132/SecurityCraft/blob/1.8.9/Changelog%20v1.8.x.md"
    },
    "1.9.4": {
        "v1.8.12": "https://github.com/Geforce132/SecurityCraft/blob/1.9.4/Changelog%20v1.8.x.md"
    },
    "1.10.2": {
        "v1.8.12": "https://github.com/Geforce132/SecurityCraft/blob/1.10.2/Changelog%20v1.8.x.md"
    },
    "1.11.2": {
        "v1.8.12.1": "https://github.com/Geforce132/SecurityCraft/blob/1.11.2/Changelog%20v1.8.x.md"
    },
    "1.12": {
        "v1.8.8.1": "https://github.com/Geforce132/SecurityCraft/blob/54061f84f188c33db291770e550c4c84a927194c/Changelog%20v1.8.x.md"
    },
    "1.12.1": {
        "v1.8.8.1": "https://github.com/Geforce132/SecurityCraft/blob/54061f84f188c33db291770e550c4c84a927194c/Changelog%20v1.8.x.md"
    },
    "1.13.2": {
        "v1.8.13": "https://github.com/Geforce132/SecurityCraft/blob/1.13.2/Changelog%20v1.8.x.md"
    },
    "1.14.3": {
        "v1.8.12-beta2": "https://github.com/Geforce132/SecurityCraft/blob/b20ce0945abdccb8f2b6abaea5d26c28d0a3b916/Changelog%20v1.8.x.md"
    },
    "1.14.4": {
        "v1.8.22.2": "https://github.com/Geforce132/SecurityCraft/blob/1.14.4/Changelog%20v1.8.x.md"
    },
    "1.15.1": {
        "v1.8.15-beta2": "https://github.com/Geforce132/SecurityCraft/blob/04f414232af5250193ed610da93696a830584cc9/Changelog%20v1.8.x.md"
    },
    "1.15.2": {
        "v1.9.1": "https://github.com/Geforce132/SecurityCraft/blob/1.15.x/Changelog.md"
    },
    "1.16.1": {
        "v1.8.19.3": "https://github.com/Geforce132/SecurityCraft/blob/1.16.1/Changelog%20v1.8.x.md"
    },
    "1.16.2": {
        "v1.8.19.3": "https://github.com/Geforce132/SecurityCraft/blob/1.16.1/Changelog%20v1.8.x.md"
    },
    "1.16.3": {
        "v1.8.21.1": "https://github.com/Geforce132/SecurityCraft/blob/44460188b9bf30b94f122ba362092cba5e76e0d2/Changelog%20v1.8.x.md"
    },
    "1.16.4": {
        "v1.8.21.1": "https://github.com/Geforce132/SecurityCraft/blob/44460188b9bf30b94f122ba362092cba5e76e0d2/Changelog%20v1.8.x.md"
    },
    "1.17.1": {
        "1.9.5": "https://github.com/Geforce132/SecurityCraft/blob/1.17.1/Changelog.md"
    },
    "1.18.1": {
        "1.9.0.2-beta1": "https://github.com/Geforce132/SecurityCraft/blob/1.18.1/Changelog.md"
    },
    "1.19": {
        "1.9.3.1": "https://github.com/Geforce132/SecurityCraft/blob/1.19/Changelog.md"
    },
    "1.19.1": {
        "1.9.3.1": "https://github.com/Geforce132/SecurityCraft/blob/c60edcc5881fc8ca4394bfeae3254ab0d693ab5e/Changelog.md"
    },
    "1.19.2": {
        "1.9.6.1": "https://github.com/Geforce132/SecurityCraft/blob/1.19.1/Changelog.md"
    },
    "1.19.3": {
        "1.9.8": "https://github.com/Geforce132/SecurityCraft/blob/1.19.3/Changelog.md"
    },
    "1.20": {
        "1.9.7-beta2": "https://github.com/Geforce132/SecurityCraft/blob/1.20/Changelog.md"
    },
    "1.20.2": {
        "1.9.9": "https://github.com/Geforce132/SecurityCraft/blob/1.20.2/Changelog.md"
    },
    "1.21": {
        "1.9.10-beta7": "https://github.com/Geforce132/SecurityCraft/blob/a74d63ec9796e54c5bd8d22c18a320146560a753/Changelog.md"
    },
    "1.21.2": {
        "1.9.11-beta2": "https://github.com/Geforce132/SecurityCraft/blob/63c87ccbc661cecac0e75d54b81b571a3d17a29e/Changelog.md"
    },

    "1.12.2": {
        "v1.9.12": "https://github.com/Geforce132/SecurityCraft/blob/1.12.2/Changelog.md"
    },
    "1.16.5": {
        "v1.9.12.1": "https://github.com/Geforce132/SecurityCraft/blob/1.16.2/Changelog.md"
    },
    "1.18.2": {
        "1.9.12": "https://github.com/Geforce132/SecurityCraft/blob/1.18.2/Changelog.md"
    },
    "1.19.4": {
        "1.9.12": "https://github.com/Geforce132/SecurityCraft/blob/1.19.4/Changelog.md"
    },
    "1.20.1": {
        "1.9.12": "https://github.com/Geforce132/SecurityCraft/blob/1.20/Changelog.md"
    },
    "1.20.4": {
        "1.9.12": "https://github.com/Geforce132/SecurityCraft/blob/1.20.4/Changelog.md"
    },
    "1.20.6": {
        "1.9.12": "https://github.com/Geforce132/SecurityCraft/blob/1.20.6/Changelog.md"
    },
    "1.21.1": {
        "1.9.12": "https://github.com/Geforce132/SecurityCraft/blob/1.21/Changelog.md"
    },
    "1.21.3": {
        "1.9.12": "https://github.com/Geforce132/SecurityCraft/blob/1.21.3/Changelog.md"
    },
    "1.21.4": {
        "1.9.12-beta4": "https://github.com/Geforce132/SecurityCraft/blob/1.21.4/Changelog.md"
    }
}
[16Feb2025 03:35:30.904] [Forge Version Check/INFO] [net.minecraftforge.fml.VersionChecker/]: [securitycraft] Found status: UP_TO_DATE Current: 1.9.6.1 Target: null
[16Feb2025 03:35:30.905] [Forge Version Check/INFO] [net.minecraftforge.fml.VersionChecker/]: [travelersbackpack] Starting version check at https://gist.githubusercontent.com/Tiviacz1337/906937677aa472285dff9d6c2a189d5e/raw
[16Feb2025 03:35:30.914] [modloading-worker-0/INFO] [quark/]: Dispatching Module Step LOAD_COMPLETE
[16Feb2025 03:35:30.920] [modloading-worker-0/INFO] [Jade/]: Start loading plugin at ht.treechop.compat.Jade
[16Feb2025 03:35:30.931] [modloading-worker-0/INFO] [Jade/]: Start loading plugin at snownee.jade.addon.vanilla.VanillaPlugin
[16Feb2025 03:35:30.944] [modloading-worker-0/INFO] [Jade/]: Start loading plugin at snownee.jade.addon.universal.UniversalPlugin
[16Feb2025 03:35:30.950] [modloading-worker-0/INFO] [Jade/]: Start loading plugin at snownee.jade.addon.core.CorePlugin
[16Feb2025 03:35:30.952] [modloading-worker-0/INFO] [Jade/]: Start loading plugin at net.geforcemods.securitycraft.compat.waila.JadeDataProvider
[16Feb2025 03:35:30.954] [modloading-worker-0/INFO] [Jade/]: Start loading plugin at de.maxhenkel.corpse.integration.waila.PluginCorpse
[16Feb2025 03:35:30.956] [Forge Version Check/DEBUG] [net.minecraftforge.fml.VersionChecker/]: [travelersbackpack] Received version check data:
{ 
        "homepage": "https://www.curseforge.com/minecraft/mc-mods/travelers-backpack", 
        "promos": {
		"1.20.4-recommended": "9.4.2",
		"1.20.4-latest": "9.4.2",
		"1.20.2-recommended": "9.2.4",
		"1.20.2-latest": "9.2.4",
		"1.20.1-recommended": "9.1.16",
		"1.20.1-latest": "9.1.16",
		"1.20-recommended": "9.0.2",
		"1.20-latest": "9.0.2",
		"1.19.4-recommended": "8.4.20",
		"1.19.4-latest": "8.4.20",
		"1.19.3-recommended": "8.3.9",
		"1.19.3-latest": "8.3.9",
		"1.19.2-recommended": "8.2.40",
		"1.19.2-latest": "8.2.40",
		"1.19.1-recommended": "8.1.1",
		"1.19.1-latest": "8.1.1",
		"1.19-recommended": "8.0.8",
		"1.19-latest": "8.0.8",
		"1.18.2-recommended": "7.1.48",
		"1.18.2-latest": "7.1.48",
		"1.18.1-recommended": "7.0.4",
		"1.18.1-latest": "7.0.5",
		"1.17.1-recommended": "6.0.52",
		"1.17.1-latest": "6.0.52",
		"1.16.5-recommended": "5.4.51",
		"1.16.5-latest": "5.4.51",
		"1.16.4-recommended": "5.3.8",
		"1.16.4-latest": "5.3.8",
		"1.16.3-recommended": "5.2.1",
		"1.16.3-latest": "5.2.1",
		"1.16.2-recommended": "5.1.1",
		"1.16.2-latest": "5.1.1",
		"1.16.1-recommended": "5.0.1",
		"1.16.1-latest": "5.0.1",
		"1.15.2-recommended": "4.0.8",
		"1.15.2-latest": "4.0.8",
		"1.14.4-recommended": "3.0.8",
		"1.14.4-latest": "3.0.8",
                "1.12.2-recommended": "1.0.34",
		"1.12.2-latest": "1.0.34"
        }, 
        "1.12.2": {
			"0.0.3a": "Added sleeping bag",
			"0.0.4a": "Added ability to wear backpack on player's back!",
			"0.0.5a": "Implemented swapping between tools!",
			"0.0.6a": "Added missing recipe for sleeping bag",
			"0.0.7a": "Fixes for server",
			"0.0.8a": "Added backpack renderer on player's back!",
			"0.0.9a": "Added tools render on backpack",
			"0.1.0a": "Fixed tile entity data loading",
			"0.1.1a": "Added hose, bug fixes",
			"0.1.2a": "Fixed server crash",
			"0.1.3a": "Added more backpack types!",
			"0.1.4a": "Added fluid render to block and wearable model",
			"0.1.5a": "Fixed some bugs and added more custom backpacks",
			"0.1.6a": "Added potions as fluids!",
			"0.1.7a": "Fixed rendering-thing on server",
			"0.1.8a": "Fixed some minor issues",
			"1.0.19.19": "First beta release",
			"1.0.20.20": "Mainly bug fixes",
			"1.0.21.21": "Bug fixes",
			"1.0.22.22": "Added backpack abilities",
			"1.0.23.23": "Bug fixes",
			"1.0.24.24": "Bug fixes",
			"1.0.25.25": "Bug fixes",
			"1.0.26.26": "Fixed NPE",
			"1.0.27": "Capability code clean-up, bug fix",
			"1.0.28": "Mod ID change, see note in 1.0.28 on the site",
			"1.0.29": "Mod ID change, see note in 1.0.29 on the site",
			"1.0.30": "Bug fixes, standard backpack texture improvements",
			"1.0.31": "Fixed bug that causes buckets to dissapear",
			"1.0.32": "Added in-game warning about modid change and method to keep backpacks after updating to newer version",
			"1.0.33": "Fixed backpack dissapear in explosions",
			"1.0.34": "Mainly bug fixes",
			"1.0.35": "Misc bug fixes"
        },
	"1.14.4":  { 
			"3.0.7": "Initial port",
			"3.0.8": "Compatibility for modded tools"
	},
	"1.15.2":  {
      			"4.0.0": "Initial port",
			"4.0.1": "FPS bug fix",
			"4.0.2": "Fixed unwanted backpack placement after death",
			"4.0.3": "Fixed NPE while using sleeping bag",
			"4.0.4": "Fixed crash, updated few textures",
			"4.0.5": "Bug fixes",
			"4.0.6": "Fixed backpack dissapear in explosions",
			"4.0.7": "Keybind for tool cycle",
			"4.0.8": "Compatibility for modded tools"
	},
	"1.16.1":  { 
			"5.0.0": "Initial port",
			"5.0.1": "Fixed backpack not saving contents, compatibility for modded tools"
	},
	"1.16.2":  { 
			"5.1.0": "Initial port",
			"5.1.1": "Fixed server crashes, backpack not saving contents, compatibility for modded tools"
	},
	"1.16.3":  { 
			"5.2.1": "Initial port"
	},
	"1.16.4":  { 
			"5.3.1": "Initial port",
			"5.3.2": "Bug fixes, game-breaking change",
			"5.3.3": "A lot of bug fixes",
			"5.3.4": "Dupe bug fix",
			"5.3.5": "Curios integration",
			"5.3.6": "Crafting grid dupe bug fix",
			"5.3.7": "Crash fix, curiosIntegration option migration",
			"5.3.8": "Fixed item saving bug"
	},
	"1.16.5":  { 
			"5.3.8": "Fixed item saving bug",
			"5.4.0": "Few new custom backpacks",
			"5.4.1": "Fixed villager trades",
			"5.4.2": "Fixed crash with turkish language and small tweaks",
			"5.4.3": "Fixed dupe bug",
			"5.4.4": "JEI dupe bug fix and more",
			"5.4.5": "Dyeable backpacks update! :>",
			"5.4.6": "More backpacks and bug fixes",
			"5.4.7": "Exploit and bug fixes",
			"5.4.8": "Fixed spawn point setting",
			"5.4.9": "20 new backpacks",
			"5.4.10": "Added backpack abilties",
			"5.4.11": "Code cleanup",
			"5.4.12": "Fixed crash",
			"5.4.13": "Added sorting buttons",
			"5.4.14": "Fixed LAN crash",
			"5.4.15": "Fixed few bugs",
			"5.4.16": "Fixed crash",
			"5.4.17": "Fixed bugs",
			"5.4.18": "Fixed crash",
			"5.4.19": "Fixed curio dupe bug",
			"5.4.20": "Added 9 new abilities",
			"5.4.21": "Added too many backpacks slowness effect",
			"5.4.22": "Fixed abilities",
			"5.4.23": "Added colorable sleeping bags",
			"5.4.24": "Bug fixes",
			"5.4.25": "Added slot memory",
			"5.4.26": "Added dedicated settings menu",
			"5.4.28": "Added milk and milk effect",
			"5.4.29": "Mobs can spawn with backpack equipped",
			"5.4.31": "Added /restore command",
			"5.4.32": "Added void protection config option",
			"5.4.33": "Fixed bad coded coordinates",
			"5.4.35": "Tweaked config and commands",
			"5.4.36": "Added backpack tiers",
			"5.4.37": "Changed tier upgrades recipes",
			"5.4.38": "Added enableTierUpgrades config option",
			"5.4.39": "Added Crafting widget",
			"5.4.40": "Fixed dupe bug",
			"5.4.41": "Backpack can be placed in fluids after death",
			"5.4.42": "Added compat with gravestone mods",
			"5.4.43": "Tweaked some recipes",
			"5.4.44": "Misc",
			"5.4.45": "Misc",
			"5.4.46": "Misc",
			"5.4.47": "Added tool slots widget",
			"5.4.48": "Fixed few bugs",
			"5.4.49": "Shift + Right Click with Empty Hand allows to place backpack on the ground",
			"5.4.50": "Sleeping bag can be used without backpack",
			"5.4.51": "Added loot to chests and fixed bugs"
	},
	"1.17.1":  { 
			"6.0.0": "Initial Release",
			"6.0.1": "Fixed datapack issue",
			"6.0.2": "Fixed crash with newest Forge",
			"6.0.3": "Fixed backpack disappearing on death",
			"6.0.4": "JEI integration and more",
			"6.0.5": "Dyeable backpacks update! :>",
			"6.0.6": "More backpacks and bug fixes",
			"6.0.7": "Fixed significant FPS drop",
			"6.0.8": "Fixed dupe bug",
			"6.0.9": "Fixed spawn point setting",
			"6.0.10": "20 new backpacks",
			"6.0.11": "Added backpack abilties",
			"6.0.12": "Code cleanup",
			"6.0.13": "Fixed crash",
			"6.0.14": "Added sorting buttons",
			"6.0.15": "Fixed LAN crash",
			"6.0.16": "Fixed few bugs",
			"6.0.17": "Fixed crash",
			"6.0.18": "Fixed bugs",
			"6.0.19": "Fixed crash",
			"6.0.20": "Fixed curio dupe bug",
			"6.0.21": "Added 9 new abilities",
			"6.0.22": "Added too many backpacks slowness effect",
			"6.0.23": "Fixed abilities",
			"6.0.24": "Added colorable sleeping bags",
			"6.0.25": "Bug fixes",
			"6.0.26": "Added slot memory",
			"6.0.27": "Added dedicated settings menu",
			"6.0.29": "Added milk and milk effect",
			"6.0.30": "Mobs can spawn with backpack equipped",
			"6.0.32": "Added /restore command",
			"6.0.33": "Added void protection config option",
			"6.0.34": "Fixed bad coded coordinates",
			"6.0.36": "Tweaked config and commands",
			"6.0.37": "Added backpack Tiers",
			"6.0.38": "Changed tier upgrades recipes",
			"6.0.39": "Added enableTierUpgrades config option",
			"6.0.40": "Added Crafting widget",
			"6.0.41": "Fixed dupe bug",
			"6.0.42": "Backpack can be placed in fluids after death",
			"6.0.43": "Added compat with gravestone mods",
			"6.0.44": "Added inventory tooltip in preview",
			"6.0.45": "Misc",
			"6.0.46": "Misc",
			"6.0.47": "Misc",
			"6.0.48": "Added tool slots widget",
			"6.0.49": "Fixed few bugs",
			"6.0.50": "Shift + Right Click with Empty Hand allows to place backpack on the ground",
			"6.0.51": "Sleeping bag can be used without backpack",
			"6.0.52": "Added loot to chests and fixed bugs"
	},
	"1.18.1":  { 
			"7.0.0": "Initial Release",
			"7.0.1": "Backpack lose items bug fix",
			"7.0.2": "New backpacks",
			"7.0.3": "Fixed dupe bug",
			"7.0.4": "Fixed spawn point setting"
	},
	"1.18.2":  { 
			"7.1.0": "Initial Release",
			"7.1.1": "Fixed spawn point setting",
			"7.1.2": "20 new backpacks",
			"7.1.3": "Added backpack abilties",
			"7.1.4": "Code cleanup",
			"7.1.5": "Fixed bug with duplicating buckets",
			"7.1.6": "Fixed crash",
			"7.1.7": "Added sorting buttons",
			"7.1.8": "Fixed LAN crash",
			"7.1.9": "Fixed few bugs",
			"7.1.10": "Fixed crash",
			"7.1.11": "Fixed bugs",
			"7.1.12": "Fixed crash",
			"7.1.13": "Fixed curio dupe bug",
			"7.1.14": "Added 9 new abilities",
			"7.1.15": "Added too many backpacks slowness effect",
			"7.1.16": "Fixed abilities",
			"7.1.17": "Added colorable sleeping bags",
			"7.1.18": "Bug fixes",
			"7.1.20": "Added slot memory",
			"7.1.21": "Added dedicated settings menu",
			"7.1.23": "Added milk and milk effect",
			"7.1.24": "Mobs can spawn with backpack equipped",
			"7.1.26": "Added /restore command",
			"7.1.27": "Added void protection config option",
			"7.1.28": "Fixed bad coded coordinates",
			"7.1.30": "Tweaked config and commands",
			"7.1.31": "Added backpack Tiers",
			"7.1.32": "Changed tier upgrades recipes",
			"7.1.33": "Added enableTierUpgrades config option",
			"7.1.34": "Added Crafting widget",
			"7.1.35": "Fixed dupe bug",
			"7.1.36": "Backpack can be placed in fluids after death",
			"7.1.37": "Added compat with gravestone mods",
			"7.1.38": "Added inventory preview in tooltip",
			"7.1.39": "Misc",
			"7.1.40": "Misc",
			"7.1.41": "Misc",
			"7.1.42": "Added tool slots widget",
			"7.1.43": "Fixed few bugs",
			"7.1.44": "Shift + Right Click with Empty Hand allows to place backpack on the ground",
			"7.1.45": "Sleeping bag can be used without backpack",
			"7.1.46": "Added loot to chests and fixed bugs",
			"7.1.47": "Configuration for backpack slots",
			"7.1.48": "Added recipes to recipe book"
			
	},
	"1.19":  { 
			"8.0.0": "Initial Release",
			"8.0.1": "Fixed crashes",
			"8.0.2": "20 new backpacks",
			"8.0.3": "Added backpack abilties",
			"8.0.4": "Updated Forge",
			"8.0.5": "Fixed few bugs",
			"8.0.6": "Code cleanup",
			"8.0.7": "Fixed crash",
			"8.0.8": "Added sorting buttons"
	},
	"1.19.1":  { 
			"8.1.0": "Initial Release",
			"8.1.1": "Fixed LAN crash"
	},
	"1.19.2":  { 
			"8.2.0": "Initial Release",
			"8.2.1": "Fixed few bugs",
			"8.2.2": "Fixed crash",
			"8.2.3": "Fixed bugs",
			"8.2.4": "Fixed crash",
			"8.2.5": "Fixed curio dupe bug",
			"8.2.6": "Added 9 new abilities",
			"8.2.7": "Added too many backpacks slowness effect",
			"8.2.8": "Fixed abilities",
			"8.2.9": "Added colorable sleeping bags",
			"8.2.10": "Bug fixes",
			"8.2.11": "Added slot memory",
			"8.2.12": "Added dedicated settings menu",
			"8.2.14": "Added milk and milk effect",
			"8.2.15": "Mobs can spawn with backpack equipped",
			"8.2.17": "Added /restore command",
			"8.2.18": "Added void protection config option",
			"8.2.19": "Fixed bad coded coordinates",
			"8.2.21": "Tweaked config and commands",
			"8.2.22": "Added backpack tiers",
			"8.2.23": "Changed tier upgrades recipes",
			"8.2.24": "Missing texture hotfix",
			"8.2.25": "Added enableTierUpgrades config option",
			"8.2.26": "Added Crafting widget",
			"8.2.27": "Fixed dupe bug",
			"8.2.28": "Backpack can be placed in fluids after death",
			"8.2.29": "Added compat with gravestone mods",
			"8.2.30": "Added inventory preview in tooltip",
			"8.2.31": "Misc",
			"8.2.32": "Misc",
			"8.2.33": "Misc",
			"8.2.34": "Added tool slots widget",
			"8.2.35": "Fixed few bugs",
			"8.2.36": "Shift + Right Click with Empty Hand allows to place backpack on the ground",
			"8.2.37": "Sleeping bag can be used without backpack",
			"8.2.38": "Added loot to chests and fixed bugs",
			"8.2.39": "Configuration for backpack slots",
			"8.2.40": "Added recipes to recipe book"
	},
	"1.19.3":  { 
			"8.3.0": "Initial Release",
			"8.3.2": "Added milk and milk effect",
			"8.3.3": "Mobs can spawn with backpack equipped",
			"8.3.5": "Added /restore command",
			"8.2.6": "Added void protection config option",
			"8.2.7": "Fixed bad coded coordinates",
			"8.2.9": "Tweaked config and commands"
	},
	"1.19.4":  { 
			"8.4.2": "Tweaked config and commands",
			"8.4.3": "Added backpack tiers",
			"8.4.4": "Changed tier upgrades recipes",
			"8.4.5": "Added enableTierUpgrades config option",
			"8.4.6": "Added support for new smithing table",
			"8.4.7": "Added support for new smithing table",
			"8.4.8": "Added Crafting widget",
			"8.4.9": "Fixed dupe bug",
			"8.4.10": "Backpack can be placed in fluids after death",
			"8.4.11": "Added compat with gravestone mods",
			"8.4.12": "Added inventory preview in tooltip",
			"8.4.13": "Misc",
			"8.4.14": "Misc",
			"8.4.15": "Misc",
			"8.4.16": "Added tool slots widget",
			"8.4.17": "Fixed few bugs",
			"8.4.18": "Shift + Right Click with Empty Hand allows to place backpack on the ground",
			"8.4.19": "Sleeping bag can be used without backpack",
			"8.4.20": "Added loot to chests and fixed bugs"
	},
	"1.20":  { 
			"9.0.0": "Initial update",
			"9.0.1": "Fixed disappearing backpack on contact with water",
			"9.0.2": "Fixed smithing bug and restored Curios compat"
	},
	"1.20.1":  { 
			"9.1.0": "Initial update",
			"9.1.1": "Initial update",
			"9.1.2": "Fixed dupe bug",
			"9.1.3": "Added compat with gravestone mods",
			"9.1.4": "Added inventory preview in tooltip",
			"9.1.5": "Misc",
			"9.1.6": "Misc",
			"9.1.7": "Misc",
			"9.1.8": "Added tool slots widget",
			"9.1.9": "Fixed few bugs",
			"9.1.10": "Shift + Right Click with Empty Hand allows to place backpack on the ground",
			"9.1.11": "Sleeping bag can be used without backpack",
			"9.1.12": "Configuration for backpack slots",
			"9.1.13": "Added loot to chests and fixed bugs",
			"9.1.14": "Added recipes to recipe book",
			"9.1.15": "Improvements",
			"9.1.16": "Stopped excessive drops of backpack from mob farms, added visibility button, fixed some bugs"
	},
	"1.20.2":  { 
			"9.2.0": "Initial update",
			"9.2.1": "Fixed few bugs",
			"9.2.2": "Shift + Right Click with Empty Hand allows to place backpack on the ground",
			"9.2.3": "Sleeping bag can be used without backpack",
			"9.2.4": "Added loot to chests and fixed bugs"
	},
	"1.20.4":  { 
			"9.4.0": "Initial update",
			"9.4.1": "Configuration for backpack slots",
			"9.4.2": "Added recipes to recipe book"
	}
}
[16Feb2025 03:35:30.957] [Forge Version Check/INFO] [net.minecraftforge.fml.VersionChecker/]: [travelersbackpack] Found status: AHEAD Current: 8.2.41 Target: null
[16Feb2025 03:35:30.957] [Forge Version Check/INFO] [net.minecraftforge.fml.VersionChecker/]: [canary] Starting version check at https://github.com/AbdElAziz333/Canary/raw/mc1.19.2/dev/updates.json
[16Feb2025 03:35:30.971] [main/DEBUG] [net.minecraftforge.fml.DeferredWorkQueue/LOADING]: Dispatching synchronous work for work queue COMPLETE: 4 jobs
[16Feb2025 03:35:30.972] [main/DEBUG] [net.minecraftforge.fml.DeferredWorkQueue/LOADING]: Synchronous work queue completed in 150.3 μs
[16Feb2025 03:35:30.977] [Forge Version Check/DEBUG] [net.minecraftforge.fml.VersionChecker/]: [canary] Received version check data:
{
  "homepage": "https://modrinth.com/mod/canary/versions",
  "promos": {
    "1.20.4-latest": "0.3.3",
    "1.20.4-recommended": "0.3.3",
    "1.20.1-latest": "0.3.3",
    "1.20.1-recommended": "0.3.3",
    "1.20-latest": "0.2.5",
    "1.20-recommended": "0.2.5",
    "1.19.4-latest": "0.2.5",
    "1.19.4-recommended": "0.2.5",  
    "1.19.3-latest": "0.2.5",
    "1.19.3-recommended": "0.2.5",
    "1.19.2-latest": "0.3.3",
    "1.19.2-recommended": "0.3.3",
    "1.18.2-latest": "0.3.3",
    "1.18.2-recommended": "0.3.3"
  }
}
[16Feb2025 03:35:30.978] [Forge Version Check/INFO] [net.minecraftforge.fml.VersionChecker/]: [canary] Found status: UP_TO_DATE Current: 0.3.3 Target: null
[16Feb2025 03:35:30.978] [Forge Version Check/INFO] [net.minecraftforge.fml.VersionChecker/]: [puzzleslib] Starting version check at https://raw.githubusercontent.com/Fuzss/modresources/main/update/puzzleslib.json
[16Feb2025 03:35:30.986] [Forge Version Check/DEBUG] [net.minecraftforge.fml.VersionChecker/]: [puzzleslib] Received version check data:
{
    "homepage": "https://www.curseforge.com/minecraft/mc-mods/puzzles-lib",
    "promos": {
        "1.16.2-latest": "1.0.15",
        "1.16.2-recommended": "1.0.15",
        "1.16.3-latest": "1.0.15",
        "1.16.3-recommended": "1.0.15",
        "1.16.4-latest": "1.0.15",
        "1.16.4-recommended": "1.0.15",
        "1.16.5-latest": "1.0.15",
        "1.16.5-recommended": "1.0.15",
        "1.17.1-latest": "2.0.2",
        "1.17.1-recommended": "2.0.2",
        "1.18-latest": "3.2.1",
        "1.18-recommended": "3.2.1",
        "1.18.1-latest": "3.2.1",
        "1.18.1-recommended": "3.2.1",
        "1.18.2-latest": "3.5.10",
        "1.18.2-recommended": "3.5.10",
        "1.19-latest": "4.0.18",
        "1.19-recommended": "4.0.18",
        "1.19.1-latest": "4.2.4",
        "1.19.1-recommended": "4.2.4",
        "1.19.2-latest": "4.4.3",
        "1.19.2-recommended": "4.4.3",
        "1.19.3-latest": "5.0.33",
        "1.19.3-recommended": "5.0.33",
        "1.19.4-latest": "6.0.11",
        "1.19.4-recommended": "6.0.11",
        "1.20-latest": "7.0.9",
        "1.20-recommended": "7.0.9",
        "1.20.1-latest": "8.1.25",
        "1.20.1-recommended": "8.1.25",
        "1.20.4-latest": "20.4.52",
        "1.20.4-recommended": "20.4.52",
        "1.21-latest": "21.0.28",
        "1.21-recommended": "21.0.28",
        "1.21.1-latest": "21.1.27",
        "1.21.1-recommended": "21.1.27",
        "1.21.3-latest": "21.3.21",
        "1.21.3-recommended": "21.3.21",
        "1.21.4-latest": "21.4.7",
        "1.21.4-recommended": "21.4.7"
    }
}
[16Feb2025 03:35:30.986] [Forge Version Check/INFO] [net.minecraftforge.fml.VersionChecker/]: [puzzleslib] Found status: UP_TO_DATE Current: 4.4.3 Target: null
[16Feb2025 03:35:30.986] [Forge Version Check/INFO] [net.minecraftforge.fml.VersionChecker/]: [forge] Starting version check at https://files.minecraftforge.net/net/minecraftforge/forge/promotions_slim.json
[16Feb2025 03:35:31.070] [main/DEBUG] [mixin/]: Mixing BlockStateCacheMixin from ferritecore.blockstatecache.mixin.json into net.minecraft.world.level.block.state.BlockBehaviour$BlockStateBase$Cache
[16Feb2025 03:35:31.079] [main/DEBUG] [mixin/]: Mixing ai.pathing.WalkNodeEvaluatorMixin from canary.mixins.json into net.minecraft.world.level.pathfinder.WalkNodeEvaluator
[16Feb2025 03:35:31.143] [Forge Version Check/DEBUG] [net.minecraftforge.fml.VersionChecker/]: [forge] Received version check data:
{
  "homepage": "https://files.minecraftforge.net/net/minecraftforge/forge/",
  "promos": {
    "1.1-latest": "1.3.4.29",
    "1.2.3-latest": "1.4.1.64",
    "1.2.4-latest": "2.0.0.68",
    "1.2.5-latest": "3.4.9.171",
    "1.3.2-latest": "4.3.5.318",
    "1.4.0-latest": "5.0.0.326",
    "1.4.1-latest": "6.0.0.329",
    "1.4.2-latest": "6.0.1.355",
    "1.4.3-latest": "6.2.1.358",
    "1.4.4-latest": "6.3.0.378",
    "1.4.5-latest": "6.4.2.448",
    "1.4.6-latest": "6.5.0.489",
    "1.4.7-latest": "6.6.2.534",
    "1.5-latest": "7.7.0.598",
    "1.5.1-latest": "7.7.2.682",
    "1.5.2-latest": "7.8.1.738",
    "1.5.2-recommended": "7.8.1.738",
    "1.6.1-latest": "8.9.0.775",
    "1.6.2-latest": "9.10.1.871",
    "1.6.2-recommended": "9.10.1.871",
    "1.6.3-latest": "9.11.0.878",
    "1.6.4-latest": "9.11.1.1345",
    "1.6.4-recommended": "9.11.1.1345",
    "1.7.2-latest": "10.12.2.1161",
    "1.7.2-recommended": "10.12.2.1161",
    "1.7.10_pre4-latest": "10.12.2.1149",
    "1.7.10-latest": "10.13.4.1614",
    "1.7.10-recommended": "10.13.4.1614",
    "1.8-latest": "11.14.4.1577",
    "1.8-recommended": "11.14.4.1563",
    "1.8.8-latest": "11.15.0.1655",
    "1.8.9-latest": "11.15.1.2318",
    "1.8.9-recommended": "11.15.1.2318",
    "1.9-latest": "12.16.1.1938",
    "1.9-recommended": "12.16.1.1887",
    "1.9.4-latest": "12.17.0.2317",
    "1.9.4-recommended": "12.17.0.2317",
    "1.10-latest": "12.18.0.2000",
    "1.10.2-latest": "12.18.3.2511",
    "1.10.2-recommended": "12.18.3.2511",
    "1.11-latest": "13.19.1.2199",
    "1.11-recommended": "13.19.1.2189",
    "1.11.2-latest": "13.20.1.2588",
    "1.11.2-recommended": "13.20.1.2588",
    "1.12-latest": "14.21.1.2443",
    "1.12-recommended": "14.21.1.2387",
    "1.12.1-latest": "14.22.1.2485",
    "1.12.1-recommended": "14.22.1.2478",
    "1.12.2-latest": "14.23.5.2860",
    "1.12.2-recommended": "14.23.5.2859",
    "1.13.2-latest": "25.0.223",
    "1.14.2-latest": "26.0.63",
    "1.14.3-latest": "27.0.60",
    "1.14.4-latest": "28.2.26",
    "1.14.4-recommended": "28.2.26",
    "1.15-latest": "29.0.4",
    "1.15.1-latest": "30.0.51",
    "1.15.2-latest": "31.2.57",
    "1.15.2-recommended": "31.2.57",
    "1.16.1-latest": "32.0.108",
    "1.16.2-latest": "33.0.61",
    "1.16.3-latest": "34.1.42",
    "1.16.3-recommended": "34.1.0",
    "1.16.4-latest": "35.1.37",
    "1.16.4-recommended": "35.1.4",
    "1.16.5-latest": "36.2.42",
    "1.16.5-recommended": "36.2.34",
    "1.17.1-latest": "37.1.1",
    "1.17.1-recommended": "37.1.1",
    "1.18-latest": "38.0.17",
    "1.18.1-latest": "39.1.2",
    "1.18.1-recommended": "39.1.0",
    "1.18.2-recommended": "40.3.0",
    "1.18.2-latest": "40.3.3",
    "1.19-latest": "41.1.0",
    "1.19-recommended": "41.1.0",
    "1.19.1-latest": "42.0.9",
    "1.19.2-recommended": "43.4.0",
    "1.19.2-latest": "43.4.16",
    "1.19.3-latest": "44.1.23",
    "1.19.3-recommended": "44.1.0",
    "1.19.4-recommended": "45.3.0",
    "1.19.4-latest": "45.3.20",
    "1.20-latest": "46.0.14",
    "1.20.1-recommended": "47.3.0",
    "1.20.1-latest": "47.3.29",
    "1.20.2-latest": "48.1.0",
    "1.20.2-recommended": "48.1.0",
    "1.20.3-latest": "49.0.2",
    "1.20.4-latest": "49.1.29",
    "1.20.4-recommended": "49.1.0",
    "1.20.6-latest": "50.1.39",
    "1.20.6-recommended": "50.1.0",
    "1.21-latest": "51.0.33",
    "1.21.1-latest": "52.0.47",
    "1.21.3-latest": "53.0.53",
    "1.21.4-latest": "54.1.0",
    "1.21.4-recommended": "54.1.0"
  }
}
[16Feb2025 03:35:31.144] [Forge Version Check/INFO] [net.minecraftforge.fml.VersionChecker/]: [forge] Found status: OUTDATED Current: 43.4.2 Target: 43.4.16
[16Feb2025 03:35:31.144] [Forge Version Check/INFO] [net.minecraftforge.fml.VersionChecker/]: [moblassos] Starting version check at https://raw.githubusercontent.com/Fuzss/modresources/main/update/moblassos.json
[16Feb2025 03:35:31.155] [Forge Version Check/DEBUG] [net.minecraftforge.fml.VersionChecker/]: [moblassos] Received version check data:
{
    "homepage": "https://github.com/Fuzss/moblassos",
    "promos": {
        "1.19.2-latest": "4.0.0",
        "1.19.2-recommended": "4.0.0",
        "1.19.3-latest": "5.0.0",
        "1.19.3-recommended": "5.0.0",
        "1.19.4-latest": "6.0.0",
        "1.19.4-recommended": "6.0.0",
        "1.20-latest": "7.0.0",
        "1.20-recommended": "7.0.0",
        "1.20.1-latest": "8.0.1",
        "1.20.1-recommended": "8.0.1",
        "1.18.2-latest": "3.0.0",
        "1.18.2-recommended": "3.0.0",
        "1.20.4-latest": "20.4.1",
        "1.20.4-recommended": "20.4.1",
        "1.21.1-latest": "21.1.0",
        "1.21.1-recommended": "21.1.0",
        "1.21.3-latest": "21.3.0",
        "1.21.3-recommended": "21.3.0",
        "1.21.4-latest": "21.4.0",
        "1.21.4-recommended": "21.4.0"
    }
}
[16Feb2025 03:35:31.156] [Forge Version Check/INFO] [net.minecraftforge.fml.VersionChecker/]: [moblassos] Found status: UP_TO_DATE Current: 4.0.0 Target: null
[16Feb2025 03:35:31.156] [Forge Version Check/INFO] [net.minecraftforge.fml.VersionChecker/]: [corpse] Starting version check at https://update.maxhenkel.de/forge/corpse
[16Feb2025 03:35:31.156] [main/DEBUG] [mixin/]: Mixing SubShapeAccess from ferritecore.blockstatecache.mixin.json into net.minecraft.world.phys.shapes.SubShape
[16Feb2025 03:35:31.649] [Forge Version Check/DEBUG] [net.minecraftforge.fml.VersionChecker/]: [corpse] Received version check data:
{"1.20":{"1.20-1.0.3":"Updated to 1.20"},"1.18":{"1.18-1.0.3":"Re added JEI and Jade integration"},"1.19":{"1.19-1.0.8":"Updated Corelib"},"promos":{"1.18.1-latest":"1.18.1-1.0.5","1.15.1-latest":"1.15.1-1.0.1","1.14.4-recommended":"1.14.4-1.0.0","1.14.3-recommended":"1.14.3-1.0.3","1.18.2-latest":"1.18.2-1.0.2","1.20-recommended":"1.20-1.0.3","1.19.3-recommended":"1.19.3-1.0.3","1.19.1-recommended":"1.19.1-1.0.0","1.12.2-latest":"1.12.2-1.0.8","1.19.4-recommended":"1.19.4-1.0.3","1.12.2-recommended":"1.12.2-1.0.8","1.19-latest":"1.19-1.0.8","1.17.1-recommended":"1.17.1-1.0.7","1.19.2-recommended":"1.19.2-1.0.9","1.16.1-recommended":"1.16.1-1.0.12","1.16.2-recommended":"1.16.2-1.0.8","1.18-latest":"1.18-1.0.3","1.16.5-recommended":"1.16.5-1.0.6","1.16.4-recommended":"1.16.4-1.0.6","1.20.1-recommended":"1.20.1-1.0.9","1.16.3-recommended":"1.16.3-1.0.5","1.15.2-latest":"1.15.2-1.0.11","1.14.2-recommended":"1.14.2-1.0.4","1.20.2-recommended":"1.20.2-1.0.9","1.14.4-latest":"1.14.4-1.0.4","1.14.3-latest":"1.14.3-1.0.3","1.20-latest":"1.20-1.0.3","1.18.2-recommended":"1.18.2-1.0.1","1.17.1-latest":"1.17.1-1.0.7","1.13.2-latest":"1.12.2-1.0.5","1.18.1-recommended":"1.18.1-1.0.5","1.20.1-latest":"1.20.1-1.0.20","1.16.3-latest":"1.16.3-1.1.8","1.20.2-latest":"1.20.2-1.0.9","1.16.4-latest":"1.16.4-1.0.6","1.19.2-latest":"1.19.2-1.0.17","1.19.4-latest":"1.19.4-1.0.3","1.19.3-latest":"1.19.3-1.0.3","1.16.5-latest":"1.16.5-1.0.7","1.19-recommended":"1.19-1.0.8","1.16.2-latest":"1.16.2-1.0.8","1.16.1-latest":"1.16.1-1.0.12","1.18-recommended":"1.18-1.0.3","1.14.2-latest":"1.14.2-1.0.4","1.15.2-recommended":"1.15.2-1.0.10","1.19.1-latest":"1.19.1-1.0.0","1.15.1-recommended":"1.15.1-1.0.1"},"1.20.2":{"1.20.2-1.0.9":"Added mod icon\nUpdated corelib"},"1.20.1":{"1.20.1-1.0.9":"","1.20.1-1.0.20":"Fixed malformed JSON in Russian language"},"1.16.4":{"1.16.4-1.0.6":"Fixed only owner config option not working"},"1.18.2":{"1.18.2-1.0.2":"Updated corpse save format","1.18.2-1.0.1":"Re add JEI integration"},"1.19.1":{"1.19.1-1.0.0":"Updated to 1.19.1"},"1.16.5":{"1.16.5-1.0.7":"Fixed crash","1.16.5-1.0.6":"Fixed freeze with epic fight mod"},"1.19.2":{"1.19.2-1.0.9":"Added mod icon\nUpdated corelib","1.19.2-1.0.17":"Reverted translation"},"1.19.3":{"1.19.3-1.0.3":"Fixed crash with narrator enabled"},"1.19.4":{"1.19.4-1.0.3":"Fixed crash with narrator enabled"},"1.14.2":{"1.14.2-1.0.4":"Fixed a bug crashing the game"},"1.15.1":{"1.15.1-1.0.1":"Fixed corpse accessing bug"},"1.14.3":{"1.14.3-1.0.3":"Fixed a bug crashing the game"},"1.16.1":{"1.16.1-1.0.12":"Fixed crash with HWYLA"},"1.15.2":{"1.15.2-1.0.11":"Fixed exception when opening the death history of large inventories","1.15.2-1.0.10":"Updated polish translation"},"1.14.4":{"1.14.4-1.0.0":"Updated to 1.14.4","1.14.4-1.0.4":"Fixed corpse accessing bug"},"1.16.2":{"1.16.2-1.0.8":"Fixed potential crash with HWYLA"},"1.17.1":{"1.17.1-1.0.7":"Added czech translation"},"1.16.3":{"1.16.3-1.1.8":"Fixed missing corpse GUI buttons","1.16.3-1.0.5":"Fixed player skin models not considered"},"1.18.1":{"1.18.1-1.0.5":"Fixed crash with Tinkers Construct"},"1.12.2":{"1.12.2-1.0.8":"Fixed version number"},"1.13.2":{"1.12.2-1.0.5":"Added portuguese translation"},"homepage":"https://www.curseforge.com/minecraft/mc-mods/corpse"}
[16Feb2025 03:35:31.650] [Forge Version Check/INFO] [net.minecraftforge.fml.VersionChecker/]: [corpse] Found status: AHEAD Current: 1.19.2-1.0.17 Target: null
[16Feb2025 03:35:34.011] [main/INFO] [com.mojang.authlib.yggdrasil.YggdrasilAuthenticationService/]: Environment: authHost='https://authserver.mojang.com', accountsHost='https://api.mojang.com', sessionHost='https://sessionserver.mojang.com', servicesHost='https://api.minecraftservices.com', name='PROD'
[16Feb2025 03:35:34.032] [main/DEBUG] [net.minecraftforge.coremod.transformer.CoreModBaseTransformer/COREMOD]: Transforming m_78311_ with desc ()V
[16Feb2025 03:35:34.032] [main/DEBUG] [net.minecraftforge.coremod.transformer.CoreModBaseTransformer/COREMOD]: Transforming m_78311_ with desc ()V
[16Feb2025 03:35:35.815] [main/DEBUG] [mixin/]: Mixing VanillaPackResourcesAccessor from creativecore.mixins.json into net.minecraft.server.packs.VanillaPackResources
[16Feb2025 03:35:35.820] [main/WARN] [net.minecraft.server.packs.VanillaPackResources/]: Assets URL 'union:/workspaces/trabajopractico/servidor_minecraft/libraries/net/minecraft/server/1.19.2-20220805.130853/server-1.19.2-20220805.130853-srg.jar%23173!/assets/.mcassetsroot' uses unexpected schema
[16Feb2025 03:35:35.820] [main/WARN] [net.minecraft.server.packs.VanillaPackResources/]: Assets URL 'union:/workspaces/trabajopractico/servidor_minecraft/libraries/net/minecraft/server/1.19.2-20220805.130853/server-1.19.2-20220805.130853-srg.jar%23173!/data/.mcassetsroot' uses unexpected schema
[16Feb2025 03:35:35.859] [main/DEBUG] [mixin/]: Mixing item.diggingclaws.ServerPlayerGameModeMixin from mixins.artifacts.json into net.minecraft.server.level.ServerPlayerGameMode
[16Feb2025 03:35:35.860] [main/DEBUG] [mixin/]: mixins.artifacts.json:item.diggingclaws.ServerPlayerGameModeMixin: Class version 61 required is higher than the class version supported by the current version of Mixin (JAVA_8 supports class version 52)
[16Feb2025 03:35:35.860] [main/DEBUG] [mixin/]: Mixing ServerPlayerGameModeMixin from antixray.mixins.json into net.minecraft.server.level.ServerPlayerGameMode
[16Feb2025 03:35:35.860] [main/DEBUG] [mixin/]: antixray.mixins.json:ServerPlayerGameModeMixin: Class version 61 required is higher than the class version supported by the current version of Mixin (JAVA_16 supports class version 60)
[16Feb2025 03:35:35.869] [main/DEBUG] [mixin/]: Mixing PathPackResourcesAccessor from creativecore.mixins.json into net.minecraft.server.packs.AbstractPackResources
[16Feb2025 03:35:35.876] [main/DEBUG] [net.minecraftforge.server.ServerLifecycleHooks/CORE]: Generating PackInfo named mod:tconstruct for mod file /workspaces/trabajopractico/servidor_minecraft/mods/TConstruct-1.19.2-3.8.5.58.jar
[16Feb2025 03:35:35.876] [main/DEBUG] [net.minecraftforge.server.ServerLifecycleHooks/CORE]: Generating PackInfo named mod:uniquedungeons for mod file /workspaces/trabajopractico/servidor_minecraft/mods/uniquedungeons-0.69-43.2.3.jar
[16Feb2025 03:35:35.876] [main/DEBUG] [net.minecraftforge.server.ServerLifecycleHooks/CORE]: Generating PackInfo named mod:treechop for mod file /workspaces/trabajopractico/servidor_minecraft/mods/TreeChop-1.19.2-forge-0.19.1.jar
[16Feb2025 03:35:35.876] [main/DEBUG] [net.minecraftforge.server.ServerLifecycleHooks/CORE]: Generating PackInfo named mod:handcrafted for mod file /workspaces/trabajopractico/servidor_minecraft/mods/handcrafted-forge-1.19.2-2.0.6.jar
[16Feb2025 03:35:35.877] [main/DEBUG] [net.minecraftforge.server.ServerLifecycleHooks/CORE]: Generating PackInfo named mod:jade for mod file /workspaces/trabajopractico/servidor_minecraft/mods/Jade-1.19.1-forge-8.9.2.jar
[16Feb2025 03:35:35.877] [main/DEBUG] [net.minecraftforge.server.ServerLifecycleHooks/CORE]: Generating PackInfo named mod:creativecore for mod file /workspaces/trabajopractico/servidor_minecraft/mods/CreativeCore_FORGE_v2.11.28_mc1.19.2.jar
[16Feb2025 03:35:35.877] [main/DEBUG] [net.minecraftforge.server.ServerLifecycleHooks/CORE]: Generating PackInfo named mod:jei for mod file /workspaces/trabajopractico/servidor_minecraft/mods/jei-1.19.2-forge-11.8.1.1034.jar
[16Feb2025 03:35:35.877] [main/DEBUG] [net.minecraftforge.server.ServerLifecycleHooks/CORE]: Generating PackInfo named mod:epicsamurai for mod file /workspaces/trabajopractico/servidor_minecraft/mods/epicsamurai-0.0.16-1.19.2-forge.jar
[16Feb2025 03:35:35.877] [main/DEBUG] [net.minecraftforge.server.ServerLifecycleHooks/CORE]: Generating PackInfo named mod:curios for mod file /workspaces/trabajopractico/servidor_minecraft/mods/curios-forge-1.19.2-5.1.6.4.jar
[16Feb2025 03:35:35.878] [main/DEBUG] [net.minecraftforge.server.ServerLifecycleHooks/CORE]: Generating PackInfo named mod:spartanshields for mod file /workspaces/trabajopractico/servidor_minecraft/mods/spartanshields-1.19.2-3.0.1 (1).jar
[16Feb2025 03:35:35.878] [main/DEBUG] [net.minecraftforge.server.ServerLifecycleHooks/CORE]: Generating PackInfo named mod:mantle for mod file /workspaces/trabajopractico/servidor_minecraft/mods/Mantle-1.19.2-1.10.48.jar
[16Feb2025 03:35:35.878] [main/DEBUG] [net.minecraftforge.server.ServerLifecycleHooks/CORE]: Generating PackInfo named mod:xaerominimap for mod file /workspaces/trabajopractico/servidor_minecraft/mods/Xaeros_Minimap_25.0.0_Forge_1.19.1.jar
[16Feb2025 03:35:35.878] [main/DEBUG] [net.minecraftforge.server.ServerLifecycleHooks/CORE]: Generating PackInfo named mod:croptopia for mod file /workspaces/trabajopractico/servidor_minecraft/mods/Croptopia-1.19.2-FORGE-2.2.2.jar
[16Feb2025 03:35:35.878] [main/DEBUG] [net.minecraftforge.server.ServerLifecycleHooks/CORE]: Generating PackInfo named mod:xaeroworldmap for mod file /workspaces/trabajopractico/servidor_minecraft/mods/XaerosWorldMap_1.39.2_Forge_1.19.1.jar
[16Feb2025 03:35:35.878] [main/DEBUG] [net.minecraftforge.server.ServerLifecycleHooks/CORE]: Generating PackInfo named mod:citadel for mod file /workspaces/trabajopractico/servidor_minecraft/mods/citadel-2.1.4-1.19.jar
[16Feb2025 03:35:35.878] [main/DEBUG] [net.minecraftforge.server.ServerLifecycleHooks/CORE]: Generating PackInfo named mod:alexsmobs for mod file /workspaces/trabajopractico/servidor_minecraft/mods/alexsmobs-1.21.1.jar
[16Feb2025 03:35:35.879] [main/DEBUG] [net.minecraftforge.server.ServerLifecycleHooks/CORE]: Generating PackInfo named mod:autoreglib for mod file /workspaces/trabajopractico/servidor_minecraft/mods/AutoRegLib-1.8.2-55.jar
[16Feb2025 03:35:35.879] [main/DEBUG] [net.minecraftforge.server.ServerLifecycleHooks/CORE]: Generating PackInfo named mod:securitycraft for mod file /workspaces/trabajopractico/servidor_minecraft/mods/[1.19.2] SecurityCraft v1.9.6.1.jar
[16Feb2025 03:35:35.879] [main/DEBUG] [net.minecraftforge.server.ServerLifecycleHooks/CORE]: Generating PackInfo named mod:travelersbackpack for mod file /workspaces/trabajopractico/servidor_minecraft/mods/travelersbackpack-forge-1.19.2-8.2.41.jar
[16Feb2025 03:35:35.879] [main/DEBUG] [net.minecraftforge.server.ServerLifecycleHooks/CORE]: Generating PackInfo named mod:artifacts for mod file /workspaces/trabajopractico/servidor_minecraft/mods/artifacts-1.19.2-5.0.6.jar
[16Feb2025 03:35:35.880] [main/DEBUG] [net.minecraftforge.server.ServerLifecycleHooks/CORE]: Generating PackInfo named mod:canary for mod file /workspaces/trabajopractico/servidor_minecraft/mods/canary-mc1.19.2-0.3.3.jar
[16Feb2025 03:35:35.880] [main/DEBUG] [net.minecraftforge.server.ServerLifecycleHooks/CORE]: Generating PackInfo named mod:mixinextras for mod file 
[16Feb2025 03:35:35.880] [main/DEBUG] [net.minecraftforge.server.ServerLifecycleHooks/CORE]: Generating PackInfo named mod:antixray for mod file /workspaces/trabajopractico/servidor_minecraft/mods/anti-xray-1.3.0-Forge-1.19.2.jar
[16Feb2025 03:35:35.880] [main/DEBUG] [net.minecraftforge.server.ServerLifecycleHooks/CORE]: Generating PackInfo named mod:resourcefullib for mod file /workspaces/trabajopractico/servidor_minecraft/mods/resourcefullib-forge-1.19.2-1.1.24.jar
[16Feb2025 03:35:35.880] [main/DEBUG] [net.minecraftforge.server.ServerLifecycleHooks/CORE]: Generating PackInfo named mod:deeperdarker for mod file /workspaces/trabajopractico/servidor_minecraft/mods/deeperdarker-forge-1.19.2-1.2.2.jar
[16Feb2025 03:35:35.881] [main/DEBUG] [net.minecraftforge.server.ServerLifecycleHooks/CORE]: Generating PackInfo named mod:architectury for mod file /workspaces/trabajopractico/servidor_minecraft/mods/architectury-6.6.92-forge.jar
[16Feb2025 03:35:35.881] [main/DEBUG] [net.minecraftforge.server.ServerLifecycleHooks/CORE]: Generating PackInfo named mod:ferritecore for mod file /workspaces/trabajopractico/servidor_minecraft/mods/ferritecore-5.0.3-forge.jar
[16Feb2025 03:35:35.881] [main/DEBUG] [net.minecraftforge.server.ServerLifecycleHooks/CORE]: Generating PackInfo named mod:iceandfire for mod file /workspaces/trabajopractico/servidor_minecraft/mods/iceandfire-1.19.2-2.1.13-beta-3.jar
[16Feb2025 03:35:35.881] [main/DEBUG] [net.minecraftforge.server.ServerLifecycleHooks/CORE]: Generating PackInfo named mod:puzzleslib for mod file /workspaces/trabajopractico/servidor_minecraft/mods/PuzzlesLib-v4.4.3-1.19.2-Forge.jar
[16Feb2025 03:35:35.881] [main/DEBUG] [net.minecraftforge.server.ServerLifecycleHooks/CORE]: Generating PackInfo named mod:cloth_config for mod file /workspaces/trabajopractico/servidor_minecraft/mods/cloth-config-8.3.134-forge.jar
[16Feb2025 03:35:35.881] [main/DEBUG] [net.minecraftforge.server.ServerLifecycleHooks/CORE]: Generating PackInfo named mod:forge for mod file /workspaces/trabajopractico/servidor_minecraft/libraries/net/minecraftforge/forge/1.19.2-43.4.2/forge-1.19.2-43.4.2-universal.jar
[16Feb2025 03:35:35.882] [main/DEBUG] [net.minecraftforge.server.ServerLifecycleHooks/CORE]: Generating PackInfo named mod:quark for mod file /workspaces/trabajopractico/servidor_minecraft/mods/Quark-3.4-418.jar
[16Feb2025 03:35:35.882] [main/DEBUG] [net.minecraftforge.server.ServerLifecycleHooks/CORE]: Generating PackInfo named mod:appleskin for mod file /workspaces/trabajopractico/servidor_minecraft/mods/appleskin-forge-mc1.19-2.4.2.jar
[16Feb2025 03:35:35.882] [main/DEBUG] [net.minecraftforge.server.ServerLifecycleHooks/CORE]: Generating PackInfo named mod:expandability for mod file 
[16Feb2025 03:35:35.882] [main/DEBUG] [net.minecraftforge.server.ServerLifecycleHooks/CORE]: Generating PackInfo named mod:moblassos for mod file /workspaces/trabajopractico/servidor_minecraft/mods/MobLassos-v4.0.0-1.19.2-Forge.jar
[16Feb2025 03:35:35.882] [main/DEBUG] [net.minecraftforge.server.ServerLifecycleHooks/CORE]: Generating PackInfo named mod:playerrevive for mod file /workspaces/trabajopractico/servidor_minecraft/mods/PlayerRevive_FORGE_v2.0.17_mc1.19.2.jar
[16Feb2025 03:35:35.882] [main/DEBUG] [net.minecraftforge.server.ServerLifecycleHooks/CORE]: Generating PackInfo named mod:geckolib3 for mod file /workspaces/trabajopractico/servidor_minecraft/mods/geckolib-forge-1.19-3.1.40.jar
[16Feb2025 03:35:35.883] [main/DEBUG] [net.minecraftforge.server.ServerLifecycleHooks/CORE]: Generating PackInfo named mod:embeddium for mod file /workspaces/trabajopractico/servidor_minecraft/mods/embeddium-0.3.18.1+mc1.19.2.jar
[16Feb2025 03:35:35.883] [main/DEBUG] [net.minecraftforge.server.ServerLifecycleHooks/CORE]: Generating PackInfo named mod:undead_revamp2 for mod file /workspaces/trabajopractico/servidor_minecraft/mods/THEUNDEADREVAMPED_1.0b_1.19.2[LAST 1.19.2].jar
[16Feb2025 03:35:35.883] [main/DEBUG] [net.minecraftforge.server.ServerLifecycleHooks/CORE]: Generating PackInfo named mod:corpse for mod file /workspaces/trabajopractico/servidor_minecraft/mods/corpse-forge-1.19.2-1.0.17.jar
[16Feb2025 03:35:37.273] [main/DEBUG] [mixin/]: Mixing LootPoolAccessor from croptopia.mixins.json into net.minecraft.world.level.storage.loot.LootPool
[16Feb2025 03:35:37.273] [main/DEBUG] [mixin/]: croptopia.mixins.json:LootPoolAccessor: Class version 61 required is higher than the class version supported by the current version of Mixin (JAVA_8 supports class version 52)
[16Feb2025 03:35:37.570] [main/DEBUG] [mixin/]: Mixing ServerAdvancementManagerMixin from quark.mixins.json into net.minecraft.server.ServerAdvancementManager
[16Feb2025 03:35:37.575] [main/INFO] [com.github.alexthe666.alexsmobs.AlexsMobs/]: Adding datapack listener capsid_recipes
[16Feb2025 03:35:37.823] [Worker-Main-2/ERROR] [net.minecraft.tags.TagLoader/]: Couldn't load tag [minecraft:amethyst_shard (from epicsamurai-0.0.16-1.19.2-forge.jar)] as it is missing following references: minecraft:amethyst_shard (from epicsamurai-0.0.16-1.19.2-forge.jar)
[16Feb2025 03:35:38.171] [Worker-Main-2/ERROR] [net.minecraft.server.packs.resources.SimpleJsonResourceReloadListener/]: Couldn't parse data file uniquedungeons:chests/pedestal from uniquedungeons:loot_tables/chests/pedestal.json
com.google.gson.JsonParseException: com.google.gson.stream.MalformedJsonException: Use JsonReader.setLenient(true) to accept malformed JSON at line 10 column 10 path $.pools[0].entries[1]
	at net.minecraft.util.GsonHelper.m_13780_(GsonHelper.java:512) ~[server-1.19.2-20220805.130853-srg.jar%23173!/:?]
	at net.minecraft.util.GsonHelper.m_13776_(GsonHelper.java:549) ~[server-1.19.2-20220805.130853-srg.jar%23173!/:?]
	at net.minecraft.server.packs.resources.SimpleJsonResourceReloadListener.m_5944_(SimpleJsonResourceReloadListener.java:43) ~[server-1.19.2-20220805.130853-srg.jar%23173!/:?]
	at net.minecraft.server.packs.resources.SimpleJsonResourceReloadListener.m_5944_(SimpleJsonResourceReloadListener.java:16) ~[server-1.19.2-20220805.130853-srg.jar%23173!/:?]
	at net.minecraft.server.packs.resources.SimplePreparableReloadListener.m_10786_(SimplePreparableReloadListener.java:11) ~[server-1.19.2-20220805.130853-srg.jar%23173!/:?]
	at java.util.concurrent.CompletableFuture$AsyncSupply.run(CompletableFuture.java:1768) [?:?]
	at java.util.concurrent.CompletableFuture$AsyncSupply.exec(CompletableFuture.java:1760) [?:?]
	at java.util.concurrent.ForkJoinTask.doExec(ForkJoinTask.java:373) [?:?]
	at java.util.concurrent.ForkJoinPool$WorkQueue.topLevelExec(ForkJoinPool.java:1182) [?:?]
	at java.util.concurrent.ForkJoinPool.scan(ForkJoinPool.java:1655) [?:?]
	at java.util.concurrent.ForkJoinPool.runWorker(ForkJoinPool.java:1622) [?:?]
	at java.util.concurrent.ForkJoinWorkerThread.run(ForkJoinWorkerThread.java:165) [?:?]
Caused by: com.google.gson.stream.MalformedJsonException: Use JsonReader.setLenient(true) to accept malformed JSON at line 10 column 10 path $.pools[0].entries[1]
	at com.google.gson.stream.JsonReader.syntaxError(JsonReader.java:1562) ~[gson-2.8.9.jar%2370!/:?]
	at com.google.gson.stream.JsonReader.checkLenient(JsonReader.java:1403) ~[gson-2.8.9.jar%2370!/:?]
	at com.google.gson.stream.JsonReader.nextNonWhitespace(JsonReader.java:1354) ~[gson-2.8.9.jar%2370!/:?]
	at com.google.gson.stream.JsonReader.doPeek(JsonReader.java:548) ~[gson-2.8.9.jar%2370!/:?]
	at com.google.gson.stream.JsonReader.hasNext(JsonReader.java:413) ~[gson-2.8.9.jar%2370!/:?]
	at com.google.gson.internal.bind.TypeAdapters$27.read(TypeAdapters.java:675) ~[gson-2.8.9.jar%2370!/:?]
	at com.google.gson.internal.bind.TypeAdapters$27.read(TypeAdapters.java:684) ~[gson-2.8.9.jar%2370!/:?]
	at com.google.gson.internal.bind.TypeAdapters$27.read(TypeAdapters.java:676) ~[gson-2.8.9.jar%2370!/:?]
	at com.google.gson.internal.bind.TypeAdapters$27.read(TypeAdapters.java:684) ~[gson-2.8.9.jar%2370!/:?]
	at com.google.gson.internal.bind.TypeAdapters$27.read(TypeAdapters.java:655) ~[gson-2.8.9.jar%2370!/:?]
	at com.google.gson.internal.bind.TypeAdapters$33$1.read(TypeAdapters.java:866) ~[gson-2.8.9.jar%2370!/:?]
	at net.minecraft.util.GsonHelper.m_13780_(GsonHelper.java:510) ~[server-1.19.2-20220805.130853-srg.jar%23173!/:?]
	... 11 more
[16Feb2025 03:35:38.268] [Worker-Main-2/INFO] [Mantle/]: Loaded 17 loot table injectors injecting into 15 tables in 14.782425 ms
[16Feb2025 03:35:38.328] [main/DEBUG] [mixin/]: Mixing LootContextParamSetsAccess from treechop.mixins.json into net.minecraft.world.level.storage.loot.parameters.LootContextParamSets
[16Feb2025 03:35:38.329] [main/DEBUG] [mixin/]: Renaming @Invoker method callRegister(Ljava/lang/String;Ljava/util/function/Consumer;)Lnet/minecraft/world/level/storage/loot/parameters/LootContextParamSet; to callRegister_$md$d1c143$0 in treechop.mixins.json:LootContextParamSetsAccess
[16Feb2025 03:35:38.365] [main/INFO] [net.minecraft.world.item.crafting.RecipeManager/]: Skipping loading recipe epicsamurai:dye_ars_nouveau_helmet as it's serializer returned null
[16Feb2025 03:35:38.369] [main/INFO] [net.minecraft.world.item.crafting.RecipeManager/]: Skipping loading recipe epicsamurai:dye_ars_nouveau_leggings as it's serializer returned null
[16Feb2025 03:35:38.393] [main/INFO] [net.minecraft.world.item.crafting.RecipeManager/]: Skipping loading recipe epicsamurai:source_gem_samruai_helmet_ritual as it's serializer returned null
[16Feb2025 03:35:38.394] [main/INFO] [net.minecraft.world.item.crafting.RecipeManager/]: Skipping loading recipe epicsamurai:brass_samruai_helmet_mechanical_crafting as it's serializer returned null
[16Feb2025 03:35:38.399] [main/INFO] [net.minecraft.world.item.crafting.RecipeManager/]: Skipping loading recipe epicsamurai:brass_samruai_chestplate_mechanical_crafting as it's serializer returned null
[16Feb2025 03:35:38.419] [main/INFO] [net.minecraft.world.item.crafting.RecipeManager/]: Skipping loading recipe epicsamurai:brass_repair_kit_mechanical_crafting as it's serializer returned null
[16Feb2025 03:35:38.430] [main/INFO] [net.minecraft.world.item.crafting.RecipeManager/]: Skipping loading recipe epicsamurai:source_gem_samruai_leggings_ritual as it's serializer returned null
[16Feb2025 03:35:38.432] [main/INFO] [net.minecraft.world.item.crafting.RecipeManager/]: Skipping loading recipe epicsamurai:dye_ars_nouveau_boots as it's serializer returned null
[16Feb2025 03:35:38.455] [main/INFO] [net.minecraft.world.item.crafting.RecipeManager/]: Skipping loading recipe epicsamurai:brass_samruai_leggings_mechanical_crafting as it's serializer returned null
[16Feb2025 03:35:38.463] [main/INFO] [net.minecraft.world.item.crafting.RecipeManager/]: Skipping loading recipe epicsamurai:source_gem_samruai_boots_ritual as it's serializer returned null
[16Feb2025 03:35:38.483] [main/ERROR] [net.minecraft.world.item.crafting.RecipeManager/]: Parsing error loading recipe epicsamurai:samurai_guide
com.google.gson.JsonSyntaxException: Unknown item 'patchouli:guide_book'
	at net.minecraftforge.common.crafting.CraftingHelper.getItem(CraftingHelper.java:154) ~[forge-1.19.2-43.4.2-universal.jar%23178!/:?]
	at net.minecraftforge.common.crafting.CraftingHelper.getItemStack(CraftingHelper.java:180) ~[forge-1.19.2-43.4.2-universal.jar%23178!/:?]
	at net.minecraft.world.item.crafting.ShapedRecipe.m_151274_(ShapedRecipe.java:269) ~[server-1.19.2-20220805.130853-srg.jar%23173!/:?]
	at net.minecraft.world.item.crafting.ShapedRecipe$Serializer.m_6729_(ShapedRecipe.java:293) ~[server-1.19.2-20220805.130853-srg.jar%23173!/:?]
	at net.minecraft.world.item.crafting.ShapedRecipe$Serializer.m_6729_(ShapedRecipe.java:284) ~[server-1.19.2-20220805.130853-srg.jar%23173!/:?]
	at net.minecraftforge.common.extensions.IForgeRecipeSerializer.fromJson(IForgeRecipeSerializer.java:23) ~[forge-1.19.2-43.4.2-universal.jar%23178!/:?]
	at net.minecraft.world.item.crafting.RecipeManager.fromJson(RecipeManager.java:171) ~[server-1.19.2-20220805.130853-srg.jar%23173!/:?]
	at net.minecraft.world.item.crafting.RecipeManager.m_5787_(RecipeManager.java:67) ~[server-1.19.2-20220805.130853-srg.jar%23173!/:?]
	at net.minecraft.world.item.crafting.RecipeManager.m_5787_(RecipeManager.java:34) ~[server-1.19.2-20220805.130853-srg.jar%23173!/:?]
	at net.minecraft.server.packs.resources.SimplePreparableReloadListener.m_10789_(SimplePreparableReloadListener.java:13) ~[server-1.19.2-20220805.130853-srg.jar%23173!/:?]
	at java.util.concurrent.CompletableFuture$UniAccept.tryFire(CompletableFuture.java:718) ~[?:?]
	at java.util.concurrent.CompletableFuture$Completion.run(CompletableFuture.java:482) ~[?:?]
	at net.minecraft.server.packs.resources.SimpleReloadInstance.m_143940_(SimpleReloadInstance.java:69) ~[server-1.19.2-20220805.130853-srg.jar%23173!/:?]
	at net.minecraft.Util.m_214652_(Util.java:781) ~[server-1.19.2-20220805.130853-srg.jar%23173!/:?]
	at net.minecraft.Util.m_214679_(Util.java:770) ~[server-1.19.2-20220805.130853-srg.jar%23173!/:?]
	at net.minecraft.server.Main.main(Main.java:157) ~[server-1.19.2-20220805.130853-srg.jar%23173!/:?]
	at jdk.internal.reflect.NativeMethodAccessorImpl.invoke0(Native Method) ~[?:?]
	at jdk.internal.reflect.NativeMethodAccessorImpl.invoke(NativeMethodAccessorImpl.java:77) ~[?:?]
	at jdk.internal.reflect.DelegatingMethodAccessorImpl.invoke(DelegatingMethodAccessorImpl.java:43) ~[?:?]
	at java.lang.reflect.Method.invoke(Method.java:569) ~[?:?]
	at net.minecraftforge.fml.loading.targets.CommonServerLaunchHandler.lambda$launchService$0(CommonServerLaunchHandler.java:29) ~[fmlloader-1.19.2-43.4.2.jar%2367!/:?]
	at cpw.mods.modlauncher.LaunchServiceHandlerDecorator.launch(LaunchServiceHandlerDecorator.java:30) [modlauncher-10.0.8.jar%2354!/:?]
	at cpw.mods.modlauncher.LaunchServiceHandler.launch(LaunchServiceHandler.java:53) [modlauncher-10.0.8.jar%2354!/:?]
	at cpw.mods.modlauncher.LaunchServiceHandler.launch(LaunchServiceHandler.java:71) [modlauncher-10.0.8.jar%2354!/:?]
	at cpw.mods.modlauncher.Launcher.run(Launcher.java:106) [modlauncher-10.0.8.jar%2354!/:?]
	at cpw.mods.modlauncher.Launcher.main(Launcher.java:77) [modlauncher-10.0.8.jar%2354!/:?]
	at cpw.mods.modlauncher.BootstrapLaunchConsumer.accept(BootstrapLaunchConsumer.java:26) [modlauncher-10.0.8.jar%2354!/:?]
	at cpw.mods.modlauncher.BootstrapLaunchConsumer.accept(BootstrapLaunchConsumer.java:23) [modlauncher-10.0.8.jar%2354!/:?]
	at cpw.mods.bootstraplauncher.BootstrapLauncher.main(BootstrapLauncher.java:141) [bootstraplauncher-1.1.2.jar:?]
[16Feb2025 03:35:38.531] [main/INFO] [net.minecraft.world.item.crafting.RecipeManager/]: Skipping loading recipe epicsamurai:source_gem_samruai_chestplate_ritual as it's serializer returned null
[16Feb2025 03:35:38.535] [main/INFO] [net.minecraft.world.item.crafting.RecipeManager/]: Skipping loading recipe epicsamurai:dye_ars_nouveau_chestplate as it's serializer returned null
[16Feb2025 03:35:38.542] [main/INFO] [net.minecraft.world.item.crafting.RecipeManager/]: Skipping loading recipe epicsamurai:brass_samruai_boots_mechanical_crafting as it's serializer returned null
[16Feb2025 03:35:38.553] [main/INFO] [net.minecraft.world.item.crafting.RecipeManager/]: Loaded 21 recipes
[16Feb2025 03:35:38.646] [main/DEBUG] [Mantle/]: Injecting into 1 pools in the table minecraft:gameplay/hero_of_the_village/toolsmith_gift
[16Feb2025 03:35:38.658] [main/DEBUG] [mixin/]: Mixing LootPoolBuilderAccessor from croptopia.mixins.json into net.minecraft.world.level.storage.loot.LootPool$Builder
[16Feb2025 03:35:38.659] [main/DEBUG] [mixin/]: croptopia.mixins.json:LootPoolBuilderAccessor: Class version 61 required is higher than the class version supported by the current version of Mixin (JAVA_8 supports class version 52)
[16Feb2025 03:35:38.667] [main/DEBUG] [Mantle/]: Injecting into 1 pools in the table minecraft:chests/igloo_chest
[16Feb2025 03:35:38.696] [main/DEBUG] [Mantle/]: Injecting into 1 pools in the table minecraft:chests/end_city_treasure
[16Feb2025 03:35:38.718] [main/DEBUG] [Mantle/]: Injecting into 1 pools in the table minecraft:chests/ruined_portal
[16Feb2025 03:35:38.735] [main/DEBUG] [Mantle/]: Injecting into 1 pools in the table minecraft:chests/abandoned_mineshaft
[16Feb2025 03:35:38.784] [main/DEBUG] [Mantle/]: Injecting into 1 pools in the table minecraft:chests/bastion_bridge
[16Feb2025 03:35:38.792] [main/DEBUG] [Mantle/]: Injecting into 1 pools in the table minecraft:chests/pillager_outpost
[16Feb2025 03:35:38.823] [main/DEBUG] [Mantle/]: Injecting into 1 pools in the table minecraft:chests/woodland_mansion
[16Feb2025 03:35:38.832] [main/DEBUG] [Mantle/]: Injecting into 1 pools in the table minecraft:chests/bastion_treasure
[16Feb2025 03:35:38.853] [main/DEBUG] [Mantle/]: Injecting into 1 pools in the table minecraft:chests/nether_bridge
[16Feb2025 03:35:38.917] [main/DEBUG] [Mantle/]: Injecting into 1 pools in the table minecraft:gameplay/hero_of_the_village/weaponsmith_gift
[16Feb2025 03:35:38.941] [main/DEBUG] [Mantle/]: Injecting into 2 pools in the table minecraft:chests/simple_dungeon
[16Feb2025 03:35:38.986] [main/DEBUG] [Mantle/]: Injecting into 2 pools in the table minecraft:chests/spawn_bonus_chest
[16Feb2025 03:35:38.995] [main/DEBUG] [Mantle/]: Injecting into 1 pools in the table minecraft:gameplay/piglin_bartering
[16Feb2025 03:35:39.032] [main/DEBUG] [Mantle/]: Injecting into 1 pools in the table minecraft:chests/bastion_other
[16Feb2025 03:35:39.067] [main/WARN] [net.minecraft.world.level.storage.loot.LootTables/]: Found validation problem in {undead_revamp2:entities/theheavy}.pools[2].entries[1].functions[1]: Parameters [<parameter minecraft:tool>] are not provided in this context
[16Feb2025 03:35:39.068] [main/WARN] [net.minecraft.world.level.storage.loot.LootTables/]: Found validation problem in {undead_revamp2:entities/slaveman}.pools[3].entries[0].functions[1]: Parameters [<parameter minecraft:tool>] are not provided in this context
[16Feb2025 03:35:39.126] [main/ERROR] [net.minecraft.server.ServerAdvancementManager/]: Parsing error loading custom advancement spartanshields:recipes/spartanshields/basic_mekanists_basic_shield: Unknown item id 'mekanism:energy_tablet'
[16Feb2025 03:35:39.139] [main/ERROR] [net.minecraft.server.ServerAdvancementManager/]: Parsing error loading custom advancement spartanshields:recipes/spartanshields/basic_mekanists_tower_shield: Unknown item id 'mekanism:energy_tablet'
[16Feb2025 03:35:39.198] [main/INFO] [quark/]: [Automatic Recipe Unlock] Removed 3098 recipe advancements
[16Feb2025 03:35:39.212] [main/INFO] [net.minecraft.advancements.AdvancementList/]: Loaded 369 advancements
[16Feb2025 03:35:39.214] [main/INFO] [slimeknights.mantle.fluid.transfer.FluidContainerTransferManager/]: Loaded 24 dynamic modifiers in 0.826704 ms
[16Feb2025 03:35:39.248] [main/INFO] [slimeknights.tconstruct.library.modifiers.ModifierManager/]: Loaded 131 dynamic modifiers and 0 modifier redirects in 32.634377 ms
[16Feb2025 03:35:39.253] [main/INFO] [slimeknights.tconstruct.library.modifiers.ModifierManager/]: Loaded 39 modifier tags for 137 modifiers in 5.098625 ms
[16Feb2025 03:35:39.254] [main/INFO] [slimeknights.tconstruct.library.modifiers.ModifierManager/]: Loaded 50 enchantment to modifier mappings in 0.717921 ms
[16Feb2025 03:35:39.256] [main/INFO] [tconstruct/]: Loaded 49 spilling fluids in 1.775907 ms
[16Feb2025 03:35:39.264] [main/INFO] [quark/]: Modified advancement minecraft:husbandry/wax_on with 2 patches
[16Feb2025 03:35:39.265] [main/INFO] [quark/]: Modified advancement minecraft:adventure/kill_a_mob with 3 patches
[16Feb2025 03:35:39.265] [main/INFO] [quark/]: Modified advancement minecraft:husbandry/bred_all_animals with 3 patches
[16Feb2025 03:35:39.265] [main/INFO] [quark/]: Modified advancement minecraft:adventure/kill_all_mobs with 3 patches
[16Feb2025 03:35:39.266] [main/INFO] [quark/]: Modified advancement minecraft:husbandry/balanced_diet with 2 patches
[16Feb2025 03:35:39.266] [main/INFO] [quark/]: Modified advancement minecraft:nether/all_effects with 1 patches
[16Feb2025 03:35:39.266] [main/INFO] [quark/]: Modified advancement minecraft:husbandry/wax_off with 2 patches
[16Feb2025 03:35:39.266] [main/INFO] [quark/]: Modified advancement minecraft:adventure/adventuring_time with 1 patches
[16Feb2025 03:35:39.266] [main/INFO] [quark/]: Modified advancement minecraft:nether/all_potions with 1 patches
[16Feb2025 03:35:39.269] [main/DEBUG] [slimeknights.tconstruct.library.materials.definition.MaterialManager/]: Skipped loading material tconstruct:bronze as it did not match the condition
[16Feb2025 03:35:39.269] [main/DEBUG] [slimeknights.tconstruct.library.materials.definition.MaterialManager/]: Skipped loading material tconstruct:invar as it did not match the condition
[16Feb2025 03:35:39.270] [main/DEBUG] [slimeknights.tconstruct.library.materials.definition.MaterialManager/]: Skipped loading material tconstruct:platinum as it did not match the condition
[16Feb2025 03:35:39.270] [main/DEBUG] [slimeknights.tconstruct.library.materials.definition.MaterialManager/]: Skipped loading material tconstruct:necronium as it did not match the condition
[16Feb2025 03:35:39.270] [main/DEBUG] [slimeknights.tconstruct.library.materials.definition.MaterialManager/]: Skipped loading material tconstruct:plated_slimewood as it did not match the condition
[16Feb2025 03:35:39.270] [main/DEBUG] [slimeknights.tconstruct.library.materials.definition.MaterialManager/]: Skipped loading material tconstruct:constantan as it did not match the condition
[16Feb2025 03:35:39.270] [main/DEBUG] [slimeknights.tconstruct.library.materials.definition.MaterialManager/]: Redirecting material tconstruct:chain to tconstruct:rose_gold
[16Feb2025 03:35:39.270] [main/DEBUG] [slimeknights.tconstruct.library.materials.definition.MaterialManager/]: Redirecting material tconstruct:bloodbone to tconstruct:venombone
[16Feb2025 03:35:39.271] [main/DEBUG] [slimeknights.tconstruct.library.materials.definition.MaterialManager/]: Skipped loading material tconstruct:osmium as it did not match the condition
[16Feb2025 03:35:39.271] [main/DEBUG] [slimeknights.tconstruct.library.materials.definition.MaterialManager/]: Skipped loading material tconstruct:lead as it did not match the condition
[16Feb2025 03:35:39.271] [main/DEBUG] [slimeknights.tconstruct.library.materials.definition.MaterialManager/]: Skipped loading material tconstruct:aluminum as it did not match the condition
[16Feb2025 03:35:39.271] [main/DEBUG] [slimeknights.tconstruct.library.materials.definition.MaterialManager/]: Skipped loading material tconstruct:tungsten as it did not match the condition
[16Feb2025 03:35:39.272] [main/DEBUG] [slimeknights.tconstruct.library.materials.definition.MaterialManager/]: Loaded materials: 
	tconstruct:silver
	tconstruct:queens_slime
	tconstruct:honey
	tconstruct:copper
	tconstruct:phantom
	tconstruct:scorched_stone
	tconstruct:chorus
	tconstruct:whitestone
	tconstruct:skyslime_vine
	tconstruct:obsidian
	tconstruct:steel
	tconstruct:amethyst_bronze
	tconstruct:ancient_hide
	tconstruct:hepatizon
	tconstruct:blood
	tconstruct:clay
	tconstruct:nahuatl
	tconstruct:wood
	tconstruct:ender_pearl
	tconstruct:pig_iron
	tconstruct:string
	tconstruct:ichor
	tconstruct:darkthread
	tconstruct:vine
	tconstruct:slimewood
	tconstruct:blazing_bone
	tconstruct:bone
	tconstruct:venombone
	tconstruct:flint
	tconstruct:iron
	tconstruct:rotten_flesh
	tconstruct:necrotic_bone
	tconstruct:electrum
	tconstruct:enderslime_vine
	tconstruct:rose_gold
	tconstruct:glass
	tconstruct:seared_stone
	tconstruct:blazewood
	tconstruct:manyullyn
	tconstruct:magma
	tconstruct:gold
	tconstruct:bamboo
	tconstruct:rock
	tconstruct:earthslime
	tconstruct:enderslime
	tconstruct:skyslime
	tconstruct:slimesteel
	tconstruct:cobalt
	tconstruct:leather
[16Feb2025 03:35:39.272] [main/DEBUG] [slimeknights.tconstruct.library.materials.definition.MaterialManager/]: Loaded redirects: 
	tconstruct:bloodbone
	tconstruct:chain
[16Feb2025 03:35:39.272] [main/INFO] [slimeknights.tconstruct.library.materials.definition.MaterialManager/]: Loaded 49 materials in 5.451744 ms
[16Feb2025 03:35:39.273] [main/INFO] [slimeknights.tconstruct.library.materials.definition.MaterialManager/]: Loaded 1 material tags for 19 materials in 1.119842 ms
[16Feb2025 03:35:39.281] [main/DEBUG] [slimeknights.tconstruct.library.materials.stats.MaterialStatsManager/]: Loaded stats for materials:
	tconstruct:silver - [tconstruct:plating_leggings, tconstruct:maille, tconstruct:handle, tconstruct:plating_shield, tconstruct:head, tconstruct:limb, tconstruct:plating_boots, tconstruct:plating_helmet, tconstruct:grip, tconstruct:binding, tconstruct:plating_chestplate]
	tconstruct:queens_slime - [tconstruct:plating_leggings, tconstruct:maille, tconstruct:handle, tconstruct:plating_shield, tconstruct:head, tconstruct:limb, tconstruct:plating_boots, tconstruct:plating_helmet, tconstruct:grip, tconstruct:binding, tconstruct:plating_chestplate]
	tconstruct:honey - []
	tconstruct:scorched_stone - [tconstruct:plating_leggings, tconstruct:maille, tconstruct:handle, tconstruct:plating_shield, tconstruct:head, tconstruct:plating_boots, tconstruct:plating_helmet, tconstruct:binding, tconstruct:plating_chestplate]
	tconstruct:phantom - [tconstruct:repair_kit]
	tconstruct:copper - [tconstruct:plating_leggings, tconstruct:skull, tconstruct:maille, tconstruct:handle, tconstruct:plating_shield, tconstruct:head, tconstruct:limb, tconstruct:plating_boots, tconstruct:plating_helmet, tconstruct:grip, tconstruct:binding, tconstruct:plating_chestplate]
	tconstruct:whitestone - [tconstruct:handle, tconstruct:head, tconstruct:binding]
	tconstruct:chorus - [tconstruct:handle, tconstruct:shield_core, tconstruct:head, tconstruct:limb, tconstruct:grip, tconstruct:binding]
	tconstruct:skyslime_vine - [tconstruct:bowstring, tconstruct:binding]
	tconstruct:bronze - [tconstruct:plating_leggings, tconstruct:maille, tconstruct:handle, tconstruct:plating_shield, tconstruct:head, tconstruct:limb, tconstruct:plating_boots, tconstruct:plating_helmet, tconstruct:grip, tconstruct:binding, tconstruct:plating_chestplate]
	tconstruct:obsidian - [tconstruct:plating_leggings, tconstruct:maille, tconstruct:plating_shield, tconstruct:plating_boots, tconstruct:plating_helmet, tconstruct:plating_chestplate]
	tconstruct:steel - [tconstruct:plating_leggings, tconstruct:maille, tconstruct:handle, tconstruct:plating_shield, tconstruct:head, tconstruct:limb, tconstruct:plating_boots, tconstruct:plating_helmet, tconstruct:grip, tconstruct:binding, tconstruct:plating_chestplate]
	tconstruct:invar - [tconstruct:plating_leggings, tconstruct:maille, tconstruct:handle, tconstruct:plating_shield, tconstruct:head, tconstruct:limb, tconstruct:plating_boots, tconstruct:plating_helmet, tconstruct:grip, tconstruct:binding, tconstruct:plating_chestplate]
	tconstruct:amethyst_bronze - [tconstruct:plating_leggings, tconstruct:maille, tconstruct:handle, tconstruct:plating_shield, tconstruct:head, tconstruct:limb, tconstruct:plating_boots, tconstruct:plating_helmet, tconstruct:grip, tconstruct:binding, tconstruct:plating_chestplate]
	tconstruct:ancient_hide - [tconstruct:maille, tconstruct:binding]
	tconstruct:hepatizon - [tconstruct:plating_leggings, tconstruct:maille, tconstruct:handle, tconstruct:plating_shield, tconstruct:head, tconstruct:limb, tconstruct:plating_boots, tconstruct:plating_helmet, tconstruct:grip, tconstruct:binding, tconstruct:plating_chestplate]
	tconstruct:blood - []
	tconstruct:clay - []
	tconstruct:wood - [tconstruct:handle, tconstruct:shield_core, tconstruct:head, tconstruct:limb, tconstruct:grip, tconstruct:binding]
	tconstruct:nahuatl - [tconstruct:handle, tconstruct:shield_core, tconstruct:head, tconstruct:limb, tconstruct:grip, tconstruct:binding]
	tconstruct:pig_iron - [tconstruct:plating_leggings, tconstruct:skull, tconstruct:maille, tconstruct:handle, tconstruct:plating_shield, tconstruct:head, tconstruct:plating_boots, tconstruct:plating_helmet, tconstruct:binding, tconstruct:plating_chestplate]
	tconstruct:ender_pearl - [tconstruct:skull]
	tconstruct:platinum - [tconstruct:handle, tconstruct:head, tconstruct:limb, tconstruct:grip, tconstruct:binding]
	tconstruct:string - [tconstruct:skull, tconstruct:bowstring, tconstruct:binding]
	tconstruct:necronium - [tconstruct:handle, tconstruct:head, tconstruct:limb, tconstruct:grip, tconstruct:binding]
	tconstruct:ichor - []
	tconstruct:darkthread - [tconstruct:skull, tconstruct:bowstring, tconstruct:binding]
	tconstruct:vine - [tconstruct:bowstring, tconstruct:binding]
	tconstruct:slimewood - [tconstruct:handle, tconstruct:shield_core, tconstruct:head, tconstruct:limb, tconstruct:grip, tconstruct:binding]
	tconstruct:blazing_bone - [tconstruct:skull, tconstruct:handle, tconstruct:head, tconstruct:limb, tconstruct:grip, tconstruct:binding]
	tconstruct:plated_slimewood - [tconstruct:handle, tconstruct:head, tconstruct:limb, tconstruct:grip, tconstruct:binding]
	tconstruct:bone - [tconstruct:skull, tconstruct:handle, tconstruct:head, tconstruct:limb, tconstruct:grip, tconstruct:binding]
	tconstruct:constantan - [tconstruct:plating_leggings, tconstruct:maille, tconstruct:handle, tconstruct:plating_shield, tconstruct:head, tconstruct:limb, tconstruct:plating_boots, tconstruct:plating_helmet, tconstruct:grip, tconstruct:binding, tconstruct:plating_chestplate]
	tconstruct:venombone - [tconstruct:skull, tconstruct:handle, tconstruct:head, tconstruct:limb, tconstruct:grip, tconstruct:binding]
	tconstruct:iron - [tconstruct:plating_leggings, tconstruct:skull, tconstruct:maille, tconstruct:handle, tconstruct:plating_shield, tconstruct:head, tconstruct:limb, tconstruct:plating_boots, tconstruct:plating_helmet, tconstruct:grip, tconstruct:binding, tconstruct:plating_chestplate]
	tconstruct:flint - [tconstruct:handle, tconstruct:head, tconstruct:binding]
	tconstruct:rotten_flesh - [tconstruct:skull]
	tconstruct:necrotic_bone - [tconstruct:skull, tconstruct:handle, tconstruct:head, tconstruct:limb, tconstruct:grip, tconstruct:binding]
	tconstruct:rose_gold - [tconstruct:skull, tconstruct:limb, tconstruct:plating_helmet, tconstruct:grip, tconstruct:plating_leggings, tconstruct:maille, tconstruct:handle, tconstruct:bowstring, tconstruct:plating_shield, tconstruct:head, tconstruct:plating_boots, tconstruct:binding, tconstruct:plating_chestplate]
	tconstruct:enderslime_vine - [tconstruct:bowstring, tconstruct:binding]
	tconstruct:electrum - [tconstruct:plating_leggings, tconstruct:maille, tconstruct:handle, tconstruct:plating_shield, tconstruct:head, tconstruct:limb, tconstruct:plating_boots, tconstruct:plating_helmet, tconstruct:grip, tconstruct:binding, tconstruct:plating_chestplate]
	tconstruct:seared_stone - [tconstruct:plating_leggings, tconstruct:maille, tconstruct:handle, tconstruct:plating_shield, tconstruct:head, tconstruct:plating_boots, tconstruct:plating_helmet, tconstruct:binding, tconstruct:plating_chestplate]
	tconstruct:glass - [tconstruct:skull]
	tconstruct:osmium - [tconstruct:plating_leggings, tconstruct:maille, tconstruct:handle, tconstruct:plating_shield, tconstruct:head, tconstruct:plating_boots, tconstruct:plating_helmet, tconstruct:binding, tconstruct:plating_chestplate]
	tconstruct:manyullyn - [tconstruct:plating_leggings, tconstruct:maille, tconstruct:handle, tconstruct:plating_shield, tconstruct:head, tconstruct:limb, tconstruct:plating_boots, tconstruct:plating_helmet, tconstruct:grip, tconstruct:binding, tconstruct:plating_chestplate]
	tconstruct:blazewood - [tconstruct:shield_core]
	tconstruct:magma - []
	tconstruct:lead - [tconstruct:plating_leggings, tconstruct:maille, tconstruct:handle, tconstruct:plating_shield, tconstruct:head, tconstruct:limb, tconstruct:plating_boots, tconstruct:plating_helmet, tconstruct:grip, tconstruct:binding, tconstruct:plating_chestplate]
	tconstruct:gold - [tconstruct:plating_leggings, tconstruct:skull, tconstruct:maille, tconstruct:plating_shield, tconstruct:plating_boots, tconstruct:plating_helmet, tconstruct:plating_chestplate]
	tconstruct:aluminum - [tconstruct:plating_leggings, tconstruct:maille, tconstruct:plating_shield, tconstruct:limb, tconstruct:plating_boots, tconstruct:plating_helmet, tconstruct:grip, tconstruct:plating_chestplate]
	tconstruct:rock - [tconstruct:handle, tconstruct:head, tconstruct:binding]
	tconstruct:bamboo - [tconstruct:shield_core, tconstruct:limb, tconstruct:grip]
	tconstruct:tungsten - [tconstruct:plating_leggings, tconstruct:maille, tconstruct:handle, tconstruct:plating_shield, tconstruct:head, tconstruct:limb, tconstruct:plating_boots, tconstruct:plating_helmet, tconstruct:grip, tconstruct:binding, tconstruct:plating_chestplate]
	tconstruct:earthslime - []
	tconstruct:skyslime - []
	tconstruct:enderslime - [tconstruct:repair_kit]
	tconstruct:slimesteel - [tconstruct:plating_leggings, tconstruct:maille, tconstruct:handle, tconstruct:plating_shield, tconstruct:head, tconstruct:limb, tconstruct:plating_boots, tconstruct:plating_helmet, tconstruct:grip, tconstruct:binding, tconstruct:plating_chestplate]
	tconstruct:cobalt - [tconstruct:plating_leggings, tconstruct:maille, tconstruct:handle, tconstruct:plating_shield, tconstruct:head, tconstruct:limb, tconstruct:plating_boots, tconstruct:plating_helmet, tconstruct:grip, tconstruct:binding, tconstruct:plating_chestplate]
	tconstruct:leather - [tconstruct:maille, tconstruct:repair_kit, tconstruct:binding]
[16Feb2025 03:35:39.281] [main/INFO] [slimeknights.tconstruct.library.materials.stats.MaterialStatsManager/]: 347 stats loaded for 59 materials in 7.775255 ms
[16Feb2025 03:35:39.287] [main/DEBUG] [slimeknights.tconstruct.library.materials.traits.MaterialTraitsManager/]: Loaded traits for material 'tconstruct:silver': 
	Default - []
	tconstruct:ranged - [ModifierEntry{tconstruct:holy,level=1}]
	tconstruct:armor - [ModifierEntry{tconstruct:consecrated,level=1}]
	tconstruct:melee_harvest - [ModifierEntry{tconstruct:smite,level=1}]
	tconstruct:shield_core - [ModifierEntry{tconstruct:consecrated,level=1}]
	tconstruct:limb - [ModifierEntry{tconstruct:holy,level=1}]
	tconstruct:plating_helmet - [ModifierEntry{tconstruct:consecrated,level=1}]
	tconstruct:grip - [ModifierEntry{tconstruct:holy,level=1}]
	tconstruct:plating_leggings - [ModifierEntry{tconstruct:consecrated,level=1}]
	tconstruct:maille - [ModifierEntry{tconstruct:consecrated,level=1}]
	tconstruct:handle - [ModifierEntry{tconstruct:smite,level=1}]
	tconstruct:bowstring - [ModifierEntry{tconstruct:holy,level=1}]
	tconstruct:plating_shield - [ModifierEntry{tconstruct:consecrated,level=1}]
	tconstruct:head - [ModifierEntry{tconstruct:smite,level=1}]
	tconstruct:plating_boots - [ModifierEntry{tconstruct:consecrated,level=1}]
	tconstruct:binding - [ModifierEntry{tconstruct:smite,level=1}]
	tconstruct:plating_chestplate - [ModifierEntry{tconstruct:consecrated,level=1}]
[16Feb2025 03:35:39.287] [main/DEBUG] [slimeknights.tconstruct.library.materials.traits.MaterialTraitsManager/]: Loaded traits for material 'tconstruct:queens_slime': 
	Default - [ModifierEntry{tconstruct:overlord,level=1}, ModifierEntry{tconstruct:overslime,level=1}]
	
[16Feb2025 03:35:39.287] [main/DEBUG] [slimeknights.tconstruct.library.materials.traits.MaterialTraitsManager/]: Loaded traits for material 'tconstruct:honey': 
	Default - []
	
[16Feb2025 03:35:39.287] [main/DEBUG] [slimeknights.tconstruct.library.materials.traits.MaterialTraitsManager/]: Loaded traits for material 'tconstruct:scorched_stone': 
	Default - [ModifierEntry{tconstruct:scorching,level=1}]
	tconstruct:armor - [ModifierEntry{tconstruct:scorch_protection,level=1}]
	tconstruct:shield_core - [ModifierEntry{tconstruct:scorch_protection,level=1}]
	tconstruct:plating_helmet - [ModifierEntry{tconstruct:scorch_protection,level=1}]
	tconstruct:plating_leggings - [ModifierEntry{tconstruct:scorch_protection,level=1}]
	tconstruct:maille - [ModifierEntry{tconstruct:scorch_protection,level=1}]
	tconstruct:plating_shield - [ModifierEntry{tconstruct:scorch_protection,level=1}]
	tconstruct:plating_boots - [ModifierEntry{tconstruct:scorch_protection,level=1}]
	tconstruct:plating_chestplate - [ModifierEntry{tconstruct:scorch_protection,level=1}]
[16Feb2025 03:35:39.287] [main/DEBUG] [slimeknights.tconstruct.library.materials.traits.MaterialTraitsManager/]: Loaded traits for material 'tconstruct:phantom': 
	Default - []
	
[16Feb2025 03:35:39.287] [main/DEBUG] [slimeknights.tconstruct.library.materials.traits.MaterialTraitsManager/]: Loaded traits for material 'tconstruct:copper': 
	Default - [ModifierEntry{tconstruct:dwarven,level=1}]
	tconstruct:armor - [ModifierEntry{tconstruct:depth_protection,level=1}]
	tconstruct:skull - [ModifierEntry{tconstruct:breathtaking,level=1}, ModifierEntry{tconstruct:drowned_disguise,level=1}]
	tconstruct:shield_core - [ModifierEntry{tconstruct:depth_protection,level=1}]
	tconstruct:plating_helmet - [ModifierEntry{tconstruct:depth_protection,level=1}]
	tconstruct:plating_leggings - [ModifierEntry{tconstruct:depth_protection,level=1}]
	tconstruct:maille - [ModifierEntry{tconstruct:depth_protection,level=1}]
	tconstruct:plating_shield - [ModifierEntry{tconstruct:depth_protection,level=1}]
	tconstruct:plating_boots - [ModifierEntry{tconstruct:depth_protection,level=1}]
	tconstruct:plating_chestplate - [ModifierEntry{tconstruct:depth_protection,level=1}]
[16Feb2025 03:35:39.287] [main/DEBUG] [slimeknights.tconstruct.library.materials.traits.MaterialTraitsManager/]: Loaded traits for material 'tconstruct:whitestone': 
	Default - [ModifierEntry{tconstruct:stoneshield,level=1}]
	
[16Feb2025 03:35:39.288] [main/DEBUG] [slimeknights.tconstruct.library.materials.traits.MaterialTraitsManager/]: Loaded traits for material 'tconstruct:chorus': 
	Default - [ModifierEntry{tconstruct:enderference,level=1}]
	tconstruct:armor - [ModifierEntry{tconstruct:enderclearance,level=1}]
	tconstruct:shield_core - [ModifierEntry{tconstruct:enderclearance,level=1}]
	tconstruct:plating_helmet - [ModifierEntry{tconstruct:enderclearance,level=1}]
	tconstruct:plating_leggings - [ModifierEntry{tconstruct:enderclearance,level=1}]
	tconstruct:maille - [ModifierEntry{tconstruct:enderclearance,level=1}]
	tconstruct:plating_shield - [ModifierEntry{tconstruct:enderclearance,level=1}]
	tconstruct:plating_boots - [ModifierEntry{tconstruct:enderclearance,level=1}]
	tconstruct:plating_chestplate - [ModifierEntry{tconstruct:enderclearance,level=1}]
[16Feb2025 03:35:39.288] [main/DEBUG] [slimeknights.tconstruct.library.materials.traits.MaterialTraitsManager/]: Loaded traits for material 'tconstruct:skyslime_vine': 
	Default - [ModifierEntry{tconstruct:airborne,level=1}]
	
[16Feb2025 03:35:39.288] [main/DEBUG] [slimeknights.tconstruct.library.materials.traits.MaterialTraitsManager/]: Loaded traits for material 'tconstruct:bronze': 
	Default - [ModifierEntry{tconstruct:maintained,level=1}]
	
[16Feb2025 03:35:39.288] [main/DEBUG] [slimeknights.tconstruct.library.materials.traits.MaterialTraitsManager/]: Loaded traits for material 'tconstruct:obsidian': 
	Default - []
	tconstruct:armor - [ModifierEntry{tconstruct:blast_protection,level=1}]
	tconstruct:shield_core - [ModifierEntry{tconstruct:blast_protection,level=1}]
	tconstruct:plating_helmet - [ModifierEntry{tconstruct:blast_protection,level=1}]
	tconstruct:plating_leggings - [ModifierEntry{tconstruct:blast_protection,level=1}]
	tconstruct:maille - [ModifierEntry{tconstruct:blast_protection,level=1}]
	tconstruct:plating_shield - [ModifierEntry{tconstruct:blast_protection,level=1}]
	tconstruct:plating_boots - [ModifierEntry{tconstruct:blast_protection,level=1}]
	tconstruct:plating_chestplate - [ModifierEntry{tconstruct:blast_protection,level=1}]
[16Feb2025 03:35:39.288] [main/DEBUG] [slimeknights.tconstruct.library.materials.traits.MaterialTraitsManager/]: Loaded traits for material 'tconstruct:steel': 
	Default - [ModifierEntry{tconstruct:ductile,level=1}]
	
[16Feb2025 03:35:39.288] [main/DEBUG] [slimeknights.tconstruct.library.materials.traits.MaterialTraitsManager/]: Loaded traits for material 'tconstruct:invar': 
	Default - [ModifierEntry{tconstruct:invariant,level=1}]
	
[16Feb2025 03:35:39.288] [main/DEBUG] [slimeknights.tconstruct.library.materials.traits.MaterialTraitsManager/]: Loaded traits for material 'tconstruct:amethyst_bronze': 
	Default - []
	tconstruct:ranged - [ModifierEntry{tconstruct:crystalbound,level=1}]
	tconstruct:armor - [ModifierEntry{tconstruct:crystalstrike,level=1}]
	tconstruct:melee_harvest - [ModifierEntry{tconstruct:crumbling,level=1}]
	tconstruct:shield_core - [ModifierEntry{tconstruct:crystalstrike,level=1}]
	tconstruct:limb - [ModifierEntry{tconstruct:crystalbound,level=1}]
	tconstruct:plating_helmet - [ModifierEntry{tconstruct:crystalstrike,level=1}]
	tconstruct:grip - [ModifierEntry{tconstruct:crystalbound,level=1}]
	tconstruct:plating_leggings - [ModifierEntry{tconstruct:crystalstrike,level=1}]
	tconstruct:maille - [ModifierEntry{tconstruct:crystalstrike,level=1}]
	tconstruct:handle - [ModifierEntry{tconstruct:crumbling,level=1}]
	tconstruct:bowstring - [ModifierEntry{tconstruct:crystalbound,level=1}]
	tconstruct:plating_shield - [ModifierEntry{tconstruct:crystalstrike,level=1}]
	tconstruct:head - [ModifierEntry{tconstruct:crumbling,level=1}]
	tconstruct:plating_boots - [ModifierEntry{tconstruct:crystalstrike,level=1}]
	tconstruct:binding - [ModifierEntry{tconstruct:crumbling,level=1}]
	tconstruct:plating_chestplate - [ModifierEntry{tconstruct:crystalstrike,level=1}]
[16Feb2025 03:35:39.288] [main/DEBUG] [slimeknights.tconstruct.library.materials.traits.MaterialTraitsManager/]: Loaded traits for material 'tconstruct:ancient_hide': 
	Default - [ModifierEntry{tconstruct:fortune,level=1}]
	tconstruct:armor - [ModifierEntry{tconstruct:fortified,level=1}]
	tconstruct:shield_core - [ModifierEntry{tconstruct:fortified,level=1}]
	tconstruct:plating_helmet - [ModifierEntry{tconstruct:fortified,level=1}]
	tconstruct:plating_leggings - [ModifierEntry{tconstruct:fortified,level=1}]
	tconstruct:maille - [ModifierEntry{tconstruct:fortified,level=1}]
	tconstruct:plating_shield - [ModifierEntry{tconstruct:fortified,level=1}]
	tconstruct:plating_boots - [ModifierEntry{tconstruct:fortified,level=1}]
	tconstruct:plating_chestplate - [ModifierEntry{tconstruct:fortified,level=1}]
[16Feb2025 03:35:39.288] [main/DEBUG] [slimeknights.tconstruct.library.materials.traits.MaterialTraitsManager/]: Loaded traits for material 'tconstruct:hepatizon': 
	Default - [ModifierEntry{tconstruct:momentum,level=1}]
	tconstruct:armor - [ModifierEntry{tconstruct:recurrent_protection,level=1}]
	tconstruct:shield_core - [ModifierEntry{tconstruct:recurrent_protection,level=1}]
	tconstruct:plating_helmet - [ModifierEntry{tconstruct:recurrent_protection,level=1}]
	tconstruct:plating_leggings - [ModifierEntry{tconstruct:recurrent_protection,level=1}]
	tconstruct:maille - [ModifierEntry{tconstruct:recurrent_protection,level=1}]
	tconstruct:plating_shield - [ModifierEntry{tconstruct:recurrent_protection,level=1}]
	tconstruct:plating_boots - [ModifierEntry{tconstruct:recurrent_protection,level=1}]
	tconstruct:plating_chestplate - [ModifierEntry{tconstruct:recurrent_protection,level=1}]
[16Feb2025 03:35:39.288] [main/DEBUG] [slimeknights.tconstruct.library.materials.traits.MaterialTraitsManager/]: Loaded traits for material 'tconstruct:blood': 
	Default - []
	
[16Feb2025 03:35:39.288] [main/DEBUG] [slimeknights.tconstruct.library.materials.traits.MaterialTraitsManager/]: Loaded traits for material 'tconstruct:clay': 
	Default - []
	
[16Feb2025 03:35:39.288] [main/DEBUG] [slimeknights.tconstruct.library.materials.traits.MaterialTraitsManager/]: Loaded traits for material 'tconstruct:wood': 
	Default - [ModifierEntry{tconstruct:cultivated,level=1}]
	
[16Feb2025 03:35:39.288] [main/DEBUG] [slimeknights.tconstruct.library.materials.traits.MaterialTraitsManager/]: Loaded traits for material 'tconstruct:nahuatl': 
	Default - [ModifierEntry{tconstruct:lacerating,level=1}]
	
[16Feb2025 03:35:39.289] [main/DEBUG] [slimeknights.tconstruct.library.materials.traits.MaterialTraitsManager/]: Loaded traits for material 'tconstruct:pig_iron': 
	Default - [ModifierEntry{tconstruct:tasty,level=1}]
	tconstruct:skull - [ModifierEntry{tconstruct:revenge,level=1}, ModifierEntry{tconstruct:zombified_piglin_disguise,level=1}]
[16Feb2025 03:35:39.289] [main/DEBUG] [slimeknights.tconstruct.library.materials.traits.MaterialTraitsManager/]: Loaded traits for material 'tconstruct:ender_pearl': 
	Default - []
	tconstruct:skull - [ModifierEntry{tconstruct:enderdodging,level=1}, ModifierEntry{tconstruct:enderman_disguise,level=1}]
[16Feb2025 03:35:39.289] [main/DEBUG] [slimeknights.tconstruct.library.materials.traits.MaterialTraitsManager/]: Loaded traits for material 'tconstruct:platinum': 
	Default - []
	tconstruct:ranged - [ModifierEntry{tconstruct:olympic,level=1}]
	tconstruct:melee_harvest - [ModifierEntry{tconstruct:lustrous,level=1}]
	tconstruct:limb - [ModifierEntry{tconstruct:olympic,level=1}]
	tconstruct:grip - [ModifierEntry{tconstruct:olympic,level=1}]
	tconstruct:handle - [ModifierEntry{tconstruct:lustrous,level=1}]
	tconstruct:bowstring - [ModifierEntry{tconstruct:olympic,level=1}]
	tconstruct:head - [ModifierEntry{tconstruct:lustrous,level=1}]
	tconstruct:binding - [ModifierEntry{tconstruct:lustrous,level=1}]
[16Feb2025 03:35:39.289] [main/DEBUG] [slimeknights.tconstruct.library.materials.traits.MaterialTraitsManager/]: Loaded traits for material 'tconstruct:string': 
	Default - [ModifierEntry{tconstruct:stringy,level=1}]
	tconstruct:skull - [ModifierEntry{tconstruct:boon_of_sssss,level=1}, ModifierEntry{tconstruct:spider_disguise,level=1}]
[16Feb2025 03:35:39.289] [main/DEBUG] [slimeknights.tconstruct.library.materials.traits.MaterialTraitsManager/]: Loaded traits for material 'tconstruct:necronium': 
	Default - [ModifierEntry{tconstruct:decay,level=1}]
	
[16Feb2025 03:35:39.289] [main/DEBUG] [slimeknights.tconstruct.library.materials.traits.MaterialTraitsManager/]: Loaded traits for material 'tconstruct:ichor': 
	Default - []
	
[16Feb2025 03:35:39.289] [main/DEBUG] [slimeknights.tconstruct.library.materials.traits.MaterialTraitsManager/]: Loaded traits for material 'tconstruct:darkthread': 
	Default - [ModifierEntry{tconstruct:looting,level=1}]
	tconstruct:skull - [ModifierEntry{tconstruct:mithridatism,level=1}, ModifierEntry{tconstruct:cave_spider_disguise,level=1}]
[16Feb2025 03:35:39.289] [main/DEBUG] [slimeknights.tconstruct.library.materials.traits.MaterialTraitsManager/]: Loaded traits for material 'tconstruct:vine': 
	Default - [ModifierEntry{tconstruct:solar_powered,level=1}]
	
[16Feb2025 03:35:39.289] [main/DEBUG] [slimeknights.tconstruct.library.materials.traits.MaterialTraitsManager/]: Loaded traits for material 'tconstruct:slimewood': 
	Default - [ModifierEntry{tconstruct:overgrowth,level=1}, ModifierEntry{tconstruct:overslime,level=1}]
	
[16Feb2025 03:35:39.289] [main/DEBUG] [slimeknights.tconstruct.library.materials.traits.MaterialTraitsManager/]: Loaded traits for material 'tconstruct:blazing_bone': 
	Default - [ModifierEntry{tconstruct:conducting,level=1}]
	tconstruct:skull - [ModifierEntry{tconstruct:firebreath,level=1}, ModifierEntry{tconstruct:blaze_disguise,level=1}]
[16Feb2025 03:35:39.289] [main/DEBUG] [slimeknights.tconstruct.library.materials.traits.MaterialTraitsManager/]: Loaded traits for material 'tconstruct:plated_slimewood': 
	Default - [ModifierEntry{tconstruct:overworked,level=1}, ModifierEntry{tconstruct:overslime,level=1}]
	
[16Feb2025 03:35:39.289] [main/DEBUG] [slimeknights.tconstruct.library.materials.traits.MaterialTraitsManager/]: Loaded traits for material 'tconstruct:bone': 
	Default - [ModifierEntry{tconstruct:pierce,level=1}]
	tconstruct:skull - [ModifierEntry{tconstruct:strong_bones,level=1}, ModifierEntry{tconstruct:skeleton_disguise,level=1}]
[16Feb2025 03:35:39.289] [main/DEBUG] [slimeknights.tconstruct.library.materials.traits.MaterialTraitsManager/]: Loaded traits for material 'tconstruct:constantan': 
	Default - [ModifierEntry{tconstruct:temperate,level=1}]
	
[16Feb2025 03:35:39.289] [main/DEBUG] [slimeknights.tconstruct.library.materials.traits.MaterialTraitsManager/]: Loaded traits for material 'tconstruct:venombone': 
	Default - [ModifierEntry{tconstruct:antitoxin,level=1}]
	tconstruct:skull - [ModifierEntry{tconstruct:frosttouch,level=1}, ModifierEntry{tconstruct:stray_disguise,level=1}]
[16Feb2025 03:35:39.290] [main/DEBUG] [slimeknights.tconstruct.library.materials.traits.MaterialTraitsManager/]: Loaded traits for material 'tconstruct:iron': 
	Default - [ModifierEntry{tconstruct:magnetic,level=1}]
	tconstruct:armor - [ModifierEntry{tconstruct:projectile_protection,level=1}]
	tconstruct:skull - [ModifierEntry{tconstruct:plague,level=1}, ModifierEntry{tconstruct:husk_disguise,level=1}]
	tconstruct:shield_core - [ModifierEntry{tconstruct:projectile_protection,level=1}]
	tconstruct:plating_helmet - [ModifierEntry{tconstruct:projectile_protection,level=1}]
	tconstruct:plating_leggings - [ModifierEntry{tconstruct:projectile_protection,level=1}]
	tconstruct:maille - [ModifierEntry{tconstruct:projectile_protection,level=1}]
	tconstruct:plating_shield - [ModifierEntry{tconstruct:projectile_protection,level=1}]
	tconstruct:plating_boots - [ModifierEntry{tconstruct:projectile_protection,level=1}]
	tconstruct:plating_chestplate - [ModifierEntry{tconstruct:projectile_protection,level=1}]
[16Feb2025 03:35:39.290] [main/DEBUG] [slimeknights.tconstruct.library.materials.traits.MaterialTraitsManager/]: Loaded traits for material 'tconstruct:flint': 
	Default - [ModifierEntry{tconstruct:jagged,level=1}]
	
[16Feb2025 03:35:39.290] [main/DEBUG] [slimeknights.tconstruct.library.materials.traits.MaterialTraitsManager/]: Loaded traits for material 'tconstruct:rotten_flesh': 
	Default - []
	tconstruct:skull - [ModifierEntry{tconstruct:wildfire,level=1}, ModifierEntry{tconstruct:zombie_disguise,level=1}]
[16Feb2025 03:35:39.290] [main/DEBUG] [slimeknights.tconstruct.library.materials.traits.MaterialTraitsManager/]: Loaded traits for material 'tconstruct:necrotic_bone': 
	Default - [ModifierEntry{tconstruct:necrotic,level=1}]
	tconstruct:skull - [ModifierEntry{tconstruct:withered,level=1}, ModifierEntry{tconstruct:wither_skeleton_disguise,level=1}]
[16Feb2025 03:35:39.290] [main/DEBUG] [slimeknights.tconstruct.library.materials.traits.MaterialTraitsManager/]: Loaded traits for material 'tconstruct:rose_gold': 
	Default - [ModifierEntry{tconstruct:enhanced,level=1}]
	tconstruct:skull - [ModifierEntry{tconstruct:gold_guard,level=1}, ModifierEntry{tconstruct:piglin_brute_disguise,level=1}]
[16Feb2025 03:35:39.290] [main/DEBUG] [slimeknights.tconstruct.library.materials.traits.MaterialTraitsManager/]: Loaded traits for material 'tconstruct:enderslime_vine': 
	Default - [ModifierEntry{tconstruct:enderporting,level=1}]
	
[16Feb2025 03:35:39.290] [main/DEBUG] [slimeknights.tconstruct.library.materials.traits.MaterialTraitsManager/]: Loaded traits for material 'tconstruct:electrum': 
	Default - [ModifierEntry{tconstruct:experienced,level=1}]
	
[16Feb2025 03:35:39.290] [main/DEBUG] [slimeknights.tconstruct.library.materials.traits.MaterialTraitsManager/]: Loaded traits for material 'tconstruct:seared_stone': 
	Default - [ModifierEntry{tconstruct:searing,level=1}]
	tconstruct:armor - [ModifierEntry{tconstruct:fire_protection,level=1}]
	tconstruct:shield_core - [ModifierEntry{tconstruct:fire_protection,level=1}]
	tconstruct:plating_helmet - [ModifierEntry{tconstruct:fire_protection,level=1}]
	tconstruct:plating_leggings - [ModifierEntry{tconstruct:fire_protection,level=1}]
	tconstruct:maille - [ModifierEntry{tconstruct:fire_protection,level=1}]
	tconstruct:plating_shield - [ModifierEntry{tconstruct:fire_protection,level=1}]
	tconstruct:plating_boots - [ModifierEntry{tconstruct:fire_protection,level=1}]
	tconstruct:plating_chestplate - [ModifierEntry{tconstruct:fire_protection,level=1}]
[16Feb2025 03:35:39.290] [main/DEBUG] [slimeknights.tconstruct.library.materials.traits.MaterialTraitsManager/]: Loaded traits for material 'tconstruct:glass': 
	Default - []
	tconstruct:skull - [ModifierEntry{tconstruct:self_destructive,level=1}, ModifierEntry{tconstruct:creeper_disguise,level=1}]
[16Feb2025 03:35:39.290] [main/DEBUG] [slimeknights.tconstruct.library.materials.traits.MaterialTraitsManager/]: Loaded traits for material 'tconstruct:osmium': 
	Default - [ModifierEntry{tconstruct:dense,level=1}]
	
[16Feb2025 03:35:39.290] [main/DEBUG] [slimeknights.tconstruct.library.materials.traits.MaterialTraitsManager/]: Loaded traits for material 'tconstruct:manyullyn': 
	Default - [ModifierEntry{tconstruct:insatiable,level=1}]
	tconstruct:armor - [ModifierEntry{tconstruct:kinetic,level=1}]
	tconstruct:shield_core - [ModifierEntry{tconstruct:kinetic,level=1}]
	tconstruct:plating_helmet - [ModifierEntry{tconstruct:kinetic,level=1}]
	tconstruct:plating_leggings - [ModifierEntry{tconstruct:kinetic,level=1}]
	tconstruct:maille - [ModifierEntry{tconstruct:kinetic,level=1}]
	tconstruct:plating_shield - [ModifierEntry{tconstruct:kinetic,level=1}]
	tconstruct:plating_boots - [ModifierEntry{tconstruct:kinetic,level=1}]
	tconstruct:plating_chestplate - [ModifierEntry{tconstruct:kinetic,level=1}]
[16Feb2025 03:35:39.290] [main/DEBUG] [slimeknights.tconstruct.library.materials.traits.MaterialTraitsManager/]: Loaded traits for material 'tconstruct:blazewood': 
	Default - [ModifierEntry{tconstruct:flame_barrier,level=1}]
	
[16Feb2025 03:35:39.291] [main/DEBUG] [slimeknights.tconstruct.library.materials.traits.MaterialTraitsManager/]: Loaded traits for material 'tconstruct:magma': 
	Default - []
	
[16Feb2025 03:35:39.291] [main/DEBUG] [slimeknights.tconstruct.library.materials.traits.MaterialTraitsManager/]: Loaded traits for material 'tconstruct:lead': 
	Default - [ModifierEntry{tconstruct:heavy,level=1}]
	
[16Feb2025 03:35:39.291] [main/DEBUG] [slimeknights.tconstruct.library.materials.traits.MaterialTraitsManager/]: Loaded traits for material 'tconstruct:gold': 
	Default - []
	tconstruct:armor - [ModifierEntry{tconstruct:golden,level=1}, ModifierEntry{tconstruct:magic_protection,level=1}]
	tconstruct:skull - [ModifierEntry{tconstruct:chrysophilite,level=1}, ModifierEntry{tconstruct:piglin_disguise,level=1}]
	tconstruct:plating_shield - [ModifierEntry{tconstruct:magic_protection,level=1}]
	tconstruct:shield_core - [ModifierEntry{tconstruct:golden,level=1}, ModifierEntry{tconstruct:magic_protection,level=1}]
	tconstruct:plating_helmet - [ModifierEntry{tconstruct:golden,level=1}, ModifierEntry{tconstruct:magic_protection,level=1}]
	tconstruct:plating_leggings - [ModifierEntry{tconstruct:golden,level=1}, ModifierEntry{tconstruct:magic_protection,level=1}]
	tconstruct:maille - [ModifierEntry{tconstruct:golden,level=1}, ModifierEntry{tconstruct:magic_protection,level=1}]
	tconstruct:plating_boots - [ModifierEntry{tconstruct:golden,level=1}, ModifierEntry{tconstruct:magic_protection,level=1}]
	tconstruct:plating_chestplate - [ModifierEntry{tconstruct:golden,level=1}, ModifierEntry{tconstruct:magic_protection,level=1}]
[16Feb2025 03:35:39.291] [main/DEBUG] [slimeknights.tconstruct.library.materials.traits.MaterialTraitsManager/]: Loaded traits for material 'tconstruct:aluminum': 
	Default - [ModifierEntry{tconstruct:featherweight,level=1}]
	
[16Feb2025 03:35:39.291] [main/DEBUG] [slimeknights.tconstruct.library.materials.traits.MaterialTraitsManager/]: Loaded traits for material 'tconstruct:rock': 
	Default - [ModifierEntry{tconstruct:stonebound,level=1}]
	
[16Feb2025 03:35:39.291] [main/DEBUG] [slimeknights.tconstruct.library.materials.traits.MaterialTraitsManager/]: Loaded traits for material 'tconstruct:bamboo': 
	Default - [ModifierEntry{tconstruct:unburdened,level=1}]
	
[16Feb2025 03:35:39.291] [main/DEBUG] [slimeknights.tconstruct.library.materials.traits.MaterialTraitsManager/]: Loaded traits for material 'tconstruct:tungsten': 
	Default - [ModifierEntry{tconstruct:sharpweight,level=1}]
	
[16Feb2025 03:35:39.291] [main/DEBUG] [slimeknights.tconstruct.library.materials.traits.MaterialTraitsManager/]: Loaded traits for material 'tconstruct:earthslime': 
	Default - []
	
[16Feb2025 03:35:39.291] [main/DEBUG] [slimeknights.tconstruct.library.materials.traits.MaterialTraitsManager/]: Loaded traits for material 'tconstruct:skyslime': 
	Default - []
	
[16Feb2025 03:35:39.291] [main/DEBUG] [slimeknights.tconstruct.library.materials.traits.MaterialTraitsManager/]: Loaded traits for material 'tconstruct:enderslime': 
	Default - []
	
[16Feb2025 03:35:39.291] [main/DEBUG] [slimeknights.tconstruct.library.materials.traits.MaterialTraitsManager/]: Loaded traits for material 'tconstruct:slimesteel': 
	Default - [ModifierEntry{tconstruct:overcast,level=1}, ModifierEntry{tconstruct:overslime,level=1}]
	
[16Feb2025 03:35:39.291] [main/DEBUG] [slimeknights.tconstruct.library.materials.traits.MaterialTraitsManager/]: Loaded traits for material 'tconstruct:cobalt': 
	Default - [ModifierEntry{tconstruct:lightweight,level=1}]
	tconstruct:armor - [ModifierEntry{tconstruct:melee_protection,level=1}]
	tconstruct:shield_core - [ModifierEntry{tconstruct:melee_protection,level=1}]
	tconstruct:plating_helmet - [ModifierEntry{tconstruct:melee_protection,level=1}]
	tconstruct:plating_leggings - [ModifierEntry{tconstruct:melee_protection,level=1}]
	tconstruct:maille - [ModifierEntry{tconstruct:melee_protection,level=1}]
	tconstruct:plating_shield - [ModifierEntry{tconstruct:melee_protection,level=1}]
	tconstruct:plating_boots - [ModifierEntry{tconstruct:melee_protection,level=1}]
	tconstruct:plating_chestplate - [ModifierEntry{tconstruct:melee_protection,level=1}]
[16Feb2025 03:35:39.291] [main/DEBUG] [slimeknights.tconstruct.library.materials.traits.MaterialTraitsManager/]: Loaded traits for material 'tconstruct:leather': 
	Default - [ModifierEntry{tconstruct:tanned,level=1}]
	
[16Feb2025 03:35:39.292] [main/INFO] [slimeknights.tconstruct.library.materials.traits.MaterialTraitsManager/]: 184 traits loaded for 59 materials in 10.489566 ms
[16Feb2025 03:35:39.302] [main/INFO] [slimeknights.tconstruct.library.tools.definition.ToolDefinitionLoader/]: Loaded 37 tool definitions in 9.891098 ms
[16Feb2025 03:35:39.307] [main/INFO] [slimeknights.tconstruct.library.tools.layout.StationSlotLayoutLoader/]: Loaded 19 station slot layouts in 4.778617 ms
[16Feb2025 03:35:41.108] [main/DEBUG] [net.minecraftforge.common.ForgeHooks/WP]: Gathering id map for writing to world save world
[16Feb2025 03:35:41.128] [main/DEBUG] [net.minecraftforge.common.ForgeHooks/WP]: ID Map collection complete world
[16Feb2025 03:35:41.193] [Server thread/INFO] [net.minecraft.server.dedicated.DedicatedServer/]: Starting minecraft server version 1.19.2
[16Feb2025 03:35:41.194] [Server thread/INFO] [net.minecraft.server.dedicated.DedicatedServer/]: Loading properties
[16Feb2025 03:35:41.194] [Server thread/INFO] [net.minecraft.server.dedicated.DedicatedServer/]: Default game type: SURVIVAL
[16Feb2025 03:35:41.194] [Server thread/INFO] [net.minecraft.server.MinecraftServer/]: Generating keypair
[16Feb2025 03:35:41.292] [Server thread/INFO] [net.minecraft.server.dedicated.DedicatedServer/]: Starting Minecraft server on *:25565
[16Feb2025 03:35:41.298] [Server thread/DEBUG] [net.minecraftforge.network.DualStackUtils/]: Detected IPv6 address: "0:0:0:0:0:0:0:0"
[16Feb2025 03:35:41.305] [Server thread/DEBUG] [io.netty.util.internal.NativeLibraryLoader/]: -Dio.netty.native.workdir: /tmp (io.netty.tmpdir)
[16Feb2025 03:35:41.305] [Server thread/DEBUG] [io.netty.util.internal.NativeLibraryLoader/]: -Dio.netty.native.deleteLibAfterLoading: true
[16Feb2025 03:35:41.305] [Server thread/DEBUG] [io.netty.util.internal.NativeLibraryLoader/]: -Dio.netty.native.tryPatchShadedId: true
[16Feb2025 03:35:41.305] [Server thread/DEBUG] [io.netty.util.internal.NativeLibraryLoader/]: -Dio.netty.native.detectNativeLibraryDuplicates: true
[16Feb2025 03:35:41.312] [Server thread/DEBUG] [io.netty.util.internal.NativeLibraryLoader/]: Successfully loaded the library /tmp/libnetty_transport_native_epoll_x86_646252242914068505825.so
[16Feb2025 03:35:41.314] [Server thread/DEBUG] [io.netty.util.NetUtil/]: -Djava.net.preferIPv4Stack: false
[16Feb2025 03:35:41.314] [Server thread/DEBUG] [io.netty.util.NetUtil/]: -Djava.net.preferIPv6Addresses: true
[16Feb2025 03:35:41.316] [Server thread/DEBUG] [io.netty.util.NetUtilInitializations/]: Loopback interface: lo (lo, 0:0:0:0:0:0:0:1%lo)
[16Feb2025 03:35:41.316] [Server thread/DEBUG] [io.netty.util.NetUtil/]: /proc/sys/net/core/somaxconn: 4096
[16Feb2025 03:35:41.319] [Server thread/INFO] [net.minecraft.server.network.ServerConnectionListener/]: Using epoll channel type
[16Feb2025 03:35:41.329] [Server thread/DEBUG] [mixin/]: Mixing ConnectionMixin from antixray.mixins.json into net.minecraft.network.Connection
[16Feb2025 03:35:41.330] [Server thread/DEBUG] [mixin/]: antixray.mixins.json:ConnectionMixin: Class version 61 required is higher than the class version supported by the current version of Mixin (JAVA_16 supports class version 60)
[16Feb2025 03:35:41.341] [Server thread/DEBUG] [io.netty.channel.MultithreadEventLoopGroup/]: -Dio.netty.eventLoopThreads: 8
[16Feb2025 03:35:41.359] [Server thread/DEBUG] [io.netty.util.internal.PlatformDependent/]: org.jctools-core.MpscChunkedArrayQueue: available
[16Feb2025 03:35:41.368] [Server thread/DEBUG] [io.netty.channel.DefaultChannelId/]: -Dio.netty.processId: 3837 (auto-detected)
[16Feb2025 03:35:41.369] [Server thread/DEBUG] [io.netty.channel.DefaultChannelId/]: -Dio.netty.machineId: 7c:1e:52:ff:fe:9a:64:c2 (auto-detected)
[16Feb2025 03:35:41.391] [Server thread/DEBUG] [io.netty.buffer.PooledByteBufAllocator/]: -Dio.netty.allocator.numHeapArenas: 8
[16Feb2025 03:35:41.391] [Server thread/DEBUG] [io.netty.buffer.PooledByteBufAllocator/]: -Dio.netty.allocator.numDirectArenas: 8
[16Feb2025 03:35:41.391] [Server thread/DEBUG] [io.netty.buffer.PooledByteBufAllocator/]: -Dio.netty.allocator.pageSize: 8192
[16Feb2025 03:35:41.391] [Server thread/DEBUG] [io.netty.buffer.PooledByteBufAllocator/]: -Dio.netty.allocator.maxOrder: 9
[16Feb2025 03:35:41.392] [Server thread/DEBUG] [io.netty.buffer.PooledByteBufAllocator/]: -Dio.netty.allocator.chunkSize: 4194304
[16Feb2025 03:35:41.392] [Server thread/DEBUG] [io.netty.buffer.PooledByteBufAllocator/]: -Dio.netty.allocator.smallCacheSize: 256
[16Feb2025 03:35:41.392] [Server thread/DEBUG] [io.netty.buffer.PooledByteBufAllocator/]: -Dio.netty.allocator.normalCacheSize: 64
[16Feb2025 03:35:41.392] [Server thread/DEBUG] [io.netty.buffer.PooledByteBufAllocator/]: -Dio.netty.allocator.maxCachedBufferCapacity: 32768
[16Feb2025 03:35:41.392] [Server thread/DEBUG] [io.netty.buffer.PooledByteBufAllocator/]: -Dio.netty.allocator.cacheTrimInterval: 8192
[16Feb2025 03:35:41.392] [Server thread/DEBUG] [io.netty.buffer.PooledByteBufAllocator/]: -Dio.netty.allocator.cacheTrimIntervalMillis: 0
[16Feb2025 03:35:41.392] [Server thread/DEBUG] [io.netty.buffer.PooledByteBufAllocator/]: -Dio.netty.allocator.useCacheForAllThreads: false
[16Feb2025 03:35:41.392] [Server thread/DEBUG] [io.netty.buffer.PooledByteBufAllocator/]: -Dio.netty.allocator.maxCachedByteBuffersPerChunk: 1023
[16Feb2025 03:35:41.398] [Server thread/DEBUG] [io.netty.buffer.ByteBufUtil/]: -Dio.netty.allocator.type: pooled
[16Feb2025 03:35:41.398] [Server thread/DEBUG] [io.netty.buffer.ByteBufUtil/]: -Dio.netty.threadLocalDirectBufferSize: 0
[16Feb2025 03:35:41.398] [Server thread/DEBUG] [io.netty.buffer.ByteBufUtil/]: -Dio.netty.maxThreadLocalCharBufferSize: 16384
[16Feb2025 03:35:41.405] [Server thread/WARN] [net.minecraft.server.dedicated.DedicatedServer/]: **** SERVER IS RUNNING IN OFFLINE/INSECURE MODE!
[16Feb2025 03:35:41.406] [Server thread/WARN] [net.minecraft.server.dedicated.DedicatedServer/]: The server will make no attempt to authenticate usernames. Beware.
[16Feb2025 03:35:41.406] [Server thread/WARN] [net.minecraft.server.dedicated.DedicatedServer/]: While this makes the game possible to play without internet access, it also opens up the ability for hackers to connect with any username they choose.
[16Feb2025 03:35:41.406] [Server thread/WARN] [net.minecraft.server.dedicated.DedicatedServer/]: To change this, set "online-mode" to "true" in the server.properties file.
[16Feb2025 03:35:41.421] [Server thread/DEBUG] [net.minecraftforge.fml.loading.FileUtils/CORE]: Found existing serverconfig directory : ./world/serverconfig
[16Feb2025 03:35:41.421] [Server thread/DEBUG] [net.minecraftforge.fml.config.ConfigTracker/CONFIG]: Loading configs type SERVER
[16Feb2025 03:35:41.421] [Server thread/DEBUG] [net.minecraftforge.fml.config.ConfigFileTypeHandler/CONFIG]: Built TOML config for ./world/serverconfig/jei-server.toml
[16Feb2025 03:35:41.421] [Server thread/DEBUG] [net.minecraftforge.fml.config.ConfigFileTypeHandler/CONFIG]: Loaded TOML config file ./world/serverconfig/jei-server.toml
[16Feb2025 03:35:41.422] [Server thread/DEBUG] [net.minecraftforge.fml.config.ConfigFileTypeHandler/CONFIG]: Watching TOML config file ./world/serverconfig/jei-server.toml for changes
[16Feb2025 03:35:41.422] [Server thread/DEBUG] [net.minecraftforge.fml.config.ConfigFileTypeHandler/CONFIG]: Built TOML config for ./world/serverconfig/curios-server.toml
[16Feb2025 03:35:41.422] [Server thread/DEBUG] [net.minecraftforge.fml.config.ConfigFileTypeHandler/CONFIG]: Loaded TOML config file ./world/serverconfig/curios-server.toml
[16Feb2025 03:35:41.422] [Server thread/DEBUG] [net.minecraftforge.fml.config.ConfigFileTypeHandler/CONFIG]: Watching TOML config file ./world/serverconfig/curios-server.toml for changes
[16Feb2025 03:35:41.423] [Thread-0/DEBUG] [net.minecraftforge.fml.config.ConfigFileTypeHandler/CONFIG]: Config file jei-server.toml changed, sending notifies
[16Feb2025 03:35:41.427] [Server thread/DEBUG] [net.minecraftforge.fml.config.ConfigFileTypeHandler/CONFIG]: Built TOML config for ./world/serverconfig/mantle-server.toml
[16Feb2025 03:35:41.428] [Server thread/DEBUG] [net.minecraftforge.fml.config.ConfigFileTypeHandler/CONFIG]: Loaded TOML config file ./world/serverconfig/mantle-server.toml
[16Feb2025 03:35:41.428] [Server thread/DEBUG] [net.minecraftforge.fml.config.ConfigFileTypeHandler/CONFIG]: Watching TOML config file ./world/serverconfig/mantle-server.toml for changes
[16Feb2025 03:35:41.428] [Server thread/DEBUG] [net.minecraftforge.fml.config.ConfigFileTypeHandler/CONFIG]: Built TOML config for ./world/serverconfig/securitycraft-server.toml
[16Feb2025 03:35:41.428] [Thread-0/DEBUG] [net.minecraftforge.fml.config.ConfigFileTypeHandler/CONFIG]: Config file mantle-server.toml changed, sending notifies
[16Feb2025 03:35:41.429] [Server thread/DEBUG] [net.minecraftforge.fml.config.ConfigFileTypeHandler/CONFIG]: Loaded TOML config file ./world/serverconfig/securitycraft-server.toml
[16Feb2025 03:35:41.429] [Server thread/DEBUG] [net.minecraftforge.fml.config.ConfigFileTypeHandler/CONFIG]: Watching TOML config file ./world/serverconfig/securitycraft-server.toml for changes
[16Feb2025 03:35:41.430] [Server thread/DEBUG] [net.minecraftforge.fml.config.ConfigFileTypeHandler/CONFIG]: Built TOML config for ./world/serverconfig/forge-server.toml
[16Feb2025 03:35:41.430] [Server thread/DEBUG] [net.minecraftforge.fml.config.ConfigFileTypeHandler/CONFIG]: Loaded TOML config file ./world/serverconfig/forge-server.toml
[16Feb2025 03:35:41.430] [Thread-0/DEBUG] [net.minecraftforge.fml.config.ConfigFileTypeHandler/CONFIG]: Config file securitycraft-server.toml changed, sending notifies
[16Feb2025 03:35:41.430] [Server thread/DEBUG] [net.minecraftforge.fml.config.ConfigFileTypeHandler/CONFIG]: Watching TOML config file ./world/serverconfig/forge-server.toml for changes
[16Feb2025 03:35:41.430] [Server thread/DEBUG] [net.minecraftforge.common.ForgeConfig/FORGEMOD]: Loaded forge config file forge-server.toml
[16Feb2025 03:35:41.431] [Thread-0/DEBUG] [net.minecraftforge.fml.config.ConfigFileTypeHandler/CONFIG]: Config file securitycraft-server.toml changed, sending notifies
[16Feb2025 03:35:41.433] [Server thread/DEBUG] [fuzs.puzzleslib.config.core.ForgeConfigFileTypeHandler/CONFIG]: Built TOML config for /workspaces/trabajopractico/servidor_minecraft/config/moblassos-server.toml
[16Feb2025 03:35:41.433] [Server thread/DEBUG] [fuzs.puzzleslib.config.core.ForgeConfigFileTypeHandler/CONFIG]: Loaded TOML config file /workspaces/trabajopractico/servidor_minecraft/config/moblassos-server.toml
[16Feb2025 03:35:41.434] [Server thread/DEBUG] [fuzs.puzzleslib.config.core.ForgeConfigFileTypeHandler/CONFIG]: Watching TOML config file /workspaces/trabajopractico/servidor_minecraft/config/moblassos-server.toml for changes
[16Feb2025 03:35:41.434] [Server thread/INFO] [Puzzles Lib/]: Loading server config for moblassos
[16Feb2025 03:35:41.435] [Server thread/DEBUG] [net.minecraftforge.fml.config.ConfigFileTypeHandler/CONFIG]: Built TOML config for ./world/serverconfig/corpse-server.toml
[16Feb2025 03:35:41.435] [Server thread/DEBUG] [net.minecraftforge.fml.config.ConfigFileTypeHandler/CONFIG]: Loaded TOML config file ./world/serverconfig/corpse-server.toml
[16Feb2025 03:35:41.435] [Server thread/DEBUG] [net.minecraftforge.fml.config.ConfigFileTypeHandler/CONFIG]: Watching TOML config file ./world/serverconfig/corpse-server.toml for changes
[16Feb2025 03:35:41.435] [Server thread/DEBUG] [net.minecraftforge.fml.config.ConfigFileTypeHandler/CONFIG]: Built TOML config for ./world/serverconfig/artifacts-server.toml
[16Feb2025 03:35:41.436] [Thread-0/DEBUG] [net.minecraftforge.fml.config.ConfigFileTypeHandler/CONFIG]: Config file corpse-server.toml changed, sending notifies
[16Feb2025 03:35:41.436] [Thread-0/DEBUG] [net.minecraftforge.fml.config.ConfigFileTypeHandler/CONFIG]: Config file corpse-server.toml changed, sending notifies
[16Feb2025 03:35:41.437] [Server thread/DEBUG] [net.minecraftforge.fml.config.ConfigFileTypeHandler/CONFIG]: Loaded TOML config file ./world/serverconfig/artifacts-server.toml
[16Feb2025 03:35:41.437] [Server thread/DEBUG] [net.minecraftforge.fml.config.ConfigFileTypeHandler/CONFIG]: Watching TOML config file ./world/serverconfig/artifacts-server.toml for changes
[16Feb2025 03:35:41.439] [Thread-0/DEBUG] [net.minecraftforge.fml.config.ConfigFileTypeHandler/CONFIG]: Config file artifacts-server.toml changed, sending notifies
[16Feb2025 03:35:41.441] [Thread-0/DEBUG] [net.minecraftforge.fml.config.ConfigFileTypeHandler/CONFIG]: Config file artifacts-server.toml changed, sending notifies
[16Feb2025 03:35:41.461] [Server thread/DEBUG] [com.github.alexthe666.iceandfire.IceAndFire/]: Added the following features to the biome [minecraft:plains]: 
	- iceandfire:silver_ore
	- iceandfire:fire_dragon_roost
	- iceandfire:fire_dragon_cave
	- iceandfire:spawn_wandering_cyclops
[16Feb2025 03:35:41.463] [Server thread/DEBUG] [com.github.alexthe666.iceandfire.IceAndFire/]: Added the following features to the biome [minecraft:sunflower_plains]: 
	- iceandfire:silver_ore
	- iceandfire:fire_dragon_roost
	- iceandfire:fire_dragon_cave
	- iceandfire:spawn_wandering_cyclops
[16Feb2025 03:35:41.465] [Server thread/DEBUG] [com.github.alexthe666.iceandfire.IceAndFire/]: Added the following features to the biome [minecraft:snowy_plains]: 
	- iceandfire:frost_lily
	- iceandfire:silver_ore
	- iceandfire:sapphire_ore
	- iceandfire:ice_dragon_roost
	- iceandfire:ice_dragon_cave
	- iceandfire:spawn_wandering_cyclops
	- iceandfire:spawn_dragon_skeleton_ice
[16Feb2025 03:35:41.467] [Server thread/DEBUG] [com.github.alexthe666.iceandfire.IceAndFire/]: Added the following features to the biome [minecraft:ice_spikes]: 
	- iceandfire:frost_lily
	- iceandfire:silver_ore
	- iceandfire:sapphire_ore
	- iceandfire:ice_dragon_roost
	- iceandfire:ice_dragon_cave
	- iceandfire:spawn_dragon_skeleton_ice
[16Feb2025 03:35:41.470] [Server thread/DEBUG] [com.github.alexthe666.iceandfire.IceAndFire/]: Added the following features to the biome [minecraft:desert]: 
	- iceandfire:fire_lily
	- iceandfire:silver_ore
	- iceandfire:fire_dragon_roost
	- iceandfire:fire_dragon_cave
	- iceandfire:myrmex_hive_desert
	- iceandfire:spawn_death_worm
	- iceandfire:spawn_dragon_skeleton_fire
[16Feb2025 03:35:41.472] [Server thread/DEBUG] [com.github.alexthe666.iceandfire.IceAndFire/]: Added the following features to the biome [minecraft:swamp]: 
	- iceandfire:silver_ore
	- iceandfire:hydra_cave
	- iceandfire:spawn_stymphalian_bird
[16Feb2025 03:35:41.474] [Server thread/DEBUG] [com.github.alexthe666.iceandfire.IceAndFire/]: Added the following features to the biome [minecraft:mangrove_swamp]: 
	- iceandfire:fire_lily
	- iceandfire:silver_ore
	- iceandfire:fire_dragon_roost
	- iceandfire:fire_dragon_cave
	- iceandfire:hydra_cave
	- iceandfire:spawn_stymphalian_bird
[16Feb2025 03:35:41.477] [Server thread/DEBUG] [com.github.alexthe666.iceandfire.IceAndFire/]: Added the following features to the biome [minecraft:forest]: 
	- iceandfire:silver_ore
[16Feb2025 03:35:41.480] [Server thread/DEBUG] [com.github.alexthe666.iceandfire.IceAndFire/]: Added the following features to the biome [minecraft:flower_forest]: 
	- iceandfire:silver_ore
[16Feb2025 03:35:41.483] [Server thread/DEBUG] [com.github.alexthe666.iceandfire.IceAndFire/]: Added the following features to the biome [minecraft:birch_forest]: 
	- iceandfire:silver_ore
[16Feb2025 03:35:41.486] [Server thread/DEBUG] [com.github.alexthe666.iceandfire.IceAndFire/]: Added the following features to the biome [minecraft:dark_forest]: 
	- iceandfire:silver_ore
	- iceandfire:pixie_village
[16Feb2025 03:35:41.489] [Server thread/DEBUG] [com.github.alexthe666.iceandfire.IceAndFire/]: Added the following features to the biome [minecraft:old_growth_birch_forest]: 
	- iceandfire:silver_ore
	- iceandfire:pixie_village
[16Feb2025 03:35:41.491] [Server thread/DEBUG] [com.github.alexthe666.iceandfire.IceAndFire/]: Added the following features to the biome [minecraft:old_growth_pine_taiga]: 
	- iceandfire:silver_ore
	- iceandfire:ice_dragon_roost
	- iceandfire:ice_dragon_cave
[16Feb2025 03:35:41.493] [Server thread/DEBUG] [com.github.alexthe666.iceandfire.IceAndFire/]: Added the following features to the biome [minecraft:old_growth_spruce_taiga]: 
	- iceandfire:silver_ore
[16Feb2025 03:35:41.496] [Server thread/DEBUG] [com.github.alexthe666.iceandfire.IceAndFire/]: Added the following features to the biome [minecraft:taiga]: 
	- iceandfire:silver_ore
	- iceandfire:ice_dragon_roost
	- iceandfire:ice_dragon_cave
[16Feb2025 03:35:41.498] [Server thread/DEBUG] [com.github.alexthe666.iceandfire.IceAndFire/]: Added the following features to the biome [minecraft:snowy_taiga]: 
	- iceandfire:frost_lily
	- iceandfire:silver_ore
	- iceandfire:sapphire_ore
	- iceandfire:ice_dragon_roost
	- iceandfire:ice_dragon_cave
	- iceandfire:spawn_dragon_skeleton_ice
[16Feb2025 03:35:41.501] [Server thread/DEBUG] [com.github.alexthe666.iceandfire.IceAndFire/]: Added the following features to the biome [minecraft:savanna]: 
	- iceandfire:fire_lily
	- iceandfire:lightning_lily
	- iceandfire:silver_ore
	- iceandfire:lightning_dragon_roost
	- iceandfire:lightning_dragon_cave
	- iceandfire:spawn_dragon_skeleton_lightning
[16Feb2025 03:35:41.504] [Server thread/DEBUG] [com.github.alexthe666.iceandfire.IceAndFire/]: Added the following features to the biome [minecraft:savanna_plateau]: 
	- iceandfire:fire_lily
	- iceandfire:lightning_lily
	- iceandfire:silver_ore
	- iceandfire:lightning_dragon_roost
	- iceandfire:lightning_dragon_cave
	- iceandfire:spawn_dragon_skeleton_lightning
[16Feb2025 03:35:41.505] [Server thread/DEBUG] [com.github.alexthe666.iceandfire.IceAndFire/]: Added the following features to the biome [minecraft:windswept_hills]: 
	- iceandfire:silver_ore
[16Feb2025 03:35:41.507] [Server thread/DEBUG] [com.github.alexthe666.iceandfire.IceAndFire/]: Added the following features to the biome [minecraft:windswept_gravelly_hills]: 
	- iceandfire:silver_ore
[16Feb2025 03:35:41.509] [Server thread/DEBUG] [com.github.alexthe666.iceandfire.IceAndFire/]: Added the following features to the biome [minecraft:windswept_forest]: 
	- iceandfire:silver_ore
[16Feb2025 03:35:41.511] [Server thread/DEBUG] [com.github.alexthe666.iceandfire.IceAndFire/]: Added the following features to the biome [minecraft:windswept_savanna]: 
	- iceandfire:fire_lily
	- iceandfire:lightning_lily
	- iceandfire:silver_ore
	- iceandfire:lightning_dragon_roost
	- iceandfire:lightning_dragon_cave
	- iceandfire:spawn_dragon_skeleton_lightning
[16Feb2025 03:35:41.515] [Server thread/DEBUG] [com.github.alexthe666.iceandfire.IceAndFire/]: Added the following features to the biome [minecraft:jungle]: 
	- iceandfire:fire_lily
	- iceandfire:silver_ore
	- iceandfire:lightning_dragon_roost
	- iceandfire:lightning_dragon_cave
	- iceandfire:myrmex_hive_jungle
[16Feb2025 03:35:41.517] [Server thread/DEBUG] [com.github.alexthe666.iceandfire.IceAndFire/]: Added the following features to the biome [minecraft:sparse_jungle]: 
	- iceandfire:fire_lily
	- iceandfire:silver_ore
	- iceandfire:lightning_dragon_roost
	- iceandfire:lightning_dragon_cave
	- iceandfire:myrmex_hive_jungle
[16Feb2025 03:35:41.520] [Server thread/DEBUG] [com.github.alexthe666.iceandfire.IceAndFire/]: Added the following features to the biome [minecraft:bamboo_jungle]: 
	- iceandfire:fire_lily
	- iceandfire:silver_ore
	- iceandfire:lightning_dragon_roost
	- iceandfire:lightning_dragon_cave
	- iceandfire:myrmex_hive_jungle
[16Feb2025 03:35:41.523] [Server thread/DEBUG] [com.github.alexthe666.iceandfire.IceAndFire/]: Added the following features to the biome [minecraft:badlands]: 
	- iceandfire:silver_ore
	- iceandfire:lightning_dragon_roost
	- iceandfire:lightning_dragon_cave
[16Feb2025 03:35:41.525] [Server thread/DEBUG] [com.github.alexthe666.iceandfire.IceAndFire/]: Added the following features to the biome [minecraft:eroded_badlands]: 
	- iceandfire:fire_lily
	- iceandfire:silver_ore
	- iceandfire:lightning_dragon_roost
	- iceandfire:lightning_dragon_cave
[16Feb2025 03:35:41.527] [Server thread/DEBUG] [com.github.alexthe666.iceandfire.IceAndFire/]: Added the following features to the biome [minecraft:wooded_badlands]: 
	- iceandfire:silver_ore
	- iceandfire:lightning_dragon_roost
	- iceandfire:lightning_dragon_cave
[16Feb2025 03:35:41.529] [Server thread/DEBUG] [com.github.alexthe666.iceandfire.IceAndFire/]: Added the following features to the biome [minecraft:meadow]: 
	- iceandfire:silver_ore
	- iceandfire:fire_dragon_roost
	- iceandfire:fire_dragon_cave
	- iceandfire:spawn_wandering_cyclops
[16Feb2025 03:35:41.532] [Server thread/DEBUG] [com.github.alexthe666.iceandfire.IceAndFire/]: Added the following features to the biome [minecraft:grove]: 
	- iceandfire:frost_lily
	- iceandfire:silver_ore
	- iceandfire:sapphire_ore
	- iceandfire:ice_dragon_roost
	- iceandfire:ice_dragon_cave
	- iceandfire:spawn_dragon_skeleton_ice
[16Feb2025 03:35:41.534] [Server thread/DEBUG] [com.github.alexthe666.iceandfire.IceAndFire/]: Added the following features to the biome [minecraft:snowy_slopes]: 
	- iceandfire:frost_lily
	- iceandfire:silver_ore
	- iceandfire:sapphire_ore
	- iceandfire:ice_dragon_roost
	- iceandfire:ice_dragon_cave
	- iceandfire:spawn_dragon_skeleton_ice
[16Feb2025 03:35:41.537] [Server thread/DEBUG] [com.github.alexthe666.iceandfire.IceAndFire/]: Added the following features to the biome [minecraft:frozen_peaks]: 
	- iceandfire:frost_lily
	- iceandfire:silver_ore
	- iceandfire:sapphire_ore
	- iceandfire:ice_dragon_roost
	- iceandfire:ice_dragon_cave
	- iceandfire:spawn_dragon_skeleton_ice
[16Feb2025 03:35:41.539] [Server thread/DEBUG] [com.github.alexthe666.iceandfire.IceAndFire/]: Added the following features to the biome [minecraft:jagged_peaks]: 
	- iceandfire:frost_lily
	- iceandfire:silver_ore
	- iceandfire:sapphire_ore
	- iceandfire:ice_dragon_roost
	- iceandfire:ice_dragon_cave
	- iceandfire:spawn_dragon_skeleton_ice
[16Feb2025 03:35:41.541] [Server thread/DEBUG] [com.github.alexthe666.iceandfire.IceAndFire/]: Added the following features to the biome [minecraft:stony_peaks]: 
	- iceandfire:fire_lily
	- iceandfire:silver_ore
	- iceandfire:fire_dragon_roost
	- iceandfire:fire_dragon_cave
[16Feb2025 03:35:41.543] [Server thread/DEBUG] [com.github.alexthe666.iceandfire.IceAndFire/]: Added the following features to the biome [minecraft:river]: 
	- iceandfire:silver_ore
[16Feb2025 03:35:41.545] [Server thread/DEBUG] [com.github.alexthe666.iceandfire.IceAndFire/]: Added the following features to the biome [minecraft:frozen_river]: 
	- iceandfire:frost_lily
	- iceandfire:silver_ore
	- iceandfire:sapphire_ore
	- iceandfire:ice_dragon_roost
	- iceandfire:ice_dragon_cave
	- iceandfire:spawn_dragon_skeleton_ice
[16Feb2025 03:35:41.547] [Server thread/DEBUG] [com.github.alexthe666.iceandfire.IceAndFire/]: Added the following features to the biome [minecraft:beach]: 
	- iceandfire:silver_ore
	- iceandfire:cyclops_cave
[16Feb2025 03:35:41.549] [Server thread/DEBUG] [com.github.alexthe666.iceandfire.IceAndFire/]: Added the following features to the biome [minecraft:snowy_beach]: 
	- iceandfire:frost_lily
	- iceandfire:silver_ore
	- iceandfire:sapphire_ore
	- iceandfire:ice_dragon_roost
	- iceandfire:ice_dragon_cave
	- iceandfire:cyclops_cave
	- iceandfire:spawn_dragon_skeleton_ice
[16Feb2025 03:35:41.550] [Server thread/DEBUG] [com.github.alexthe666.iceandfire.IceAndFire/]: Added the following features to the biome [minecraft:stony_shore]: 
	- iceandfire:silver_ore
[16Feb2025 03:35:41.552] [Server thread/DEBUG] [com.github.alexthe666.iceandfire.IceAndFire/]: Added the following features to the biome [minecraft:warm_ocean]: 
	- iceandfire:fire_lily
	- iceandfire:silver_ore
	- iceandfire:fire_dragon_roost
	- iceandfire:fire_dragon_cave
	- iceandfire:siren_island
	- iceandfire:spawn_hippocampus
	- iceandfire:spawn_sea_serpent
[16Feb2025 03:35:41.554] [Server thread/DEBUG] [com.github.alexthe666.iceandfire.IceAndFire/]: Added the following features to the biome [minecraft:lukewarm_ocean]: 
	- iceandfire:silver_ore
	- iceandfire:siren_island
	- iceandfire:spawn_hippocampus
	- iceandfire:spawn_sea_serpent
[16Feb2025 03:35:41.557] [Server thread/DEBUG] [com.github.alexthe666.iceandfire.IceAndFire/]: Added the following features to the biome [minecraft:deep_lukewarm_ocean]: 
	- iceandfire:silver_ore
	- iceandfire:siren_island
	- iceandfire:spawn_hippocampus
	- iceandfire:spawn_sea_serpent
[16Feb2025 03:35:41.559] [Server thread/DEBUG] [com.github.alexthe666.iceandfire.IceAndFire/]: Added the following features to the biome [minecraft:ocean]: 
	- iceandfire:silver_ore
	- iceandfire:siren_island
	- iceandfire:spawn_hippocampus
	- iceandfire:spawn_sea_serpent
[16Feb2025 03:35:41.561] [Server thread/DEBUG] [com.github.alexthe666.iceandfire.IceAndFire/]: Added the following features to the biome [minecraft:deep_ocean]: 
	- iceandfire:silver_ore
	- iceandfire:siren_island
	- iceandfire:spawn_hippocampus
	- iceandfire:spawn_sea_serpent
[16Feb2025 03:35:41.564] [Server thread/DEBUG] [com.github.alexthe666.iceandfire.IceAndFire/]: Added the following features to the biome [minecraft:cold_ocean]: 
	- iceandfire:silver_ore
	- iceandfire:ice_dragon_roost
	- iceandfire:ice_dragon_cave
	- iceandfire:siren_island
	- iceandfire:spawn_hippocampus
	- iceandfire:spawn_sea_serpent
[16Feb2025 03:35:41.566] [Server thread/DEBUG] [com.github.alexthe666.iceandfire.IceAndFire/]: Added the following features to the biome [minecraft:deep_cold_ocean]: 
	- iceandfire:silver_ore
	- iceandfire:ice_dragon_roost
	- iceandfire:ice_dragon_cave
	- iceandfire:siren_island
	- iceandfire:spawn_hippocampus
	- iceandfire:spawn_sea_serpent
[16Feb2025 03:35:41.569] [Server thread/DEBUG] [com.github.alexthe666.iceandfire.IceAndFire/]: Added the following features to the biome [minecraft:frozen_ocean]: 
	- iceandfire:frost_lily
	- iceandfire:silver_ore
	- iceandfire:sapphire_ore
	- iceandfire:ice_dragon_roost
	- iceandfire:ice_dragon_cave
	- iceandfire:siren_island
	- iceandfire:spawn_dragon_skeleton_ice
	- iceandfire:spawn_hippocampus
	- iceandfire:spawn_sea_serpent
[16Feb2025 03:35:41.571] [Server thread/DEBUG] [com.github.alexthe666.iceandfire.IceAndFire/]: Added the following features to the biome [minecraft:deep_frozen_ocean]: 
	- iceandfire:silver_ore
	- iceandfire:ice_dragon_roost
	- iceandfire:ice_dragon_cave
	- iceandfire:siren_island
	- iceandfire:spawn_hippocampus
	- iceandfire:spawn_sea_serpent
[16Feb2025 03:35:41.573] [Server thread/DEBUG] [com.github.alexthe666.iceandfire.IceAndFire/]: Added the following features to the biome [minecraft:mushroom_fields]: 
	- iceandfire:silver_ore
[16Feb2025 03:35:41.575] [Server thread/DEBUG] [com.github.alexthe666.iceandfire.IceAndFire/]: Added the following features to the biome [minecraft:dripstone_caves]: 
	- iceandfire:silver_ore
[16Feb2025 03:35:41.576] [Server thread/DEBUG] [com.github.alexthe666.iceandfire.IceAndFire/]: Added the following features to the biome [minecraft:lush_caves]: 
	- iceandfire:silver_ore
[16Feb2025 03:35:41.578] [Server thread/DEBUG] [com.github.alexthe666.iceandfire.IceAndFire/]: Added the following features to the biome [minecraft:deep_dark]: 
	- iceandfire:silver_ore
[16Feb2025 03:35:41.596] [Server thread/DEBUG] [com.github.alexthe666.iceandfire.IceAndFire/]: Added the following features to the biome [quark:glimmering_weald]: 
	- iceandfire:silver_ore
	- iceandfire:pixie_village
[16Feb2025 03:35:41.611] [Server thread/DEBUG] [mixin/]: Mixing EnchantBookForEmeraldsMixin from quark.mixins.json into net.minecraft.world.entity.npc.VillagerTrades$EnchantBookForEmeralds
[16Feb2025 03:35:41.626] [Server thread/INFO] [net.minecraft.server.dedicated.DedicatedServer/]: Preparing level "world"
[16Feb2025 03:35:41.643] [Server thread/DEBUG] [mixin/]: Mixing collections.entity_ticking.EntityTickListMixin from canary.mixins.json into net.minecraft.world.level.entity.EntityTickList
[16Feb2025 03:35:41.650] [Server thread/DEBUG] [mixin/]: Mixing world.tick_scheduler.LevelChunkTicksMixin from canary.mixins.json into net.minecraft.world.ticks.LevelChunkTicks
[16Feb2025 03:35:41.651] [Server thread/DEBUG] [mixin/]: Renaming synthetic method lambda$queueTick$0(J)Lcom/abdelaziz/canary/common/world/scheduler/OrderedTickQueue; to mdd1c143$lambda$queueTick$0$0 in canary.mixins.json:world.tick_scheduler.LevelChunkTicksMixin
[16Feb2025 03:35:41.693] [Server thread/DEBUG] [mixin/]: Mixing ai.replace_streams.storage.PersistentEntitySectionManagerMixin from canary.mixins.json into net.minecraft.world.level.entity.PersistentEntitySectionManager
[16Feb2025 03:35:41.693] [Server thread/DEBUG] [mixin/]: Renaming synthetic method lambda$processChunkUnload$0(Lnet/minecraft/world/level/entity/EntityAccess;)V to mdd1c143$lambda$processChunkUnload$0$0 in canary.mixins.json:ai.replace_streams.storage.PersistentEntitySectionManagerMixin
[16Feb2025 03:35:41.699] [Server thread/DEBUG] [mixin/]: Mixing util.accessors.PersistentEntitySectionManagerAccessor from canary.mixins.json into net.minecraft.world.level.entity.PersistentEntitySectionManager
[16Feb2025 03:35:41.706] [Server thread/DEBUG] [mixin/]: Mixing entity.inactive_navigations.EntityCallbacksMixin from canary.mixins.json into net.minecraft.server.level.ServerLevel$EntityCallbacks
[16Feb2025 03:35:41.711] [Server thread/DEBUG] [mixin/]: Mixing entity.fast_retrieval.EntitySectionStorageMixin from canary.mixins.json into net.minecraft.world.level.entity.EntitySectionStorage
[16Feb2025 03:35:41.712] [Server thread/DEBUG] [mixin/]: Mixing util.entity_movement_tracking.EntitySectionStorageMixin from canary.mixins.json into net.minecraft.world.level.entity.EntitySectionStorage
[16Feb2025 03:35:41.715] [Server thread/DEBUG] [mixin/]: Mixing util.entity_section_position.EntitySectionStorageMixin from canary.mixins.json into net.minecraft.world.level.entity.EntitySectionStorage
[16Feb2025 03:35:41.731] [Server thread/DEBUG] [mixin/]: Mixing camera.ChunkMapMixin from securitycraft.mixins.json into net.minecraft.server.level.ChunkMap
[16Feb2025 03:35:41.747] [Server thread/DEBUG] [mixin/]: Mixing chunk.replace_streams.DistanceManagerMixin from canary.mixins.json into net.minecraft.server.level.DistanceManager
[16Feb2025 03:35:41.911] [Server thread/DEBUG] [mixin/]: Mixing ai.poi.PoiManagerMixin from canary.mixins.json into net.minecraft.world.entity.ai.village.poi.PoiManager
[16Feb2025 03:35:41.912] [Server thread/DEBUG] [mixin/]: Renaming synthetic method lambda$withinSphereChunkSectionSorted$6(Lnet/minecraft/core/BlockPos;DLjava/util/ArrayList;Lnet/minecraft/world/entity/ai/village/poi/PoiRecord;)V to mdd1c143$lambda$withinSphereChunkSectionSorted$6$0 in canary.mixins.json:ai.poi.PoiManagerMixin
[16Feb2025 03:35:41.912] [Server thread/DEBUG] [mixin/]: Renaming synthetic method lambda$withinSphereChunkSectionSortedStream$5(Ljava/util/function/Predicate;Lnet/minecraft/world/entity/ai/village/poi/PoiManager$Occupancy;Lnet/minecraft/core/BlockPos;DLjava/util/stream/Stream;)Ljava/util/stream/Stream; to mdd1c143$lambda$withinSphereChunkSectionSortedStream$5$1 in canary.mixins.json:ai.poi.PoiManagerMixin
[16Feb2025 03:35:41.912] [Server thread/DEBUG] [mixin/]: Renaming synthetic method lambda$withinSphereChunkSectionSortedStream$4(Ljava/util/function/Predicate;Lnet/minecraft/world/entity/ai/village/poi/PoiManager$Occupancy;Lnet/minecraft/core/BlockPos;DLnet/minecraft/world/entity/ai/village/poi/PoiSection;)Ljava/util/stream/Stream; to mdd1c143$lambda$withinSphereChunkSectionSortedStream$4$2 in canary.mixins.json:ai.poi.PoiManagerMixin
[16Feb2025 03:35:41.912] [Server thread/DEBUG] [mixin/]: Renaming synthetic method lambda$withinSphereChunkSectionSortedStream$3(Lnet/minecraft/core/BlockPos;DLnet/minecraft/world/entity/ai/village/poi/PoiRecord;)Z to mdd1c143$lambda$withinSphereChunkSectionSortedStream$3$3 in canary.mixins.json:ai.poi.PoiManagerMixin
[16Feb2025 03:35:41.912] [Server thread/DEBUG] [mixin/]: Renaming synthetic method lambda$findNearestForPortalLogic$2(Lnet/minecraft/world/level/border/WorldBorder;Ljava/util/function/Predicate;Lnet/minecraft/world/entity/ai/village/poi/PoiRecord;)Z to mdd1c143$lambda$findNearestForPortalLogic$2$4 in canary.mixins.json:ai.poi.PoiManagerMixin
[16Feb2025 03:35:41.913] [Server thread/DEBUG] [mixin/]: Renaming synthetic method lambda$findClosest$1(Ljava/util/function/Predicate;Lnet/minecraft/world/entity/ai/village/poi/PoiRecord;)Z to mdd1c143$lambda$findClosest$1$5 in canary.mixins.json:ai.poi.PoiManagerMixin
[16Feb2025 03:35:41.913] [Server thread/DEBUG] [mixin/]: Renaming synthetic method lambda$getInChunk$0(Ljava/util/function/Predicate;Lnet/minecraft/world/entity/ai/village/poi/PoiManager$Occupancy;Lnet/minecraft/world/entity/ai/village/poi/PoiSection;)Ljava/util/stream/Stream; to mdd1c143$lambda$getInChunk$0$6 in canary.mixins.json:ai.poi.PoiManagerMixin
[16Feb2025 03:35:41.916] [Server thread/DEBUG] [mixin/]: Mixing ai.poi.fast_portals.PoiManagerMixin from canary.mixins.json into net.minecraft.world.entity.ai.village.poi.PoiManager
[16Feb2025 03:35:41.925] [Server thread/DEBUG] [mixin/]: Mixing ai.poi.SectionStorageMixin from canary.mixins.json into net.minecraft.world.level.chunk.storage.SectionStorage
[16Feb2025 03:35:41.926] [Server thread/DEBUG] [mixin/]: Renaming synthetic method lambda$getInChunkColumn$0(Ljava/util/BitSet;Lit/unimi/dsi/fastutil/longs/Long2ObjectMap;ILnet/minecraft/world/level/LevelHeightAccessor;I)Ljava/util/Iterator; to mdd1c143$lambda$getInChunkColumn$0$0 in canary.mixins.json:ai.poi.SectionStorageMixin
[16Feb2025 03:35:41.933] [Server thread/DEBUG] [mixin/]: Mixing ai.poi.PoiSectionMixin from canary.mixins.json into net.minecraft.world.entity.ai.village.poi.PoiSection
[16Feb2025 03:35:41.933] [Server thread/DEBUG] [mixin/]: Renaming synthetic method lambda$computeIfAbsent$0(Ljava/lang/Object;)Ljava/lang/Object; to mdd1c143$lambda$computeIfAbsent$0$0 in canary.mixins.json:ai.poi.PoiSectionMixin
[16Feb2025 03:35:41.944] [Server thread/DEBUG] [mixin/]: Mixing portal.PortalForcerMixin from securitycraft.mixins.json into net.minecraft.world.level.portal.PortalForcer
[16Feb2025 03:35:41.944] [Server thread/DEBUG] [mixin/]: Mixing ai.poi.fast_portals.PortalForcerMixin from canary.mixins.json into net.minecraft.world.level.portal.PortalForcer
[16Feb2025 03:35:41.944] [Server thread/DEBUG] [mixin/]: Renaming synthetic method lambda$findPortalAround$2(Lnet/minecraft/world/entity/ai/village/poi/PoiRecord;)Lnet/minecraft/BlockUtil$FoundRectangle; to mdd1c143$lambda$findPortalAround$2$0 in canary.mixins.json:ai.poi.fast_portals.PortalForcerMixin
[16Feb2025 03:35:41.945] [Server thread/DEBUG] [mixin/]: Renaming synthetic method lambda$findPortalAround$1(Lnet/minecraft/world/level/block/state/BlockState;Lnet/minecraft/core/BlockPos;)Z to mdd1c143$lambda$findPortalAround$1$1 in canary.mixins.json:ai.poi.fast_portals.PortalForcerMixin
[16Feb2025 03:35:41.945] [Server thread/DEBUG] [mixin/]: Renaming synthetic method lambda$findPortalAround$0(Lnet/minecraft/world/entity/ai/village/poi/PoiRecord;)Z to mdd1c143$lambda$findPortalAround$0$2 in canary.mixins.json:ai.poi.fast_portals.PortalForcerMixin
[16Feb2025 03:35:41.988] [Server thread/DEBUG] [mixin/]: Mixing LevelChunkSectionMixin from antixray.mixins.json into net.minecraft.world.level.chunk.LevelChunkSection
[16Feb2025 03:35:41.988] [Server thread/DEBUG] [mixin/]: antixray.mixins.json:LevelChunkSectionMixin: Class version 61 required is higher than the class version supported by the current version of Mixin (JAVA_16 supports class version 60)
[16Feb2025 03:35:42.003] [Server thread/DEBUG] [mixin/]: Mixing chunk.serialization.PalettedContainerMixin from canary.mixins.json into net.minecraft.world.level.chunk.PalettedContainer
[16Feb2025 03:35:42.004] [Server thread/DEBUG] [mixin/]: Renaming synthetic method lambda$count$2([SI)V to mdd1c143$lambda$count$2$0 in canary.mixins.json:chunk.serialization.PalettedContainerMixin
[16Feb2025 03:35:42.004] [Server thread/DEBUG] [mixin/]: Renaming synthetic method lambda$static$1()[S to mdd1c143$lambda$static$1$1 in canary.mixins.json:chunk.serialization.PalettedContainerMixin
[16Feb2025 03:35:42.004] [Server thread/DEBUG] [mixin/]: Renaming synthetic method lambda$static$0()[S to mdd1c143$lambda$static$0$2 in canary.mixins.json:chunk.serialization.PalettedContainerMixin
[16Feb2025 03:35:42.007] [Server thread/DEBUG] [mixin/]: Mixing PalettedContainerMixin from antixray.mixins.json into net.minecraft.world.level.chunk.PalettedContainer
[16Feb2025 03:35:42.007] [Server thread/DEBUG] [mixin/]: antixray.mixins.json:PalettedContainerMixin: Class version 61 required is higher than the class version supported by the current version of Mixin (JAVA_16 supports class version 60)
[16Feb2025 03:35:42.022] [Server thread/DEBUG] [mixin/]: Mixing chunk.palette.PalettedContainerMixin from canary.mixins.json into net.minecraft.world.level.chunk.PalettedContainer$Strategy
[16Feb2025 03:35:42.025] [Server thread/DEBUG] [mixin/]: Generating mapped inner class net/minecraft/world/level/chunk/PalettedContainer$Strategy$Anonymous$c88d0844877a4c45aea969d1d5b93f82 (originally com/abdelaziz/canary/mixin/chunk/palette/PalettedContainerMixin$1)
[16Feb2025 03:35:42.029] [Server thread/DEBUG] [mixin/]: Generating mapped inner class net/minecraft/world/level/chunk/PalettedContainer$Strategy$Anonymous$9643a8f648c2432b982c5cf8615c78fd (originally com/abdelaziz/canary/mixin/chunk/palette/PalettedContainerMixin$2)
[16Feb2025 03:35:42.036] [Server thread/DEBUG] [mixin/]: Mixing chunk.no_validation.ZeroBitStorageMixin from canary.mixins.json into net.minecraft.util.ZeroBitStorage
[16Feb2025 03:35:42.040] [Server thread/DEBUG] [mixin/]: Mixing chunk.no_validation.SimpleBitStorageMixin from canary.mixins.json into net.minecraft.util.SimpleBitStorage
[16Feb2025 03:35:42.041] [Server thread/DEBUG] [mixin/]: Mixing chunk.serialization.SimpleBitStorageMixin from canary.mixins.json into net.minecraft.util.SimpleBitStorage
[16Feb2025 03:35:42.159] [Server thread/INFO] [net.minecraft.server.MinecraftServer/]: Preparing start region for dimension minecraft:overworld
[16Feb2025 03:35:42.161] [Server thread/DEBUG] [mixin/]: Mixing world.chunk_tickets.SortedArraySetMixin from canary.mixins.json into net.minecraft.util.SortedArraySet
[16Feb2025 03:35:42.174] [Server thread/DEBUG] [mixin/]: Mixing chunk.replace_streams.ChunkHolderMixin from canary.mixins.json into net.minecraft.server.level.ChunkHolder
[16Feb2025 03:35:42.174] [Server thread/DEBUG] [mixin/]: Mixing world.chunk_access.ChunkHolderMixin from canary.mixins.json into net.minecraft.server.level.ChunkHolder
[16Feb2025 03:35:42.177] [Server thread/DEBUG] [net.minecraftforge.coremod.transformer.CoreModBaseTransformer/COREMOD]: Transforming net/minecraft/network/protocol/game/ClientboundSectionBlocksUpdatePacket
[16Feb2025 03:35:42.192] [Server thread/DEBUG] [net.minecraftforge.coremod.transformer.CoreModBaseTransformer/COREMOD]: Transforming net/minecraft/network/protocol/game/ClientboundSectionBlocksUpdatePacket
[16Feb2025 03:35:44.245] [Server thread/DEBUG] [mixin/]: Mixing MixinChunkSerializer from architectury.mixins.json into net.minecraft.world.level.chunk.storage.ChunkSerializer
[16Feb2025 03:35:44.248] [Server thread/DEBUG] [mixin/]: Mixing ChunkSerializerMixin from antixray.mixins.json into net.minecraft.world.level.chunk.storage.ChunkSerializer
[16Feb2025 03:35:44.249] [Server thread/DEBUG] [mixin/]: antixray.mixins.json:ChunkSerializerMixin: Class version 61 required is higher than the class version supported by the current version of Mixin (JAVA_16 supports class version 60)
[16Feb2025 03:35:45.560] [Server thread/DEBUG] [mixin/]: Mixing StructureStartMixin from quark.mixins.json into net.minecraft.world.level.levelgen.structure.StructureStart
[16Feb2025 03:35:46.302] [Server thread/DEBUG] [mixin/]: Mixing StructureTemplateMixin from quark.mixins.json into net.minecraft.world.level.levelgen.structure.templatesystem.StructureTemplate
[16Feb2025 03:35:48.011] [Worker-Main-2/INFO] [net.minecraft.server.level.progress.LoggerChunkProgressListener/]: Preparing spawn area: 0%
[16Feb2025 03:35:48.088] [Worker-Main-2/INFO] [net.minecraft.server.level.progress.LoggerChunkProgressListener/]: Preparing spawn area: 0%
[16Feb2025 03:35:48.090] [Worker-Main-2/INFO] [net.minecraft.server.level.progress.LoggerChunkProgressListener/]: Preparing spawn area: 0%
[16Feb2025 03:35:48.091] [Worker-Main-2/INFO] [net.minecraft.server.level.progress.LoggerChunkProgressListener/]: Preparing spawn area: 0%
[16Feb2025 03:35:48.093] [Worker-Main-2/INFO] [net.minecraft.server.level.progress.LoggerChunkProgressListener/]: Preparing spawn area: 0%
[16Feb2025 03:35:48.096] [Worker-Main-3/INFO] [net.minecraft.server.level.progress.LoggerChunkProgressListener/]: Preparing spawn area: 0%
[16Feb2025 03:35:48.097] [Worker-Main-3/INFO] [net.minecraft.server.level.progress.LoggerChunkProgressListener/]: Preparing spawn area: 0%
[16Feb2025 03:35:48.098] [Worker-Main-3/INFO] [net.minecraft.server.level.progress.LoggerChunkProgressListener/]: Preparing spawn area: 0%
[16Feb2025 03:35:48.098] [Worker-Main-3/INFO] [net.minecraft.server.level.progress.LoggerChunkProgressListener/]: Preparing spawn area: 0%
[16Feb2025 03:35:48.099] [Worker-Main-3/INFO] [net.minecraft.server.level.progress.LoggerChunkProgressListener/]: Preparing spawn area: 0%
[16Feb2025 03:35:48.099] [Worker-Main-3/INFO] [net.minecraft.server.level.progress.LoggerChunkProgressListener/]: Preparing spawn area: 0%
[16Feb2025 03:35:48.100] [Worker-Main-3/INFO] [net.minecraft.server.level.progress.LoggerChunkProgressListener/]: Preparing spawn area: 0%
[16Feb2025 03:35:48.195] [Worker-Main-2/INFO] [net.minecraft.server.level.progress.LoggerChunkProgressListener/]: Preparing spawn area: 0%
[16Feb2025 03:35:48.661] [Worker-Main-3/INFO] [net.minecraft.server.level.progress.LoggerChunkProgressListener/]: Preparing spawn area: 0%
[16Feb2025 03:35:48.896] [Netty Epoll Server IO #1/DEBUG] [mixin/]: Mixing ClientboundLevelChunkWithLightPacketMixin from antixray.mixins.json into net.minecraft.network.protocol.game.ClientboundLevelChunkWithLightPacket
[16Feb2025 03:35:48.897] [Netty Epoll Server IO #1/DEBUG] [mixin/]: antixray.mixins.json:ClientboundLevelChunkWithLightPacketMixin: Class version 61 required is higher than the class version supported by the current version of Mixin (JAVA_16 supports class version 60)
[16Feb2025 03:35:48.938] [Netty Epoll Server IO #1/DEBUG] [net.minecraftforge.coremod.transformer.CoreModBaseTransformer/COREMOD]: Transforming net/minecraft/network/protocol/game/ClientboundSectionBlocksUpdatePacket
[16Feb2025 03:35:48.939] [Netty Epoll Server IO #1/DEBUG] [net.minecraftforge.coremod.transformer.CoreModBaseTransformer/COREMOD]: Transforming net/minecraft/network/protocol/game/ClientboundSectionBlocksUpdatePacket
[16Feb2025 03:35:49.060] [Server thread/DEBUG] [mixin/]: Mixing entity.collisions.unpushable_cramming.EntitySectionMixin from canary.mixins.json into net.minecraft.world.level.entity.EntitySection
[16Feb2025 03:35:49.063] [Server thread/DEBUG] [mixin/]: Mixing util.accessors.EntitySectionAccessor from canary.mixins.json into net.minecraft.world.level.entity.EntitySection
[16Feb2025 03:35:49.063] [Server thread/DEBUG] [mixin/]: Mixing util.entity_movement_tracking.EntitySectionMixin from canary.mixins.json into net.minecraft.world.level.entity.EntitySection
[16Feb2025 03:35:49.065] [Server thread/DEBUG] [mixin/]: Mixing util.entity_section_position.EntitySectionMixin from canary.mixins.json into net.minecraft.world.level.entity.EntitySection
[16Feb2025 03:35:49.106] [Server thread/DEBUG] [mixin/]: Mixing world.block_entity_ticking.sleeping.RebindableTickingBlockEntityWrapperAccessor from canary.mixins.json into net.minecraft.world.level.chunk.LevelChunk$RebindableTickingBlockEntityWrapper
[16Feb2025 03:35:49.108] [Server thread/DEBUG] [mixin/]: Mixing world.block_entity_ticking.world_border.BoundTickingBlockEntityMixin from canary.mixins.json into net.minecraft.world.level.chunk.LevelChunk$BoundTickingBlockEntity
[16Feb2025 03:35:49.123] [Server thread/DEBUG] [mixin/]: Mixing swimming.CombatTrackerMixin from expandability-common.mixins.json into net.minecraft.world.damagesource.CombatTracker
[16Feb2025 03:35:49.126] [Server thread/DEBUG] [mixin/]: Mixing collections.attributes.AttributeMapMixin from canary.mixins.json into net.minecraft.world.entity.ai.attributes.AttributeMap
[16Feb2025 03:35:49.133] [Server thread/DEBUG] [mixin/]: Mixing ai.task.launch.BrainMixin from canary.mixins.json into net.minecraft.world.entity.ai.Brain
[16Feb2025 03:35:49.137] [Server thread/DEBUG] [mixin/]: Mixing ai.task.memory_change_counting.BrainMixin from canary.mixins.json into net.minecraft.world.entity.ai.Brain
[16Feb2025 03:35:49.137] [Server thread/DEBUG] [mixin/]: Mixing collections.brain.BrainMixin from canary.mixins.json into net.minecraft.world.entity.ai.Brain
[16Feb2025 03:35:49.161] [Worker-Main-2/INFO] [net.minecraft.server.level.progress.LoggerChunkProgressListener/]: Preparing spawn area: 7%
[16Feb2025 03:35:49.256] [Netty Epoll Server IO #1/DEBUG] [io.netty.util.Recycler/]: -Dio.netty.recycler.maxCapacityPerThread: 4096
[16Feb2025 03:35:49.256] [Netty Epoll Server IO #1/DEBUG] [io.netty.util.Recycler/]: -Dio.netty.recycler.ratio: 8
[16Feb2025 03:35:49.257] [Netty Epoll Server IO #1/DEBUG] [io.netty.util.Recycler/]: -Dio.netty.recycler.chunkSize: 32
[16Feb2025 03:35:49.257] [Netty Epoll Server IO #1/DEBUG] [io.netty.util.Recycler/]: -Dio.netty.recycler.blocking: false
[16Feb2025 03:35:49.263] [Netty Epoll Server IO #2/DEBUG] [io.netty.buffer.AbstractByteBuf/]: -Dio.netty.buffer.checkAccessible: true
[16Feb2025 03:35:49.263] [Netty Epoll Server IO #2/DEBUG] [io.netty.buffer.AbstractByteBuf/]: -Dio.netty.buffer.checkBounds: true
[16Feb2025 03:35:49.266] [Netty Epoll Server IO #2/DEBUG] [io.netty.util.ResourceLeakDetectorFactory/]: Loaded default ResourceLeakDetector: io.netty.util.ResourceLeakDetector@54ec2bba
[16Feb2025 03:35:49.292] [Netty Epoll Server IO #2/INFO] [net.minecraftforge.server.ServerLifecycleHooks/SERVERHOOKS]: Disconnecting Player (server is still starting): literal{Server is still starting! Please wait before reconnecting.}
[16Feb2025 03:35:49.292] [Netty Epoll Server IO #1/INFO] [net.minecraftforge.server.ServerLifecycleHooks/SERVERHOOKS]: Disconnecting Player (server is still starting): literal{Server is still starting! Please wait before reconnecting.}
[16Feb2025 03:35:49.489] [Server thread/DEBUG] [mixin/]: Mixing ai.pathing.FlyNodeEvaluatorMixin from canary.mixins.json into net.minecraft.world.level.pathfinder.FlyNodeEvaluator
[16Feb2025 03:35:49.661] [Worker-Main-2/INFO] [net.minecraft.server.level.progress.LoggerChunkProgressListener/]: Preparing spawn area: 44%
[16Feb2025 03:35:50.152] [Server thread/INFO] [net.minecraft.server.level.progress.LoggerChunkProgressListener/]: Time elapsed: 7992 ms
[16Feb2025 03:35:50.153] [Server thread/INFO] [net.minecraft.server.dedicated.DedicatedServer/]: Done (8.737s)! For help, type "help"
[16Feb2025 03:35:50.193] [Server thread/DEBUG] [net.minecraftforge.common.ForgeI18n/CORE]: Loading I18N data entries: 10100
[16Feb2025 03:35:50.199] [Server thread/INFO] [net.minecraftforge.server.permission.PermissionAPI/]: Successfully initialized permission handler forge:default_handler
[16Feb2025 03:35:50.199] [Server thread/INFO] [com.becks.uniquedungeons.UniqueDungeons/]: HELLO from server starting
[16Feb2025 03:35:50.209] [Server thread/INFO] [com.github.alexthe666.iceandfire.IceAndFire/]: {iceandfire:fire_dragon_roost=true, iceandfire:fire_lily=true, iceandfire:spawn_dragon_skeleton_fire=true, iceandfire:lightning_dragon_roost=true, iceandfire:spawn_dragon_skeleton_lightning=true, iceandfire:ice_dragon_roost=true, iceandfire:ice_dragon_cave=true, iceandfire:lightning_dragon_cave=true, iceandfire:cyclops_cave=true, iceandfire:spawn_wandering_cyclops=true, iceandfire:spawn_sea_serpent=true, iceandfire:frost_lily=true, iceandfire:hydra_cave=true, iceandfire:lightning_lily=true, iceandfire:pixie_village=true, iceandfire:myrmex_hive_jungle=true, iceandfire:myrmex_hive_desert=true, iceandfire:silver_ore=true, iceandfire:siren_island=true, iceandfire:spawn_dragon_skeleton_ice=true, iceandfire:spawn_stymphalian_bird=true, iceandfire:fire_dragon_cave=true, iceandfire:sapphire_ore=true, iceandfire:spawn_hippocampus=true, iceandfire:spawn_death_worm=true}
[16Feb2025 03:35:50.209] [Server thread/INFO] [com.github.alexthe666.iceandfire.IceAndFire/]: {TROLL_S=true, HIPPOGRYPH=true, AMPHITHERE=true, COCKATRICE=true, TROLL_M=true, DREAD_LICH=true, TROLL_F=true}
[16Feb2025 03:35:50.355] [Server thread/DEBUG] [mixin/]: Mixing chunk.entity_class_groups.ClassInstanceMultiMapMixin from canary.mixins.json into net.minecraft.util.ClassInstanceMultiMap
[16Feb2025 03:35:50.360] [Server thread/DEBUG] [mixin/]: Mixing collections.entity_by_type.ClassInstanceMultiMapMixin from canary.mixins.json into net.minecraft.util.ClassInstanceMultiMap
[16Feb2025 03:35:50.360] [Server thread/DEBUG] [mixin/]: Mixing collections.entity_filtering.ClassInstanceMultiMapMixin from canary.mixins.json into net.minecraft.util.ClassInstanceMultiMap
[16Feb2025 03:35:50.368] [Server thread/DEBUG] [mixin/]: Mixing util.entity_movement_tracking.PersistentEntitySectionManagerMixin from canary.mixins.json into net.minecraft.world.level.entity.PersistentEntitySectionManager$Callback
[16Feb2025 03:35:50.376] [Server thread/DEBUG] [mixin/]: Mixing alloc.entity_tracker.TrackedEntityMixin from canary.mixins.json into net.minecraft.server.level.ChunkMap$TrackedEntity
[16Feb2025 03:35:50.376] [Server thread/DEBUG] [mixin/]: Mixing camera.TrackedEntityMixin from securitycraft.mixins.json into net.minecraft.server.level.ChunkMap$TrackedEntity
[16Feb2025 03:35:50.381] [Server thread/DEBUG] [mixin/]: Mixing ServerEntityMixin from quark.mixins.json into net.minecraft.server.level.ServerEntity
[16Feb2025 03:35:50.467] [Server thread/DEBUG] [mixin/]: Mixing EnchantmentHelperMixin from quark.mixins.json into net.minecraft.world.item.enchantment.EnchantmentHelper
[16Feb2025 03:35:50.762] [Server thread/DEBUG] [mixin/]: Mixing ai.pathing.PathNavigationRegionMixin from canary.mixins.json into net.minecraft.world.level.PathNavigationRegion
[16Feb2025 03:35:50.765] [Server thread/DEBUG] [mixin/]: Mixing util.chunk_access.PathNavigationRegionMixin from canary.mixins.json into net.minecraft.world.level.PathNavigationRegion
[16Feb2025 03:35:50.964] [Server thread/DEBUG] [mixin/]: Mixing cached_hashcode.BlockStatePairKeyMixin from canary.mixins.json into net.minecraft.world.level.block.Block$BlockStatePairKey
[16Feb2025 03:36:07.192] [Netty Epoll Server IO #4/DEBUG] [net.minecraftforge.network.HandshakeHandler/FMLHANDSHAKE]: Starting new modded impl connection. Found 29 messages to dispatch.
[16Feb2025 03:36:07.210] [Server thread/DEBUG] [net.minecraftforge.network.HandshakeHandler/FMLHANDSHAKE]: Sending ticking packet info 'vazkii.quark.base.network.message.structural.S2CLoginFlag' to 'quark:main' sequence 0
[16Feb2025 03:36:07.260] [Server thread/DEBUG] [net.minecraftforge.network.HandshakeHandler/FMLHANDSHAKE]: Sending ticking packet info 'net.minecraftforge.network.HandshakeMessages$S2CModData' to 'fml:handshake' sequence 1
[16Feb2025 03:36:07.310] [Server thread/DEBUG] [net.minecraftforge.network.HandshakeHandler/FMLHANDSHAKE]: Sending ticking packet info 'net.minecraftforge.network.HandshakeMessages$S2CModList' to 'fml:handshake' sequence 2
[16Feb2025 03:36:07.360] [Server thread/DEBUG] [net.minecraftforge.network.HandshakeHandler/FMLHANDSHAKE]: Sending ticking packet info 'Registry minecraft:command_argument_type' to 'fml:handshake' sequence 3
[16Feb2025 03:36:07.383] [Netty Epoll Server IO #4/DEBUG] [net.minecraftforge.network.LoginWrapper/FMLHANDSHAKE]: Recieved login wrapper packet event for channel quark:main with index 0
[16Feb2025 03:36:07.385] [Netty Epoll Server IO #4/DEBUG] [net.minecraftforge.network.HandshakeHandler/FMLHANDSHAKE]: Received client indexed reply 0 of type vazkii.quark.base.network.message.structural.C2SLoginFlag
[16Feb2025 03:36:07.387] [Netty Epoll Server IO #4/DEBUG] [mixin/]: Mixing accessor.AccessorServerGamePacketListenerImpl from quark.mixins.json into net.minecraft.server.network.ServerGamePacketListenerImpl
[16Feb2025 03:36:07.387] [Netty Epoll Server IO #4/DEBUG] [mixin/]: Mixing item.umbrella.ServerGamePacketListenerImplMixin from mixins.artifacts.json into net.minecraft.server.network.ServerGamePacketListenerImpl
[16Feb2025 03:36:07.387] [Netty Epoll Server IO #4/DEBUG] [mixin/]: mixins.artifacts.json:item.umbrella.ServerGamePacketListenerImplMixin: Class version 61 required is higher than the class version supported by the current version of Mixin (JAVA_8 supports class version 52)
[16Feb2025 03:36:07.388] [Netty Epoll Server IO #4/DEBUG] [mixin/]: Mixing swimming.server.ServerGamePacketListenerImplMixin from expandability-common.mixins.json into net.minecraft.server.network.ServerGamePacketListenerImpl
[16Feb2025 03:36:07.410] [Server thread/DEBUG] [net.minecraftforge.network.HandshakeHandler/FMLHANDSHAKE]: Sending ticking packet info 'Registry minecraft:recipe_serializer' to 'fml:handshake' sequence 4
[16Feb2025 03:36:07.460] [Server thread/DEBUG] [net.minecraftforge.network.HandshakeHandler/FMLHANDSHAKE]: Sending ticking packet info 'Registry minecraft:sound_event' to 'fml:handshake' sequence 5
[16Feb2025 03:36:07.510] [Server thread/DEBUG] [net.minecraftforge.network.HandshakeHandler/FMLHANDSHAKE]: Sending ticking packet info 'Registry minecraft:particle_type' to 'fml:handshake' sequence 6
[16Feb2025 03:36:07.536] [Netty Epoll Server IO #4/DEBUG] [net.minecraftforge.network.LoginWrapper/FMLHANDSHAKE]: Recieved login wrapper packet event for channel fml:handshake with index 2
[16Feb2025 03:36:07.538] [Netty Epoll Server IO #4/DEBUG] [net.minecraftforge.network.HandshakeHandler/FMLHANDSHAKE]: Received client indexed reply 2 of type net.minecraftforge.network.HandshakeMessages$C2SModListReply
[16Feb2025 03:36:07.538] [Netty Epoll Server IO #4/DEBUG] [net.minecraftforge.network.HandshakeHandler/FMLHANDSHAKE]: Received client connection with modlist [minecraft, tconstruct, uniquedungeons, treechop, handcrafted, jade, creativecore, jei, epicsamurai, curios, mantle, spartanshields, oculus, xaerominimap, croptopia, xaeroworldmap, citadel, alexsmobs, autoreglib, securitycraft, artifacts, travelersbackpack, canary, mixinextras, antixray, resourcefullib, architectury, deeperdarker, ferritecore, pickupnotifier, iceandfire, puzzleslib, cloth_config, forge, quark, appleskin, expandability, tlskincape, moblassos, playerrevive, geckolib3, embeddium, rubidium, undead_revamp2, corpse]
[16Feb2025 03:36:07.539] [Netty Epoll Server IO #4/DEBUG] [net.minecraftforge.network.NetworkRegistry/NETREGISTRY]: Channel 'corpse:default' : Version test of '1.0.0' from client : ACCEPTED
[16Feb2025 03:36:07.539] [Netty Epoll Server IO #4/DEBUG] [net.minecraftforge.network.NetworkRegistry/NETREGISTRY]: Channel 'architectury:network' : Version test of '1' from client : ACCEPTED
[16Feb2025 03:36:07.539] [Netty Epoll Server IO #4/DEBUG] [net.minecraftforge.network.NetworkRegistry/NETREGISTRY]: Channel 'puzzleslib:play' : Version test of '1' from client : ACCEPTED
[16Feb2025 03:36:07.539] [Netty Epoll Server IO #4/DEBUG] [net.minecraftforge.network.NetworkRegistry/NETREGISTRY]: Channel 'jei:channel' : Version test of '1.0.0' from client : ACCEPTED
[16Feb2025 03:36:07.539] [Netty Epoll Server IO #4/DEBUG] [net.minecraftforge.network.NetworkRegistry/NETREGISTRY]: Channel 'mantle:network' : Version test of '1' from client : ACCEPTED
[16Feb2025 03:36:07.539] [Netty Epoll Server IO #4/DEBUG] [net.minecraftforge.network.NetworkRegistry/NETREGISTRY]: Channel 'minecraft:unregister' : Version test of 'FML3' from client : ACCEPTED
[16Feb2025 03:36:07.539] [Netty Epoll Server IO #4/DEBUG] [net.minecraftforge.network.NetworkRegistry/NETREGISTRY]: Channel 'xaerominimap:main' : Version test of '1.0' from client : ACCEPTED
[16Feb2025 03:36:07.539] [Netty Epoll Server IO #4/DEBUG] [net.minecraftforge.network.NetworkRegistry/NETREGISTRY]: Channel 'citadel:main_channel' : Version test of '1' from client : ACCEPTED
[16Feb2025 03:36:07.540] [Netty Epoll Server IO #4/DEBUG] [net.minecraftforge.network.NetworkRegistry/NETREGISTRY]: Channel 'securitycraft:securitycraft' : Version test of 'v1.9.6.1' from client : ACCEPTED
[16Feb2025 03:36:07.540] [Netty Epoll Server IO #4/DEBUG] [net.minecraftforge.network.NetworkRegistry/NETREGISTRY]: Channel 'iceandfire:main_channel' : Version test of '1' from client : ACCEPTED
[16Feb2025 03:36:07.540] [Netty Epoll Server IO #4/DEBUG] [net.minecraftforge.network.NetworkRegistry/NETREGISTRY]: Channel 'uniquedungeons:network' : Version test of '1.0' from client : ACCEPTED
[16Feb2025 03:36:07.540] [Netty Epoll Server IO #4/DEBUG] [net.minecraftforge.network.NetworkRegistry/NETREGISTRY]: Channel 'moblassos:play' : Version test of '1' from client : ACCEPTED
[16Feb2025 03:36:07.540] [Netty Epoll Server IO #4/DEBUG] [net.minecraftforge.network.NetworkRegistry/NETREGISTRY]: Channel 'travelersbackpack:network' : Version test of 'travelersbackpack:1' from client : ACCEPTED
[16Feb2025 03:36:07.540] [Netty Epoll Server IO #4/DEBUG] [net.minecraftforge.network.NetworkRegistry/NETREGISTRY]: Channel 'curios:main' : Version test of '1' from client : ACCEPTED
[16Feb2025 03:36:07.540] [Netty Epoll Server IO #4/DEBUG] [net.minecraftforge.network.NetworkRegistry/NETREGISTRY]: Channel 'minecraft:treechop-channel' : Version test of '7' from client : ACCEPTED
[16Feb2025 03:36:07.540] [Netty Epoll Server IO #4/DEBUG] [net.minecraftforge.network.NetworkRegistry/NETREGISTRY]: Channel 'tconstruct:network' : Version test of '1' from client : ACCEPTED
[16Feb2025 03:36:07.540] [Netty Epoll Server IO #4/DEBUG] [net.minecraftforge.network.NetworkRegistry/NETREGISTRY]: Channel 'appleskin:sync' : Version test of '1' from client : ACCEPTED
[16Feb2025 03:36:07.540] [Netty Epoll Server IO #4/DEBUG] [net.minecraftforge.network.NetworkRegistry/NETREGISTRY]: Channel 'fml:loginwrapper' : Version test of 'FML3' from client : ACCEPTED
[16Feb2025 03:36:07.540] [Netty Epoll Server IO #4/DEBUG] [net.minecraftforge.network.NetworkRegistry/NETREGISTRY]: Channel 'forge:tier_sorting' : Version test of '1.0' from client : ACCEPTED
[16Feb2025 03:36:07.540] [Netty Epoll Server IO #4/DEBUG] [net.minecraftforge.network.NetworkRegistry/NETREGISTRY]: Channel 'spartanshields:network' : Version test of '1' from client : ACCEPTED
[16Feb2025 03:36:07.540] [Netty Epoll Server IO #4/DEBUG] [net.minecraftforge.network.NetworkRegistry/NETREGISTRY]: Channel 'alexsmobs:main_channel' : Version test of '1' from client : ACCEPTED
[16Feb2025 03:36:07.540] [Netty Epoll Server IO #4/DEBUG] [net.minecraftforge.network.NetworkRegistry/NETREGISTRY]: Channel 'quark:main' : Version test of '2' from client : ACCEPTED
[16Feb2025 03:36:07.540] [Netty Epoll Server IO #4/DEBUG] [net.minecraftforge.network.NetworkRegistry/NETREGISTRY]: Channel 'playerrevive:main' : Version test of '1' from client : ACCEPTED
[16Feb2025 03:36:07.540] [Netty Epoll Server IO #4/DEBUG] [net.minecraftforge.network.NetworkRegistry/NETREGISTRY]: Channel 'fml:play' : Version test of 'FML3' from client : ACCEPTED
[16Feb2025 03:36:07.540] [Netty Epoll Server IO #4/DEBUG] [net.minecraftforge.network.NetworkRegistry/NETREGISTRY]: Channel 'undead_revamp2:undead_revamp2' : Version test of '1' from client : ACCEPTED
[16Feb2025 03:36:07.541] [Netty Epoll Server IO #4/DEBUG] [net.minecraftforge.network.NetworkRegistry/NETREGISTRY]: Channel 'creativecore:main' : Version test of '1' from client : ACCEPTED
[16Feb2025 03:36:07.541] [Netty Epoll Server IO #4/DEBUG] [net.minecraftforge.network.NetworkRegistry/NETREGISTRY]: Channel 'artifacts:main' : Version test of '1' from client : ACCEPTED
[16Feb2025 03:36:07.541] [Netty Epoll Server IO #4/DEBUG] [net.minecraftforge.network.NetworkRegistry/NETREGISTRY]: Channel 'fml:handshake' : Version test of 'FML3' from client : ACCEPTED
[16Feb2025 03:36:07.541] [Netty Epoll Server IO #4/DEBUG] [net.minecraftforge.network.NetworkRegistry/NETREGISTRY]: Channel 'geckolib3:main' : Version test of '0' from client : ACCEPTED
[16Feb2025 03:36:07.541] [Netty Epoll Server IO #4/DEBUG] [net.minecraftforge.network.NetworkRegistry/NETREGISTRY]: Channel 'xaeroworldmap:main' : Version test of '1.0' from client : ACCEPTED
[16Feb2025 03:36:07.541] [Netty Epoll Server IO #4/DEBUG] [net.minecraftforge.network.NetworkRegistry/NETREGISTRY]: Channel 'minecraft:register' : Version test of 'FML3' from client : ACCEPTED
[16Feb2025 03:36:07.541] [Netty Epoll Server IO #4/DEBUG] [net.minecraftforge.network.NetworkRegistry/NETREGISTRY]: Channel 'forge:split' : Version test of '1.1' from client : ACCEPTED
[16Feb2025 03:36:07.541] [Netty Epoll Server IO #4/DEBUG] [net.minecraftforge.network.NetworkRegistry/NETREGISTRY]: Channel 'jade:networking' : Version test of '1' from client : ACCEPTED
[16Feb2025 03:36:07.541] [Netty Epoll Server IO #4/DEBUG] [net.minecraftforge.network.NetworkRegistry/NETREGISTRY]: Accepting channel list from client
[16Feb2025 03:36:07.542] [Netty Epoll Server IO #4/DEBUG] [net.minecraftforge.network.HandshakeHandler/FMLHANDSHAKE]: Accepted client connection mod list
[16Feb2025 03:36:07.560] [Server thread/DEBUG] [net.minecraftforge.network.HandshakeHandler/FMLHANDSHAKE]: Sending ticking packet info 'Registry minecraft:villager_profession' to 'fml:handshake' sequence 7
[16Feb2025 03:36:07.610] [Server thread/DEBUG] [net.minecraftforge.network.HandshakeHandler/FMLHANDSHAKE]: Sending ticking packet info 'Registry minecraft:item' to 'fml:handshake' sequence 8
[16Feb2025 03:36:07.626] [Netty Epoll Server IO #4/DEBUG] [net.minecraftforge.network.LoginWrapper/FMLHANDSHAKE]: Recieved login wrapper packet event for channel fml:handshake with index 3
[16Feb2025 03:36:07.626] [Netty Epoll Server IO #4/DEBUG] [net.minecraftforge.network.HandshakeHandler/FMLHANDSHAKE]: Received client indexed reply 3 of type net.minecraftforge.network.HandshakeMessages$C2SAcknowledge
[16Feb2025 03:36:07.626] [Netty Epoll Server IO #4/DEBUG] [net.minecraftforge.network.HandshakeHandler/FMLHANDSHAKE]: Received acknowledgement from client
[16Feb2025 03:36:07.645] [Netty Epoll Server IO #4/DEBUG] [net.minecraftforge.network.LoginWrapper/FMLHANDSHAKE]: Recieved login wrapper packet event for channel fml:handshake with index 4
[16Feb2025 03:36:07.645] [Netty Epoll Server IO #4/DEBUG] [net.minecraftforge.network.HandshakeHandler/FMLHANDSHAKE]: Received client indexed reply 4 of type net.minecraftforge.network.HandshakeMessages$C2SAcknowledge
[16Feb2025 03:36:07.645] [Netty Epoll Server IO #4/DEBUG] [net.minecraftforge.network.HandshakeHandler/FMLHANDSHAKE]: Received acknowledgement from client
[16Feb2025 03:36:07.660] [Server thread/DEBUG] [net.minecraftforge.network.HandshakeHandler/FMLHANDSHAKE]: Sending ticking packet info 'Registry minecraft:potion' to 'fml:handshake' sequence 9
[16Feb2025 03:36:07.710] [Server thread/DEBUG] [net.minecraftforge.network.HandshakeHandler/FMLHANDSHAKE]: Sending ticking packet info 'Registry minecraft:painting_variant' to 'fml:handshake' sequence 10
[16Feb2025 03:36:07.760] [Server thread/DEBUG] [net.minecraftforge.network.HandshakeHandler/FMLHANDSHAKE]: Sending ticking packet info 'Registry forge:fluid_type' to 'fml:handshake' sequence 11
[16Feb2025 03:36:07.810] [Server thread/DEBUG] [net.minecraftforge.network.HandshakeHandler/FMLHANDSHAKE]: Sending ticking packet info 'Registry minecraft:block_entity_type' to 'fml:handshake' sequence 12
[16Feb2025 03:36:07.860] [Server thread/DEBUG] [net.minecraftforge.network.HandshakeHandler/FMLHANDSHAKE]: Sending ticking packet info 'Registry minecraft:block' to 'fml:handshake' sequence 13
[16Feb2025 03:36:07.910] [Server thread/DEBUG] [net.minecraftforge.network.HandshakeHandler/FMLHANDSHAKE]: Sending ticking packet info 'Registry forge:entity_data_serializers' to 'fml:handshake' sequence 14
[16Feb2025 03:36:07.960] [Netty Epoll Server IO #4/DEBUG] [net.minecraftforge.network.LoginWrapper/FMLHANDSHAKE]: Recieved login wrapper packet event for channel fml:handshake with index 5
[16Feb2025 03:36:07.960] [Server thread/DEBUG] [net.minecraftforge.network.HandshakeHandler/FMLHANDSHAKE]: Sending ticking packet info 'Registry minecraft:mob_effect' to 'fml:handshake' sequence 15
[16Feb2025 03:36:07.960] [Netty Epoll Server IO #4/DEBUG] [net.minecraftforge.network.HandshakeHandler/FMLHANDSHAKE]: Received client indexed reply 5 of type net.minecraftforge.network.HandshakeMessages$C2SAcknowledge
[16Feb2025 03:36:07.960] [Netty Epoll Server IO #4/DEBUG] [net.minecraftforge.network.HandshakeHandler/FMLHANDSHAKE]: Received acknowledgement from client
[16Feb2025 03:36:07.979] [Netty Epoll Server IO #4/DEBUG] [net.minecraftforge.network.LoginWrapper/FMLHANDSHAKE]: Recieved login wrapper packet event for channel fml:handshake with index 6
[16Feb2025 03:36:07.980] [Netty Epoll Server IO #4/DEBUG] [net.minecraftforge.network.HandshakeHandler/FMLHANDSHAKE]: Received client indexed reply 6 of type net.minecraftforge.network.HandshakeMessages$C2SAcknowledge
[16Feb2025 03:36:07.980] [Netty Epoll Server IO #4/DEBUG] [net.minecraftforge.network.HandshakeHandler/FMLHANDSHAKE]: Received acknowledgement from client
[16Feb2025 03:36:07.980] [Netty Epoll Server IO #4/DEBUG] [net.minecraftforge.network.LoginWrapper/FMLHANDSHAKE]: Recieved login wrapper packet event for channel fml:handshake with index 7
[16Feb2025 03:36:07.980] [Netty Epoll Server IO #4/DEBUG] [net.minecraftforge.network.HandshakeHandler/FMLHANDSHAKE]: Received client indexed reply 7 of type net.minecraftforge.network.HandshakeMessages$C2SAcknowledge
[16Feb2025 03:36:07.980] [Netty Epoll Server IO #4/DEBUG] [net.minecraftforge.network.HandshakeHandler/FMLHANDSHAKE]: Received acknowledgement from client
[16Feb2025 03:36:08.010] [Server thread/DEBUG] [net.minecraftforge.network.HandshakeHandler/FMLHANDSHAKE]: Sending ticking packet info 'Registry minecraft:stat_type' to 'fml:handshake' sequence 16
[16Feb2025 03:36:08.060] [Server thread/DEBUG] [net.minecraftforge.network.HandshakeHandler/FMLHANDSHAKE]: Sending ticking packet info 'Registry minecraft:menu' to 'fml:handshake' sequence 17
[16Feb2025 03:36:08.110] [Server thread/DEBUG] [net.minecraftforge.network.HandshakeHandler/FMLHANDSHAKE]: Sending ticking packet info 'Registry minecraft:enchantment' to 'fml:handshake' sequence 18
[16Feb2025 03:36:08.160] [Server thread/DEBUG] [net.minecraftforge.network.HandshakeHandler/FMLHANDSHAKE]: Sending ticking packet info 'Registry minecraft:fluid' to 'fml:handshake' sequence 19
[16Feb2025 03:36:08.193] [Netty Epoll Server IO #4/DEBUG] [net.minecraftforge.network.LoginWrapper/FMLHANDSHAKE]: Recieved login wrapper packet event for channel fml:handshake with index 8
[16Feb2025 03:36:08.193] [Netty Epoll Server IO #4/DEBUG] [net.minecraftforge.network.HandshakeHandler/FMLHANDSHAKE]: Received client indexed reply 8 of type net.minecraftforge.network.HandshakeMessages$C2SAcknowledge
[16Feb2025 03:36:08.193] [Netty Epoll Server IO #4/DEBUG] [net.minecraftforge.network.HandshakeHandler/FMLHANDSHAKE]: Received acknowledgement from client
[16Feb2025 03:36:08.194] [Netty Epoll Server IO #4/DEBUG] [net.minecraftforge.network.LoginWrapper/FMLHANDSHAKE]: Recieved login wrapper packet event for channel fml:handshake with index 9
[16Feb2025 03:36:08.194] [Netty Epoll Server IO #4/DEBUG] [net.minecraftforge.network.HandshakeHandler/FMLHANDSHAKE]: Received client indexed reply 9 of type net.minecraftforge.network.HandshakeMessages$C2SAcknowledge
[16Feb2025 03:36:08.194] [Netty Epoll Server IO #4/DEBUG] [net.minecraftforge.network.HandshakeHandler/FMLHANDSHAKE]: Received acknowledgement from client
[16Feb2025 03:36:08.194] [Netty Epoll Server IO #4/DEBUG] [net.minecraftforge.network.LoginWrapper/FMLHANDSHAKE]: Recieved login wrapper packet event for channel fml:handshake with index 10
[16Feb2025 03:36:08.194] [Netty Epoll Server IO #4/DEBUG] [net.minecraftforge.network.HandshakeHandler/FMLHANDSHAKE]: Received client indexed reply 10 of type net.minecraftforge.network.HandshakeMessages$C2SAcknowledge
[16Feb2025 03:36:08.194] [Netty Epoll Server IO #4/DEBUG] [net.minecraftforge.network.HandshakeHandler/FMLHANDSHAKE]: Received acknowledgement from client
[16Feb2025 03:36:08.194] [Netty Epoll Server IO #4/DEBUG] [net.minecraftforge.network.LoginWrapper/FMLHANDSHAKE]: Recieved login wrapper packet event for channel fml:handshake with index 11
[16Feb2025 03:36:08.194] [Netty Epoll Server IO #4/DEBUG] [net.minecraftforge.network.HandshakeHandler/FMLHANDSHAKE]: Received client indexed reply 11 of type net.minecraftforge.network.HandshakeMessages$C2SAcknowledge
[16Feb2025 03:36:08.194] [Netty Epoll Server IO #4/DEBUG] [net.minecraftforge.network.HandshakeHandler/FMLHANDSHAKE]: Received acknowledgement from client
[16Feb2025 03:36:08.195] [Netty Epoll Server IO #4/DEBUG] [net.minecraftforge.network.LoginWrapper/FMLHANDSHAKE]: Recieved login wrapper packet event for channel fml:handshake with index 12
[16Feb2025 03:36:08.195] [Netty Epoll Server IO #4/DEBUG] [net.minecraftforge.network.HandshakeHandler/FMLHANDSHAKE]: Received client indexed reply 12 of type net.minecraftforge.network.HandshakeMessages$C2SAcknowledge
[16Feb2025 03:36:08.195] [Netty Epoll Server IO #4/DEBUG] [net.minecraftforge.network.HandshakeHandler/FMLHANDSHAKE]: Received acknowledgement from client
[16Feb2025 03:36:08.210] [Server thread/DEBUG] [net.minecraftforge.network.HandshakeHandler/FMLHANDSHAKE]: Sending ticking packet info 'Registry minecraft:entity_type' to 'fml:handshake' sequence 20
[16Feb2025 03:36:08.260] [Server thread/DEBUG] [net.minecraftforge.network.HandshakeHandler/FMLHANDSHAKE]: Sending ticking packet info 'Config securitycraft-server.toml' to 'fml:handshake' sequence 21
[16Feb2025 03:36:08.310] [Server thread/DEBUG] [net.minecraftforge.network.HandshakeHandler/FMLHANDSHAKE]: Sending ticking packet info 'Config curios-server.toml' to 'fml:handshake' sequence 22
[16Feb2025 03:36:08.356] [Netty Epoll Server IO #4/DEBUG] [net.minecraftforge.network.LoginWrapper/FMLHANDSHAKE]: Recieved login wrapper packet event for channel fml:handshake with index 13
[16Feb2025 03:36:08.356] [Netty Epoll Server IO #4/DEBUG] [net.minecraftforge.network.HandshakeHandler/FMLHANDSHAKE]: Received client indexed reply 13 of type net.minecraftforge.network.HandshakeMessages$C2SAcknowledge
[16Feb2025 03:36:08.356] [Netty Epoll Server IO #4/DEBUG] [net.minecraftforge.network.HandshakeHandler/FMLHANDSHAKE]: Received acknowledgement from client
[16Feb2025 03:36:08.356] [Netty Epoll Server IO #4/DEBUG] [net.minecraftforge.network.LoginWrapper/FMLHANDSHAKE]: Recieved login wrapper packet event for channel fml:handshake with index 14
[16Feb2025 03:36:08.356] [Netty Epoll Server IO #4/DEBUG] [net.minecraftforge.network.HandshakeHandler/FMLHANDSHAKE]: Received client indexed reply 14 of type net.minecraftforge.network.HandshakeMessages$C2SAcknowledge
[16Feb2025 03:36:08.356] [Netty Epoll Server IO #4/DEBUG] [net.minecraftforge.network.HandshakeHandler/FMLHANDSHAKE]: Received acknowledgement from client
[16Feb2025 03:36:08.356] [Netty Epoll Server IO #4/DEBUG] [net.minecraftforge.network.LoginWrapper/FMLHANDSHAKE]: Recieved login wrapper packet event for channel fml:handshake with index 15
[16Feb2025 03:36:08.356] [Netty Epoll Server IO #4/DEBUG] [net.minecraftforge.network.HandshakeHandler/FMLHANDSHAKE]: Received client indexed reply 15 of type net.minecraftforge.network.HandshakeMessages$C2SAcknowledge
[16Feb2025 03:36:08.356] [Netty Epoll Server IO #4/DEBUG] [net.minecraftforge.network.HandshakeHandler/FMLHANDSHAKE]: Received acknowledgement from client
[16Feb2025 03:36:08.357] [Netty Epoll Server IO #4/DEBUG] [net.minecraftforge.network.LoginWrapper/FMLHANDSHAKE]: Recieved login wrapper packet event for channel fml:handshake with index 16
[16Feb2025 03:36:08.357] [Netty Epoll Server IO #4/DEBUG] [net.minecraftforge.network.HandshakeHandler/FMLHANDSHAKE]: Received client indexed reply 16 of type net.minecraftforge.network.HandshakeMessages$C2SAcknowledge
[16Feb2025 03:36:08.357] [Netty Epoll Server IO #4/DEBUG] [net.minecraftforge.network.HandshakeHandler/FMLHANDSHAKE]: Received acknowledgement from client
[16Feb2025 03:36:08.357] [Netty Epoll Server IO #4/DEBUG] [net.minecraftforge.network.LoginWrapper/FMLHANDSHAKE]: Recieved login wrapper packet event for channel fml:handshake with index 17
[16Feb2025 03:36:08.357] [Netty Epoll Server IO #4/DEBUG] [net.minecraftforge.network.HandshakeHandler/FMLHANDSHAKE]: Received client indexed reply 17 of type net.minecraftforge.network.HandshakeMessages$C2SAcknowledge
[16Feb2025 03:36:08.357] [Netty Epoll Server IO #4/DEBUG] [net.minecraftforge.network.HandshakeHandler/FMLHANDSHAKE]: Received acknowledgement from client
[16Feb2025 03:36:08.357] [Netty Epoll Server IO #4/DEBUG] [net.minecraftforge.network.LoginWrapper/FMLHANDSHAKE]: Recieved login wrapper packet event for channel fml:handshake with index 18
[16Feb2025 03:36:08.357] [Netty Epoll Server IO #4/DEBUG] [net.minecraftforge.network.HandshakeHandler/FMLHANDSHAKE]: Received client indexed reply 18 of type net.minecraftforge.network.HandshakeMessages$C2SAcknowledge
[16Feb2025 03:36:08.357] [Netty Epoll Server IO #4/DEBUG] [net.minecraftforge.network.HandshakeHandler/FMLHANDSHAKE]: Received acknowledgement from client
[16Feb2025 03:36:08.360] [Server thread/DEBUG] [net.minecraftforge.network.HandshakeHandler/FMLHANDSHAKE]: Sending ticking packet info 'Config artifacts-server.toml' to 'fml:handshake' sequence 23
[16Feb2025 03:36:08.387] [Netty Epoll Server IO #4/DEBUG] [net.minecraftforge.network.LoginWrapper/FMLHANDSHAKE]: Recieved login wrapper packet event for channel fml:handshake with index 19
[16Feb2025 03:36:08.387] [Netty Epoll Server IO #4/DEBUG] [net.minecraftforge.network.HandshakeHandler/FMLHANDSHAKE]: Received client indexed reply 19 of type net.minecraftforge.network.HandshakeMessages$C2SAcknowledge
[16Feb2025 03:36:08.387] [Netty Epoll Server IO #4/DEBUG] [net.minecraftforge.network.HandshakeHandler/FMLHANDSHAKE]: Received acknowledgement from client
[16Feb2025 03:36:08.410] [Server thread/DEBUG] [net.minecraftforge.network.HandshakeHandler/FMLHANDSHAKE]: Sending ticking packet info 'Config mantle-server.toml' to 'fml:handshake' sequence 24
[16Feb2025 03:36:08.460] [Server thread/DEBUG] [net.minecraftforge.network.HandshakeHandler/FMLHANDSHAKE]: Sending ticking packet info 'Config corpse-server.toml' to 'fml:handshake' sequence 25
[16Feb2025 03:36:08.510] [Server thread/DEBUG] [net.minecraftforge.network.HandshakeHandler/FMLHANDSHAKE]: Sending ticking packet info 'Config moblassos-server.toml' to 'fml:handshake' sequence 26
[16Feb2025 03:36:08.560] [Server thread/DEBUG] [net.minecraftforge.network.HandshakeHandler/FMLHANDSHAKE]: Sending ticking packet info 'Config jei-server.toml' to 'fml:handshake' sequence 27
[16Feb2025 03:36:08.610] [Server thread/DEBUG] [net.minecraftforge.network.HandshakeHandler/FMLHANDSHAKE]: Sending ticking packet info 'Config forge-server.toml' to 'fml:handshake' sequence 28
[16Feb2025 03:36:09.828] [Netty Epoll Server IO #4/DEBUG] [net.minecraftforge.network.LoginWrapper/FMLHANDSHAKE]: Recieved login wrapper packet event for channel fml:handshake with index 20
[16Feb2025 03:36:09.829] [Netty Epoll Server IO #4/DEBUG] [net.minecraftforge.network.HandshakeHandler/FMLHANDSHAKE]: Received client indexed reply 20 of type net.minecraftforge.network.HandshakeMessages$C2SAcknowledge
[16Feb2025 03:36:09.829] [Netty Epoll Server IO #4/DEBUG] [net.minecraftforge.network.HandshakeHandler/FMLHANDSHAKE]: Received acknowledgement from client
[16Feb2025 03:36:09.829] [Netty Epoll Server IO #4/DEBUG] [net.minecraftforge.network.LoginWrapper/FMLHANDSHAKE]: Recieved login wrapper packet event for channel fml:handshake with index 21
[16Feb2025 03:36:09.829] [Netty Epoll Server IO #4/DEBUG] [net.minecraftforge.network.HandshakeHandler/FMLHANDSHAKE]: Received client indexed reply 21 of type net.minecraftforge.network.HandshakeMessages$C2SAcknowledge
[16Feb2025 03:36:09.829] [Netty Epoll Server IO #4/DEBUG] [net.minecraftforge.network.HandshakeHandler/FMLHANDSHAKE]: Received acknowledgement from client
[16Feb2025 03:36:09.829] [Netty Epoll Server IO #4/DEBUG] [net.minecraftforge.network.LoginWrapper/FMLHANDSHAKE]: Recieved login wrapper packet event for channel fml:handshake with index 22
[16Feb2025 03:36:09.829] [Netty Epoll Server IO #4/DEBUG] [net.minecraftforge.network.HandshakeHandler/FMLHANDSHAKE]: Received client indexed reply 22 of type net.minecraftforge.network.HandshakeMessages$C2SAcknowledge
[16Feb2025 03:36:09.829] [Netty Epoll Server IO #4/DEBUG] [net.minecraftforge.network.HandshakeHandler/FMLHANDSHAKE]: Received acknowledgement from client
[16Feb2025 03:36:09.871] [Netty Epoll Server IO #4/DEBUG] [net.minecraftforge.network.LoginWrapper/FMLHANDSHAKE]: Recieved login wrapper packet event for channel fml:handshake with index 23
[16Feb2025 03:36:09.871] [Netty Epoll Server IO #4/DEBUG] [net.minecraftforge.network.HandshakeHandler/FMLHANDSHAKE]: Received client indexed reply 23 of type net.minecraftforge.network.HandshakeMessages$C2SAcknowledge
[16Feb2025 03:36:09.871] [Netty Epoll Server IO #4/DEBUG] [net.minecraftforge.network.HandshakeHandler/FMLHANDSHAKE]: Received acknowledgement from client
[16Feb2025 03:36:09.872] [Netty Epoll Server IO #4/DEBUG] [net.minecraftforge.network.LoginWrapper/FMLHANDSHAKE]: Recieved login wrapper packet event for channel fml:handshake with index 24
[16Feb2025 03:36:09.872] [Netty Epoll Server IO #4/DEBUG] [net.minecraftforge.network.HandshakeHandler/FMLHANDSHAKE]: Received client indexed reply 24 of type net.minecraftforge.network.HandshakeMessages$C2SAcknowledge
[16Feb2025 03:36:09.872] [Netty Epoll Server IO #4/DEBUG] [net.minecraftforge.network.HandshakeHandler/FMLHANDSHAKE]: Received acknowledgement from client
[16Feb2025 03:36:09.872] [Netty Epoll Server IO #4/DEBUG] [net.minecraftforge.network.LoginWrapper/FMLHANDSHAKE]: Recieved login wrapper packet event for channel fml:handshake with index 25
[16Feb2025 03:36:09.872] [Netty Epoll Server IO #4/DEBUG] [net.minecraftforge.network.HandshakeHandler/FMLHANDSHAKE]: Received client indexed reply 25 of type net.minecraftforge.network.HandshakeMessages$C2SAcknowledge
[16Feb2025 03:36:09.872] [Netty Epoll Server IO #4/DEBUG] [net.minecraftforge.network.HandshakeHandler/FMLHANDSHAKE]: Received acknowledgement from client
[16Feb2025 03:36:09.872] [Netty Epoll Server IO #4/DEBUG] [net.minecraftforge.network.LoginWrapper/FMLHANDSHAKE]: Recieved login wrapper packet event for channel fml:handshake with index 26
[16Feb2025 03:36:09.872] [Netty Epoll Server IO #4/DEBUG] [net.minecraftforge.network.HandshakeHandler/FMLHANDSHAKE]: Received client indexed reply 26 of type net.minecraftforge.network.HandshakeMessages$C2SAcknowledge
[16Feb2025 03:36:09.872] [Netty Epoll Server IO #4/DEBUG] [net.minecraftforge.network.HandshakeHandler/FMLHANDSHAKE]: Received acknowledgement from client
[16Feb2025 03:36:09.873] [Netty Epoll Server IO #4/DEBUG] [net.minecraftforge.network.LoginWrapper/FMLHANDSHAKE]: Recieved login wrapper packet event for channel fml:handshake with index 27
[16Feb2025 03:36:09.873] [Netty Epoll Server IO #4/DEBUG] [net.minecraftforge.network.HandshakeHandler/FMLHANDSHAKE]: Received client indexed reply 27 of type net.minecraftforge.network.HandshakeMessages$C2SAcknowledge
[16Feb2025 03:36:09.873] [Netty Epoll Server IO #4/DEBUG] [net.minecraftforge.network.HandshakeHandler/FMLHANDSHAKE]: Received acknowledgement from client
[16Feb2025 03:36:09.873] [Netty Epoll Server IO #4/DEBUG] [net.minecraftforge.network.LoginWrapper/FMLHANDSHAKE]: Recieved login wrapper packet event for channel fml:handshake with index 28
[16Feb2025 03:36:09.873] [Netty Epoll Server IO #4/DEBUG] [net.minecraftforge.network.HandshakeHandler/FMLHANDSHAKE]: Received client indexed reply 28 of type net.minecraftforge.network.HandshakeMessages$C2SAcknowledge
[16Feb2025 03:36:09.873] [Netty Epoll Server IO #4/DEBUG] [net.minecraftforge.network.HandshakeHandler/FMLHANDSHAKE]: Received acknowledgement from client
[16Feb2025 03:36:09.910] [Server thread/DEBUG] [net.minecraftforge.network.HandshakeHandler/FMLHANDSHAKE]: Handshake complete!
[16Feb2025 03:36:09.994] [Server thread/DEBUG] [mixin/]: Mixing PlayerAdvancementsMixin from quark.mixins.json into net.minecraft.server.PlayerAdvancements
[16Feb2025 03:36:10.007] [Server thread/INFO] [net.minecraftforge.common.AdvancementLoadFix/]: Using new advancement loading for net.minecraft.server.PlayerAdvancements@188c28ec
[16Feb2025 03:36:10.015] [Server thread/DEBUG] [mixin/]: Mixing MerchantOffersMixin from quark.mixins.json into net.minecraft.world.item.trading.MerchantOffers
[16Feb2025 03:36:10.044] [Server thread/INFO] [net.minecraft.server.players.PlayerList/]: caslu[/127.180.36.108:50933] logged in with entity id 288 at (442.26587152160704, 67.0, -728.6735181259335)
[16Feb2025 03:36:10.060] [Server thread/DEBUG] [net.minecraftforge.network.filters.NetworkFilters/]: Injected net.minecraftforge.network.filters.ForgeConnectionNetworkFilter@5d41e944 into net.minecraft.network.Connection@3a9b4976
[16Feb2025 03:36:10.177] [Server thread/INFO] [net.minecraft.server.MinecraftServer/]: caslu joined the game
[16Feb2025 03:36:10.181] [Server thread/DEBUG] [mixin/]: Mixing ClientboundLevelChunkPacketDataMixin from antixray.mixins.json into net.minecraft.network.protocol.game.ClientboundLevelChunkPacketData
[16Feb2025 03:36:10.181] [Server thread/DEBUG] [mixin/]: antixray.mixins.json:ClientboundLevelChunkPacketDataMixin: Class version 61 required is higher than the class version supported by the current version of Mixin (JAVA_16 supports class version 60)
[16Feb2025 03:36:10.193] [Server thread/DEBUG] [mixin/]: Mixing ConnectionPacketHolderAccessor from antixray.mixins.json into net.minecraft.network.Connection$PacketHolder
[16Feb2025 03:36:10.194] [Server thread/DEBUG] [mixin/]: antixray.mixins.json:ConnectionPacketHolderAccessor: Class version 61 required is higher than the class version supported by the current version of Mixin (JAVA_16 supports class version 60)
[16Feb2025 03:36:10.756] [Server thread/INFO] [Jade/]: Syncing config to caslu (d68c8e9e-394d-37c6-9710-a218d4ba9113)
[16Feb2025 03:36:11.449] [Server thread/DEBUG] [mixin/]: Mixing ai.task.replace_streams.GateBehaviorMixin from canary.mixins.json into net.minecraft.world.entity.ai.behavior.GateBehavior
[16Feb2025 03:36:11.453] [Server thread/DEBUG] [mixin/]: Mixing ai.task.replace_streams.ShufflingListMixin from canary.mixins.json into net.minecraft.world.entity.ai.behavior.ShufflingList
[16Feb2025 03:36:11.457] [Server thread/DEBUG] [mixin/]: Mixing HarvestFarmlandMixin from quark.mixins.json into net.minecraft.world.entity.ai.behavior.HarvestFarmland
[16Feb2025 03:36:11.488] [Server thread/DEBUG] [mixin/]: Mixing ai.poi.tasks.LocateHidingPlaceMixin from canary.mixins.json into net.minecraft.world.entity.ai.behavior.LocateHidingPlace
[16Feb2025 03:36:19.517] [Worker-Main-3/DEBUG] [mixin/]: Mixing gen.chunk_region.WorldGenRegionMixin from canary.mixins.json into net.minecraft.server.level.WorldGenRegion
[16Feb2025 03:36:19.519] [Worker-Main-3/DEBUG] [mixin/]: Mixing WorldGenRegionMixin from iceandfire.mixins.json into net.minecraft.server.level.WorldGenRegion
[16Feb2025 03:36:41.622] [Server thread/INFO] [net.minecraft.server.MinecraftServer/]: The difficulty did not change; it is already set to hard
[16Feb2025 03:37:20.068] [Server thread/INFO] [net.minecraft.server.MinecraftServer/]: Created new objective [Muertes]
[16Feb2025 03:37:26.516] [Server thread/INFO] [net.minecraft.server.MinecraftServer/]: Set display slot sidebar to show objective Muertes
[16Feb2025 03:38:28.418] [Server thread/INFO] [net.minecraft.server.MinecraftServer/]: Made caslu no longer a server operator
[16Feb2025 03:38:39.765] [Server thread/INFO] [net.minecraft.server.MinecraftServer/]: Set the time to 1000
[16Feb2025 03:40:50.212] [Server thread/DEBUG] [net.minecraftforge.common.ForgeHooks/WP]: Gathering id map for writing to world save world
[16Feb2025 03:40:50.232] [Server thread/DEBUG] [net.minecraftforge.common.ForgeHooks/WP]: ID Map collection complete world
[16Feb2025 03:41:08.717] [Server thread/WARN] [net.minecraft.server.level.ServerPlayerGameMode/]: Mismatch in destroy block pos: BlockPos{x=399, y=70, z=-733} BlockPos{x=400, y=68, z=-732}
[16Feb2025 03:41:08.756] [Server thread/WARN] [net.minecraft.server.level.ServerPlayerGameMode/]: Mismatch in destroy block pos: BlockPos{x=399, y=70, z=-733} BlockPos{x=400, y=68, z=-732}
[16Feb2025 03:41:36.266] [Server thread/INFO] [net.minecraft.server.MinecraftServer/]: caslu has made the advancement [An Extra Seedy Place]
[16Feb2025 03:42:39.465] [Server thread/INFO] [net.minecraft.server.MinecraftServer/]: Set the time to 1000
